# Blender 4.3.2
# www.blender.org
mtllib hru0268-tex.mtl
o Text
v 4.009000 0.184000 0.000000
v 4.010118 0.200929 0.000000
v 4.013054 0.217204 0.000000
v 4.017181 0.232806 0.000000
v 4.021875 0.247715 0.000000
v 4.026508 0.261913 0.000000
v 4.030455 0.275379 0.000000
v 4.033089 0.288096 0.000000
v 4.033784 0.300043 0.000000
v 4.031915 0.311202 0.000000
v 4.026855 0.321554 0.000000
v 4.017978 0.331079 0.000000
v 4.004658 0.339758 0.000000
v 4.016730 0.349782 0.000000
v 4.024377 0.360762 0.000000
v 4.028242 0.372562 0.000000
v 4.028968 0.385043 0.000000
v 4.027199 0.398070 0.000000
v 4.023579 0.411504 0.000000
v 4.018750 0.425209 0.000000
v 4.013356 0.439048 0.000000
v 4.008040 0.452884 0.000000
v 4.003447 0.466579 0.000000
v 4.000219 0.479997 0.000000
v 3.999000 0.493000 0.000000
v 3.997241 0.520634 0.000000
v 3.992097 0.546903 0.000000
v 3.983766 0.571609 0.000000
v 3.972445 0.594556 0.000000
v 3.958332 0.615543 0.000000
v 3.941625 0.634375 0.000000
v 3.922523 0.650852 0.000000
v 3.901222 0.664778 0.000000
v 3.877922 0.675953 0.000000
v 3.852820 0.684181 0.000000
v 3.826113 0.689262 0.000000
v 3.798000 0.691000 0.000000
v 3.768890 0.689282 0.000000
v 3.741199 0.684259 0.000000
v 3.715141 0.676125 0.000000
v 3.690926 0.665074 0.000000
v 3.668767 0.651301 0.000000
v 3.648875 0.635000 0.000000
v 3.631463 0.616366 0.000000
v 3.616741 0.595593 0.000000
v 3.604922 0.572875 0.000000
v 3.596218 0.548407 0.000000
v 3.590840 0.522384 0.000000
v 3.589000 0.495000 0.000000
v 3.589620 0.480630 0.000000
v 3.591459 0.466542 0.000000
v 3.594485 0.452766 0.000000
v 3.598667 0.439333 0.000000
v 3.603974 0.426276 0.000000
v 3.610375 0.413625 0.000000
v 3.617839 0.401412 0.000000
v 3.626333 0.389667 0.000000
v 3.635828 0.378422 0.000000
v 3.646292 0.367708 0.000000
v 3.657693 0.357557 0.000000
v 3.670000 0.348000 0.000000
v 3.654437 0.338185 0.000000
v 3.640245 0.327731 0.000000
v 3.627422 0.316625 0.000000
v 3.615963 0.304852 0.000000
v 3.605865 0.292398 0.000000
v 3.597125 0.279250 0.000000
v 3.589739 0.265394 0.000000
v 3.583704 0.250815 0.000000
v 3.579016 0.235500 0.000000
v 3.575671 0.219435 0.000000
v 3.573667 0.202606 0.000000
v 3.573000 0.185000 0.000000
v 3.574961 0.158285 0.000000
v 3.580685 0.132782 0.000000
v 3.589938 0.108703 0.000000
v 3.602482 0.086259 0.000000
v 3.618081 0.065663 0.000000
v 3.636500 0.047125 0.000000
v 3.657502 0.030858 0.000000
v 3.680852 0.017074 0.000000
v 3.706313 0.005984 0.000000
v 3.733648 -0.002199 -0.000000
v 3.762623 -0.007264 -0.000000
v 3.793000 -0.009000 -0.000000
v 3.822879 -0.007284 -0.000000
v 3.851361 -0.002273 -0.000000
v 3.878219 0.005828 0.000000
v 3.903222 0.016815 0.000000
v 3.926142 0.030482 0.000000
v 3.946750 0.046625 0.000000
v 3.964816 0.065039 0.000000
v 3.980111 0.085519 0.000000
v 3.992407 0.107859 0.000000
v 4.001472 0.131857 0.000000
v 4.007080 0.157305 0.000000
v 3.901000 0.495000 0.000000
v 3.900022 0.481439 0.000000
v 3.897171 0.468347 0.000000
v 3.892578 0.455859 0.000000
v 3.886371 0.444111 0.000000
v 3.878677 0.433238 0.000000
v 3.869625 0.423375 0.000000
v 3.859345 0.414658 0.000000
v 3.847963 0.407222 0.000000
v 3.835610 0.401203 0.000000
v 3.822412 0.396736 0.000000
v 3.808500 0.393957 0.000000
v 3.794000 0.393000 0.000000
v 3.779711 0.393977 0.000000
v 3.765935 0.396815 0.000000
v 3.752812 0.401375 0.000000
v 3.740481 0.407519 0.000000
v 3.729081 0.415106 0.000000
v 3.718750 0.424000 0.000000
v 3.709627 0.434060 0.000000
v 3.701852 0.445148 0.000000
v 3.695563 0.457125 0.000000
v 3.690898 0.469852 0.000000
v 3.687998 0.483190 0.000000
v 3.687000 0.497000 0.000000
v 3.687903 0.511802 0.000000
v 3.690560 0.525662 0.000000
v 3.694891 0.538516 0.000000
v 3.700815 0.550296 0.000000
v 3.708253 0.560938 0.000000
v 3.717125 0.570375 0.000000
v 3.727351 0.578541 0.000000
v 3.738852 0.585370 0.000000
v 3.751547 0.590797 0.000000
v 3.765357 0.594755 0.000000
v 3.780201 0.597178 0.000000
v 3.796000 0.598000 0.000000
v 3.810880 0.597100 0.000000
v 3.824959 0.594468 0.000000
v 3.838141 0.590203 0.000000
v 3.850333 0.584407 0.000000
v 3.861443 0.577181 0.000000
v 3.871375 0.568625 0.000000
v 3.880037 0.558840 0.000000
v 3.887333 0.547926 0.000000
v 3.893172 0.535984 0.000000
v 3.897459 0.523116 0.000000
v 3.900099 0.509421 0.000000
v 3.911000 0.192000 0.000000
v 3.910148 0.177901 0.000000
v 3.907598 0.164208 0.000000
v 3.903360 0.151078 0.000000
v 3.897445 0.138667 0.000000
v 3.889863 0.127130 0.000000
v 3.880625 0.116625 0.000000
v 3.869741 0.107307 0.000000
v 3.857222 0.099333 0.000000
v 3.843078 0.092859 0.000000
v 3.827319 0.088042 0.000000
v 3.809957 0.085036 0.000000
v 3.791000 0.084000 0.000000
v 3.773934 0.084922 0.000000
v 3.757806 0.087625 0.000000
v 3.742719 0.092016 0.000000
v 3.728778 0.098000 0.000000
v 3.716087 0.105484 0.000000
v 3.704750 0.114375 0.000000
v 3.694871 0.124578 0.000000
v 3.686555 0.136000 0.000000
v 3.679906 0.148547 0.000000
v 3.675028 0.162125 0.000000
v 3.672024 0.176641 0.000000
v 3.671000 0.192000 0.000000
v 3.671988 0.207569 0.000000
v 3.674898 0.222222 0.000000
v 3.679657 0.235875 0.000000
v 3.686185 0.248444 0.000000
v 3.694409 0.259847 0.000000
v 3.704250 0.270000 0.000000
v 3.715633 0.278819 0.000000
v 3.728482 0.286222 0.000000
v 3.742719 0.292125 0.000000
v 3.758268 0.296444 0.000000
v 3.775054 0.299097 0.000000
v 3.793000 0.300000 0.000000
v 3.809817 0.299059 0.000000
v 3.825699 0.296306 0.000000
v 3.840547 0.291844 0.000000
v 3.854259 0.285778 0.000000
v 3.866736 0.278212 0.000000
v 3.877875 0.269250 0.000000
v 3.887577 0.258997 0.000000
v 3.895741 0.247556 0.000000
v 3.902266 0.235031 0.000000
v 3.907051 0.221528 0.000000
v 3.909996 0.207149 0.000000
v 0.653000 0.682000 0.000000
v 0.555000 0.682000 0.000000
v 0.555000 0.385000 0.000000
v 0.173000 0.385000 0.000000
v 0.173000 0.682000 0.000000
v 0.075000 0.682000 0.000000
v 0.075000 0.000000 0.000000
v 0.173000 0.000000 0.000000
v 0.173000 0.297000 0.000000
v 0.555000 0.297000 0.000000
v 0.555000 0.000000 0.000000
v 0.653000 0.000000 0.000000
v 0.806000 0.682000 0.000000
v 0.806000 0.000000 0.000000
v 0.904000 0.000000 0.000000
v 0.904000 0.296000 0.000000
v 0.945000 0.296000 0.000000
v 0.957346 0.295604 0.000000
v 0.969519 0.294167 0.000000
v 0.981719 0.291313 0.000000
v 0.994148 0.286667 0.000000
v 1.007008 0.279854 0.000000
v 1.020500 0.270500 0.000000
v 1.034825 0.258229 0.000000
v 1.050185 0.242667 0.000000
v 1.066781 0.223437 0.000000
v 1.084815 0.200167 0.000000
v 1.104488 0.172479 0.000000
v 1.126000 0.140000 0.000000
v 1.216000 0.000000 0.000000
v 1.333000 0.000000 0.000000
v 1.321847 0.015411 0.000000
v 1.311793 0.029298 0.000000
v 1.302693 0.041891 0.000000
v 1.294405 0.053420 0.000000
v 1.286782 0.064116 0.000000
v 1.279683 0.074209 0.000000
v 1.272962 0.083929 0.000000
v 1.266476 0.093507 0.000000
v 1.260080 0.103172 0.000000
v 1.253632 0.113156 0.000000
v 1.246987 0.123689 0.000000
v 1.240000 0.135000 0.000000
v 1.227270 0.155792 0.000000
v 1.214991 0.175667 0.000000
v 1.203031 0.194625 0.000000
v 1.191259 0.212667 0.000000
v 1.179543 0.229792 0.000000
v 1.167750 0.246000 0.000000
v 1.155749 0.261292 0.000000
v 1.143407 0.275667 0.000000
v 1.130594 0.289125 0.000000
v 1.117176 0.301667 0.000000
v 1.103022 0.313292 0.000000
v 1.088000 0.324000 0.000000
v 1.105578 0.331869 0.000000
v 1.121792 0.340954 0.000000
v 1.136609 0.351219 0.000000
v 1.150000 0.362630 0.000000
v 1.161932 0.375152 0.000000
v 1.172375 0.388750 0.000000
v 1.181297 0.403390 0.000000
v 1.188667 0.419037 0.000000
v 1.194453 0.435656 0.000000
v 1.198625 0.453213 0.000000
v 1.201151 0.471673 0.000000
v 1.202000 0.491000 0.000000
v 1.200228 0.519546 0.000000
v 1.194991 0.546120 0.000000
v 1.186406 0.570625 0.000000
v 1.174593 0.592963 0.000000
v 1.159668 0.613037 0.000000
v 1.141750 0.630750 0.000000
v 1.120957 0.646005 0.000000
v 1.097407 0.658704 0.000000
v 1.071219 0.668750 0.000000
v 1.042509 0.676046 0.000000
v 1.011397 0.680495 0.000000
v 0.978000 0.682000 0.000000
v 0.904000 0.598000 0.000000
v 0.967000 0.598000 0.000000
v 0.989572 0.597196 0.000000
v 1.009834 0.594815 0.000000
v 1.027858 0.590906 0.000000
v 1.043714 0.585518 0.000000
v 1.057472 0.578700 0.000000
v 1.069204 0.570499 0.000000
v 1.078980 0.560966 0.000000
v 1.086872 0.550147 0.000000
v 1.092948 0.538093 0.000000
v 1.097282 0.524851 0.000000
v 1.099942 0.510471 0.000000
v 1.101000 0.495000 0.000000
v 1.100579 0.480842 0.000000
v 1.098713 0.466986 0.000000
v 1.095250 0.453609 0.000000
v 1.090037 0.440889 0.000000
v 1.082921 0.429002 0.000000
v 1.073750 0.418125 0.000000
v 1.062370 0.408436 0.000000
v 1.048630 0.400111 0.000000
v 1.032375 0.393328 0.000000
v 1.013454 0.388264 0.000000
v 0.991713 0.385095 0.000000
v 0.967000 0.384000 0.000000
v 0.904000 0.384000 0.000000
v 1.981000 0.682000 0.000000
v 1.883000 0.682000 0.000000
v 1.883000 0.285000 0.000000
v 1.882823 0.269292 0.000000
v 1.882246 0.254171 0.000000
v 1.881203 0.239641 0.000000
v 1.879630 0.225704 0.000000
v 1.877459 0.212364 0.000000
v 1.874625 0.199625 0.000000
v 1.871062 0.187490 0.000000
v 1.866704 0.175963 0.000000
v 1.861485 0.165047 0.000000
v 1.855338 0.154745 0.000000
v 1.848199 0.145062 0.000000
v 1.840000 0.136000 0.000000
v 1.831772 0.128406 0.000000
v 1.822593 0.121162 0.000000
v 1.812469 0.114328 0.000000
v 1.801407 0.107963 0.000000
v 1.789416 0.102126 0.000000
v 1.776500 0.096875 0.000000
v 1.762668 0.092270 0.000000
v 1.747926 0.088370 0.000000
v 1.732281 0.085234 0.000000
v 1.715741 0.082921 0.000000
v 1.698311 0.081490 0.000000
v 1.680000 0.081000 0.000000
v 1.665458 0.081396 0.000000
v 1.651333 0.082588 0.000000
v 1.637625 0.084578 0.000000
v 1.624333 0.087370 0.000000
v 1.611458 0.090968 0.000000
v 1.599000 0.095375 0.000000
v 1.586958 0.100594 0.000000
v 1.575333 0.106630 0.000000
v 1.564125 0.113484 0.000000
v 1.553333 0.121162 0.000000
v 1.542958 0.129666 0.000000
v 1.533000 0.139000 0.000000
v 1.525681 0.146796 0.000000
v 1.519199 0.154787 0.000000
v 1.513516 0.163125 0.000000
v 1.508593 0.171963 0.000000
v 1.504392 0.181454 0.000000
v 1.500875 0.191750 0.000000
v 1.498004 0.203005 0.000000
v 1.495741 0.215370 0.000000
v 1.494047 0.229000 0.000000
v 1.492885 0.244046 0.000000
v 1.492215 0.260662 0.000000
v 1.492000 0.279000 0.000000
v 1.492000 0.682000 0.000000
v 1.394000 0.682000 0.000000
v 1.394000 0.258000 0.000000
v 1.396838 0.213674 0.000000
v 1.405037 0.173639 0.000000
v 1.418125 0.137812 0.000000
v 1.435630 0.106111 0.000000
v 1.457079 0.078451 0.000000
v 1.482000 0.054750 0.000000
v 1.509921 0.034924 0.000000
v 1.540370 0.018889 0.000000
v 1.572875 0.006562 0.000000
v 1.606963 -0.002139 -0.000000
v 1.642162 -0.007299 -0.000000
v 1.678000 -0.009000 -0.000000
v 1.726606 -0.006739 -0.000000
v 1.770931 -0.000079 -0.000000
v 1.810984 0.010797 0.000000
v 1.846778 0.025704 0.000000
v 1.878321 0.044458 0.000000
v 1.905625 0.066875 0.000000
v 1.928700 0.092771 0.000000
v 1.947556 0.121963 0.000000
v 1.962203 0.154266 0.000000
v 1.972653 0.189495 0.000000
v 1.978915 0.227468 0.000000
v 1.981000 0.268000 0.000000
v 2.511000 0.341000 0.000000
v 2.509192 0.392001 0.000000
v 2.503870 0.439843 0.000000
v 2.495188 0.484281 0.000000
v 2.483296 0.525074 0.000000
v 2.468350 0.561978 0.000000
v 2.450500 0.594750 0.000000
v 2.429901 0.623147 0.000000
v 2.406704 0.646926 0.000000
v 2.381063 0.665844 0.000000
v 2.353130 0.679658 0.000000
v 2.323058 0.688124 0.000000
v 2.291000 0.691000 0.000000
v 2.258942 0.688124 0.000000
v 2.228871 0.679657 0.000000
v 2.200938 0.665844 0.000000
v 2.175297 0.646926 0.000000
v 2.152100 0.623147 0.000000
v 2.131500 0.594750 0.000000
v 2.113651 0.561978 0.000000
v 2.098704 0.525074 0.000000
v 2.086813 0.484281 0.000000
v 2.078130 0.439843 0.000000
v 2.072808 0.392001 0.000000
v 2.071000 0.341000 0.000000
v 2.072808 0.289999 0.000000
v 2.078130 0.242157 0.000000
v 2.086813 0.197719 0.000000
v 2.098704 0.156926 0.000000
v 2.113651 0.120022 0.000000
v 2.131500 0.087250 0.000000
v 2.152100 0.058853 0.000000
v 2.175296 0.035074 0.000000
v 2.200938 0.016156 0.000000
v 2.228870 0.002343 0.000000
v 2.258942 -0.006124 -0.000000
v 2.291000 -0.009000 -0.000000
v 2.323058 -0.006124 -0.000000
v 2.353130 0.002343 0.000000
v 2.381063 0.016156 0.000000
v 2.406704 0.035074 0.000000
v 2.429900 0.058853 0.000000
v 2.450500 0.087250 0.000000
v 2.468349 0.120022 0.000000
v 2.483296 0.156926 0.000000
v 2.495187 0.197719 0.000000
v 2.503870 0.242157 0.000000
v 2.509192 0.289999 0.000000
v 2.413000 0.341000 0.000000
v 2.412051 0.302332 0.000000
v 2.409241 0.266407 0.000000
v 2.404625 0.233344 0.000000
v 2.398259 0.203259 0.000000
v 2.390199 0.176272 0.000000
v 2.380500 0.152500 0.000000
v 2.369217 0.132061 0.000000
v 2.356407 0.115074 0.000000
v 2.342125 0.101656 0.000000
v 2.326426 0.091926 0.000000
v 2.309365 0.086001 0.000000
v 2.291000 0.084000 0.000000
v 2.272635 0.086001 0.000000
v 2.255574 0.091926 0.000000
v 2.239875 0.101656 0.000000
v 2.225593 0.115074 0.000000
v 2.212782 0.132061 0.000000
v 2.201500 0.152500 0.000000
v 2.191801 0.176272 0.000000
v 2.183741 0.203259 0.000000
v 2.177375 0.233344 0.000000
v 2.172759 0.266407 0.000000
v 2.169949 0.302332 0.000000
v 2.169000 0.341000 0.000000
v 2.169949 0.379668 0.000000
v 2.172760 0.415593 0.000000
v 2.177375 0.448656 0.000000
v 2.183741 0.478741 0.000000
v 2.191801 0.505728 0.000000
v 2.201500 0.529500 0.000000
v 2.212783 0.549939 0.000000
v 2.225593 0.566926 0.000000
v 2.239876 0.580344 0.000000
v 2.255575 0.590074 0.000000
v 2.272635 0.595999 0.000000
v 2.291000 0.598000 0.000000
v 2.309366 0.595999 0.000000
v 2.326426 0.590074 0.000000
v 2.342125 0.580344 0.000000
v 2.356408 0.566926 0.000000
v 2.369218 0.549939 0.000000
v 2.380500 0.529500 0.000000
v 2.390199 0.505728 0.000000
v 2.398260 0.478741 0.000000
v 2.404625 0.448656 0.000000
v 2.409241 0.415593 0.000000
v 2.412051 0.379668 0.000000
v 3.007000 0.093000 0.000000
v 2.746000 0.093000 0.000000
v 2.782102 0.136478 0.000000
v 2.814481 0.176657 0.000000
v 2.843250 0.213906 0.000000
v 2.868519 0.248593 0.000000
v 2.890398 0.281085 0.000000
v 2.909000 0.311750 0.000000
v 2.924435 0.340957 0.000000
v 2.936815 0.369074 0.000000
v 2.946250 0.396469 0.000000
v 2.952852 0.423509 0.000000
v 2.956732 0.450564 0.000000
v 2.958000 0.478000 0.000000
v 2.956257 0.508660 0.000000
v 2.951134 0.537528 0.000000
v 2.942797 0.564438 0.000000
v 2.931407 0.589222 0.000000
v 2.917129 0.611715 0.000000
v 2.900125 0.631750 0.000000
v 2.880558 0.649160 0.000000
v 2.858593 0.663778 0.000000
v 2.834391 0.675438 0.000000
v 2.808116 0.683972 0.000000
v 2.779931 0.689215 0.000000
v 2.750000 0.691000 0.000000
v 2.736329 0.690561 0.000000
v 2.722796 0.689241 0.000000
v 2.709375 0.687031 0.000000
v 2.696037 0.683926 0.000000
v 2.682755 0.679918 0.000000
v 2.669500 0.675000 0.000000
v 2.656245 0.669166 0.000000
v 2.642963 0.662407 0.000000
v 2.629625 0.654719 0.000000
v 2.616204 0.646093 0.000000
v 2.602671 0.636522 0.000000
v 2.589000 0.626000 0.000000
v 2.589000 0.503000 0.000000
v 2.602648 0.519515 0.000000
v 2.616102 0.534120 0.000000
v 2.629375 0.546906 0.000000
v 2.642482 0.557963 0.000000
v 2.655436 0.567381 0.000000
v 2.668250 0.575250 0.000000
v 2.680940 0.581661 0.000000
v 2.693519 0.586704 0.000000
v 2.706000 0.590469 0.000000
v 2.718399 0.593046 0.000000
v 2.730727 0.594527 0.000000
v 2.743000 0.595000 0.000000
v 2.759377 0.593914 0.000000
v 2.774931 0.590727 0.000000
v 2.789547 0.585547 0.000000
v 2.803111 0.578481 0.000000
v 2.815509 0.569638 0.000000
v 2.826625 0.559125 0.000000
v 2.836346 0.547049 0.000000
v 2.844556 0.533518 0.000000
v 2.851141 0.518641 0.000000
v 2.855986 0.502523 0.000000
v 2.858978 0.485274 0.000000
v 2.860000 0.467000 0.000000
v 2.859670 0.453202 0.000000
v 2.858678 0.440206 0.000000
v 2.857023 0.427861 0.000000
v 2.854704 0.416016 0.000000
v 2.851717 0.404517 0.000000
v 2.848062 0.393214 0.000000
v 2.843737 0.381954 0.000000
v 2.838741 0.370587 0.000000
v 2.833070 0.358959 0.000000
v 2.826725 0.346920 0.000000
v 2.819702 0.334318 0.000000
v 2.812000 0.321000 0.000000
v 2.796585 0.295763 0.000000
v 2.779514 0.269685 0.000000
v 2.761047 0.242969 0.000000
v 2.741445 0.215815 0.000000
v 2.720967 0.188425 0.000000
v 2.699875 0.161000 0.000000
v 2.678429 0.133742 0.000000
v 2.656889 0.106852 0.000000
v 2.635516 0.080531 0.000000
v 2.614569 0.054981 0.000000
v 2.594311 0.030404 0.000000
v 2.575000 0.007000 0.000000
v 2.575000 0.000000 0.000000
v 3.007000 0.000000 0.000000
v 3.358000 0.691000 0.000000
v 3.315446 0.660466 0.000000
v 3.276320 0.627977 0.000000
v 3.240672 0.593703 0.000000
v 3.208556 0.557815 0.000000
v 3.180023 0.520482 0.000000
v 3.155125 0.481875 0.000000
v 3.133915 0.442164 0.000000
v 3.116444 0.401519 0.000000
v 3.102766 0.360109 0.000000
v 3.092931 0.318107 0.000000
v 3.086991 0.275680 0.000000
v 3.085000 0.233000 0.000000
v 3.086827 0.197988 0.000000
v 3.092199 0.165074 0.000000
v 3.100953 0.134438 0.000000
v 3.112926 0.106259 0.000000
v 3.127954 0.080720 0.000000
v 3.145875 0.058000 0.000000
v 3.166525 0.038280 0.000000
v 3.189741 0.021741 0.000000
v 3.215359 0.008563 0.000000
v 3.243217 -0.001074 -0.000000
v 3.273152 -0.006988 -0.000000
v 3.305000 -0.009000 -0.000000
v 3.331852 -0.007106 -0.000000
v 3.357736 -0.001597 -0.000000
v 3.382391 0.007266 0.000000
v 3.405556 0.019222 0.000000
v 3.426971 0.034012 0.000000
v 3.446375 0.051375 0.000000
v 3.463509 0.071050 0.000000
v 3.478111 0.092778 0.000000
v 3.489922 0.116297 0.000000
v 3.498681 0.141347 0.000000
v 3.504127 0.167668 0.000000
v 3.506000 0.195000 0.000000
v 3.504323 0.222653 0.000000
v 3.499421 0.248977 0.000000
v 3.491484 0.273766 0.000000
v 3.480704 0.296815 0.000000
v 3.467270 0.317920 0.000000
v 3.451375 0.336875 0.000000
v 3.433209 0.353476 0.000000
v 3.412963 0.367518 0.000000
v 3.390828 0.378797 0.000000
v 3.366996 0.387106 0.000000
v 3.341656 0.392242 0.000000
v 3.315000 0.394000 0.000000
v 3.303957 0.393716 0.000000
v 3.293324 0.392898 0.000000
v 3.283094 0.391594 0.000000
v 3.273259 0.389852 0.000000
v 3.263814 0.387721 0.000000
v 3.254750 0.385250 0.000000
v 3.246061 0.382487 0.000000
v 3.237741 0.379482 0.000000
v 3.229781 0.376281 0.000000
v 3.222176 0.372935 0.000000
v 3.214918 0.369492 0.000000
v 3.208000 0.366000 0.000000
v 3.216161 0.389806 0.000000
v 3.226537 0.413616 0.000000
v 3.238969 0.437266 0.000000
v 3.253296 0.460593 0.000000
v 3.269360 0.483433 0.000000
v 3.287000 0.505625 0.000000
v 3.306057 0.527004 0.000000
v 3.326371 0.547407 0.000000
v 3.347782 0.566672 0.000000
v 3.370130 0.584634 0.000000
v 3.393256 0.601131 0.000000
v 3.417000 0.616000 0.000000
v 3.187000 0.265000 0.000000
v 3.197356 0.271590 0.000000
v 3.207014 0.277389 0.000000
v 3.216110 0.282438 0.000000
v 3.224778 0.286778 0.000000
v 3.233155 0.290451 0.000000
v 3.241375 0.293500 0.000000
v 3.249575 0.295965 0.000000
v 3.257889 0.297889 0.000000
v 3.266453 0.299313 0.000000
v 3.275403 0.300278 0.000000
v 3.284873 0.300826 0.000000
v 3.295000 0.301000 0.000000
v 3.310878 0.300080 0.000000
v 3.325940 0.297389 0.000000
v 3.340078 0.293031 0.000000
v 3.353185 0.287111 0.000000
v 3.365153 0.279733 0.000000
v 3.375875 0.271000 0.000000
v 3.385242 0.261017 0.000000
v 3.393148 0.249889 0.000000
v 3.399484 0.237719 0.000000
v 3.404144 0.224611 0.000000
v 3.407018 0.210670 0.000000
v 3.408000 0.196000 0.000000
v 3.407097 0.179722 0.000000
v 3.404440 0.164440 0.000000
v 3.400110 0.150234 0.000000
v 3.394185 0.137185 0.000000
v 3.386747 0.125372 0.000000
v 3.377875 0.114875 0.000000
v 3.367649 0.105774 0.000000
v 3.356148 0.098148 0.000000
v 3.343453 0.092078 0.000000
v 3.329643 0.087644 0.000000
v 3.314799 0.084924 0.000000
v 3.299000 0.084000 0.000000
v 3.281385 0.085422 0.000000
v 3.264246 0.089630 0.000000
v 3.247891 0.096531 0.000000
v 3.232630 0.106037 0.000000
v 3.218772 0.118057 0.000000
v 3.206625 0.132500 0.000000
v 3.196500 0.149277 0.000000
v 3.188704 0.168296 0.000000
v 3.183547 0.189469 0.000000
v 3.181338 0.212704 0.000000
v 3.182386 0.237911 0.000000
v 4.009000 0.184000 0.322715
v 4.010118 0.200929 0.322715
v 4.013054 0.217204 0.322715
v 4.017181 0.232806 0.322715
v 4.021875 0.247715 0.322715
v 4.026508 0.261913 0.322715
v 4.030455 0.275379 0.322715
v 4.033089 0.288096 0.322715
v 4.033784 0.300043 0.322715
v 4.031915 0.311202 0.322715
v 4.026855 0.321554 0.322715
v 4.017978 0.331079 0.322715
v 4.004658 0.339758 0.322715
v 4.016730 0.349782 0.322715
v 4.024377 0.360762 0.322715
v 4.028242 0.372562 0.322715
v 4.028968 0.385043 0.322715
v 4.027199 0.398070 0.322715
v 4.023579 0.411504 0.322715
v 4.018750 0.425209 0.322715
v 4.013356 0.439048 0.322715
v 4.008040 0.452884 0.322715
v 4.003447 0.466579 0.322715
v 4.000219 0.479997 0.322715
v 3.999000 0.493000 0.322715
v 3.997241 0.520634 0.322715
v 3.992097 0.546903 0.322715
v 3.983766 0.571609 0.322715
v 3.972445 0.594556 0.322715
v 3.958332 0.615543 0.322715
v 3.941625 0.634375 0.322715
v 3.922523 0.650852 0.322715
v 3.901222 0.664778 0.322715
v 3.877922 0.675953 0.322715
v 3.852820 0.684181 0.322715
v 3.826113 0.689262 0.322715
v 3.798000 0.691000 0.322715
v 3.768890 0.689282 0.322715
v 3.741199 0.684259 0.322715
v 3.715141 0.676125 0.322715
v 3.690926 0.665074 0.322715
v 3.668767 0.651301 0.322715
v 3.648875 0.635000 0.322715
v 3.631463 0.616366 0.322715
v 3.616741 0.595593 0.322715
v 3.604922 0.572875 0.322715
v 3.596218 0.548407 0.322715
v 3.590840 0.522384 0.322715
v 3.589000 0.495000 0.322715
v 3.589620 0.480630 0.322715
v 3.591459 0.466542 0.322715
v 3.594485 0.452766 0.322715
v 3.598667 0.439333 0.322715
v 3.603974 0.426276 0.322715
v 3.610375 0.413625 0.322715
v 3.617839 0.401412 0.322715
v 3.626333 0.389667 0.322715
v 3.635828 0.378422 0.322715
v 3.646292 0.367708 0.322715
v 3.657693 0.357557 0.322715
v 3.670000 0.348000 0.322715
v 3.654437 0.338185 0.322715
v 3.640245 0.327731 0.322715
v 3.627422 0.316625 0.322715
v 3.615963 0.304852 0.322715
v 3.605865 0.292398 0.322715
v 3.597125 0.279250 0.322715
v 3.589739 0.265394 0.322715
v 3.583704 0.250815 0.322715
v 3.579016 0.235500 0.322715
v 3.575671 0.219435 0.322715
v 3.573667 0.202606 0.322715
v 3.573000 0.185000 0.322715
v 3.574961 0.158285 0.322715
v 3.580685 0.132782 0.322715
v 3.589938 0.108703 0.322715
v 3.602482 0.086259 0.322715
v 3.618081 0.065663 0.322715
v 3.636500 0.047125 0.322715
v 3.657502 0.030858 0.322715
v 3.680852 0.017074 0.322715
v 3.706313 0.005984 0.322715
v 3.733648 -0.002199 0.322715
v 3.762623 -0.007264 0.322715
v 3.793000 -0.009000 0.322715
v 3.822879 -0.007284 0.322715
v 3.851361 -0.002273 0.322715
v 3.878219 0.005828 0.322715
v 3.903222 0.016815 0.322715
v 3.926142 0.030482 0.322715
v 3.946750 0.046625 0.322715
v 3.964816 0.065039 0.322715
v 3.980111 0.085519 0.322715
v 3.992407 0.107859 0.322715
v 4.001472 0.131856 0.322715
v 4.007080 0.157305 0.322715
v 3.901000 0.495000 0.322715
v 3.900022 0.481439 0.322715
v 3.897171 0.468347 0.322715
v 3.892578 0.455859 0.322715
v 3.886371 0.444111 0.322715
v 3.878677 0.433238 0.322715
v 3.869625 0.423375 0.322715
v 3.859345 0.414658 0.322715
v 3.847963 0.407222 0.322715
v 3.835610 0.401203 0.322715
v 3.822412 0.396736 0.322715
v 3.808500 0.393957 0.322715
v 3.794000 0.393000 0.322715
v 3.779711 0.393977 0.322715
v 3.765935 0.396815 0.322715
v 3.752812 0.401375 0.322715
v 3.740481 0.407519 0.322715
v 3.729081 0.415106 0.322715
v 3.718750 0.424000 0.322715
v 3.709627 0.434060 0.322715
v 3.701852 0.445148 0.322715
v 3.695563 0.457125 0.322715
v 3.690898 0.469852 0.322715
v 3.687998 0.483190 0.322715
v 3.687000 0.497000 0.322715
v 3.687903 0.511802 0.322715
v 3.690560 0.525662 0.322715
v 3.694891 0.538516 0.322715
v 3.700815 0.550296 0.322715
v 3.708253 0.560938 0.322715
v 3.717125 0.570375 0.322715
v 3.727351 0.578541 0.322715
v 3.738852 0.585370 0.322715
v 3.751547 0.590797 0.322715
v 3.765357 0.594755 0.322715
v 3.780201 0.597178 0.322715
v 3.796000 0.598000 0.322715
v 3.810880 0.597100 0.322715
v 3.824959 0.594468 0.322715
v 3.838141 0.590203 0.322715
v 3.850333 0.584407 0.322715
v 3.861443 0.577181 0.322715
v 3.871375 0.568625 0.322715
v 3.880037 0.558840 0.322715
v 3.887333 0.547926 0.322715
v 3.893172 0.535984 0.322715
v 3.897459 0.523116 0.322715
v 3.900099 0.509421 0.322715
v 3.911000 0.192000 0.322715
v 3.910148 0.177901 0.322715
v 3.907598 0.164208 0.322715
v 3.903360 0.151078 0.322715
v 3.897445 0.138667 0.322715
v 3.889863 0.127130 0.322715
v 3.880625 0.116625 0.322715
v 3.869741 0.107307 0.322715
v 3.857222 0.099333 0.322715
v 3.843078 0.092859 0.322715
v 3.827319 0.088042 0.322715
v 3.809957 0.085036 0.322715
v 3.791000 0.084000 0.322715
v 3.773934 0.084922 0.322715
v 3.757806 0.087625 0.322715
v 3.742719 0.092016 0.322715
v 3.728778 0.098000 0.322715
v 3.716087 0.105484 0.322715
v 3.704750 0.114375 0.322715
v 3.694871 0.124578 0.322715
v 3.686555 0.136000 0.322715
v 3.679906 0.148547 0.322715
v 3.675028 0.162125 0.322715
v 3.672024 0.176641 0.322715
v 3.671000 0.192000 0.322715
v 3.671988 0.207569 0.322715
v 3.674898 0.222222 0.322715
v 3.679657 0.235875 0.322715
v 3.686185 0.248444 0.322715
v 3.694409 0.259847 0.322715
v 3.704250 0.270000 0.322715
v 3.715633 0.278819 0.322715
v 3.728482 0.286222 0.322715
v 3.742719 0.292125 0.322715
v 3.758268 0.296444 0.322715
v 3.775054 0.299097 0.322715
v 3.793000 0.300000 0.322715
v 3.809817 0.299059 0.322715
v 3.825699 0.296306 0.322715
v 3.840547 0.291844 0.322715
v 3.854259 0.285778 0.322715
v 3.866736 0.278212 0.322715
v 3.877875 0.269250 0.322715
v 3.887577 0.258997 0.322715
v 3.895741 0.247556 0.322715
v 3.902266 0.235031 0.322715
v 3.907051 0.221528 0.322715
v 3.909996 0.207149 0.322715
v 0.653000 0.682000 0.322715
v 0.555000 0.682000 0.322715
v 0.555000 0.385000 0.322715
v 0.173000 0.385000 0.322715
v 0.173000 0.682000 0.322715
v 0.075000 0.682000 0.322715
v 0.075000 -0.000000 0.322715
v 0.173000 -0.000000 0.322715
v 0.173000 0.297000 0.322715
v 0.555000 0.297000 0.322715
v 0.555000 -0.000000 0.322715
v 0.653000 -0.000000 0.322715
v 0.806000 0.682000 0.322715
v 0.806000 -0.000000 0.322715
v 0.904000 -0.000000 0.322715
v 0.904000 0.296000 0.322715
v 0.945000 0.296000 0.322715
v 0.957346 0.295604 0.322715
v 0.969519 0.294167 0.322715
v 0.981719 0.291313 0.322715
v 0.994148 0.286667 0.322715
v 1.007008 0.279854 0.322715
v 1.020500 0.270500 0.322715
v 1.034825 0.258229 0.322715
v 1.050185 0.242667 0.322715
v 1.066781 0.223437 0.322715
v 1.084815 0.200167 0.322715
v 1.104488 0.172479 0.322715
v 1.126000 0.140000 0.322715
v 1.216000 -0.000000 0.322715
v 1.333000 -0.000000 0.322715
v 1.321847 0.015411 0.322715
v 1.311793 0.029298 0.322715
v 1.302693 0.041891 0.322715
v 1.294405 0.053420 0.322715
v 1.286782 0.064116 0.322715
v 1.279683 0.074209 0.322715
v 1.272962 0.083929 0.322715
v 1.266476 0.093507 0.322715
v 1.260080 0.103172 0.322715
v 1.253632 0.113156 0.322715
v 1.246987 0.123689 0.322715
v 1.240000 0.135000 0.322715
v 1.227270 0.155792 0.322715
v 1.214991 0.175667 0.322715
v 1.203031 0.194625 0.322715
v 1.191259 0.212667 0.322715
v 1.179543 0.229792 0.322715
v 1.167750 0.246000 0.322715
v 1.155749 0.261292 0.322715
v 1.143407 0.275667 0.322715
v 1.130594 0.289125 0.322715
v 1.117176 0.301667 0.322715
v 1.103022 0.313292 0.322715
v 1.088000 0.324000 0.322715
v 1.105578 0.331869 0.322715
v 1.121792 0.340954 0.322715
v 1.136609 0.351219 0.322715
v 1.150000 0.362630 0.322715
v 1.161932 0.375152 0.322715
v 1.172375 0.388750 0.322715
v 1.181297 0.403390 0.322715
v 1.188667 0.419037 0.322715
v 1.194453 0.435656 0.322715
v 1.198625 0.453213 0.322715
v 1.201151 0.471673 0.322715
v 1.202000 0.491000 0.322715
v 1.200228 0.519546 0.322715
v 1.194991 0.546120 0.322715
v 1.186406 0.570625 0.322715
v 1.174593 0.592963 0.322715
v 1.159668 0.613037 0.322715
v 1.141750 0.630750 0.322715
v 1.120957 0.646005 0.322715
v 1.097407 0.658704 0.322715
v 1.071219 0.668750 0.322715
v 1.042509 0.676046 0.322715
v 1.011397 0.680495 0.322715
v 0.978000 0.682000 0.322715
v 0.904000 0.598000 0.322715
v 0.967000 0.598000 0.322715
v 0.989572 0.597196 0.322715
v 1.009834 0.594815 0.322715
v 1.027858 0.590906 0.322715
v 1.043714 0.585518 0.322715
v 1.057472 0.578700 0.322715
v 1.069204 0.570499 0.322715
v 1.078980 0.560966 0.322715
v 1.086872 0.550147 0.322715
v 1.092948 0.538093 0.322715
v 1.097282 0.524851 0.322715
v 1.099942 0.510471 0.322715
v 1.101000 0.495000 0.322715
v 1.100579 0.480842 0.322715
v 1.098713 0.466986 0.322715
v 1.095250 0.453609 0.322715
v 1.090037 0.440889 0.322715
v 1.082921 0.429002 0.322715
v 1.073750 0.418125 0.322715
v 1.062370 0.408436 0.322715
v 1.048630 0.400111 0.322715
v 1.032375 0.393328 0.322715
v 1.013454 0.388264 0.322715
v 0.991713 0.385095 0.322715
v 0.967000 0.384000 0.322715
v 0.904000 0.384000 0.322715
v 1.981000 0.682000 0.322715
v 1.883000 0.682000 0.322715
v 1.883000 0.285000 0.322715
v 1.882823 0.269292 0.322715
v 1.882246 0.254171 0.322715
v 1.881203 0.239641 0.322715
v 1.879630 0.225704 0.322715
v 1.877459 0.212364 0.322715
v 1.874625 0.199625 0.322715
v 1.871062 0.187490 0.322715
v 1.866704 0.175963 0.322715
v 1.861485 0.165047 0.322715
v 1.855338 0.154745 0.322715
v 1.848199 0.145062 0.322715
v 1.840000 0.136000 0.322715
v 1.831772 0.128406 0.322715
v 1.822593 0.121162 0.322715
v 1.812469 0.114328 0.322715
v 1.801407 0.107963 0.322715
v 1.789416 0.102126 0.322715
v 1.776500 0.096875 0.322715
v 1.762668 0.092270 0.322715
v 1.747926 0.088370 0.322715
v 1.732281 0.085234 0.322715
v 1.715741 0.082921 0.322715
v 1.698311 0.081490 0.322715
v 1.680000 0.081000 0.322715
v 1.665458 0.081396 0.322715
v 1.651333 0.082588 0.322715
v 1.637625 0.084578 0.322715
v 1.624333 0.087370 0.322715
v 1.611458 0.090968 0.322715
v 1.599000 0.095375 0.322715
v 1.586958 0.100594 0.322715
v 1.575333 0.106630 0.322715
v 1.564125 0.113484 0.322715
v 1.553333 0.121162 0.322715
v 1.542958 0.129666 0.322715
v 1.533000 0.139000 0.322715
v 1.525681 0.146796 0.322715
v 1.519199 0.154787 0.322715
v 1.513516 0.163125 0.322715
v 1.508593 0.171963 0.322715
v 1.504392 0.181454 0.322715
v 1.500875 0.191750 0.322715
v 1.498004 0.203005 0.322715
v 1.495741 0.215370 0.322715
v 1.494047 0.229000 0.322715
v 1.492885 0.244046 0.322715
v 1.492215 0.260662 0.322715
v 1.492000 0.279000 0.322715
v 1.492000 0.682000 0.322715
v 1.394000 0.682000 0.322715
v 1.394000 0.258000 0.322715
v 1.396838 0.213674 0.322715
v 1.405037 0.173639 0.322715
v 1.418125 0.137812 0.322715
v 1.435630 0.106111 0.322715
v 1.457079 0.078451 0.322715
v 1.482000 0.054750 0.322715
v 1.509921 0.034924 0.322715
v 1.540370 0.018889 0.322715
v 1.572875 0.006562 0.322715
v 1.606963 -0.002139 0.322715
v 1.642162 -0.007299 0.322715
v 1.678000 -0.009000 0.322715
v 1.726606 -0.006739 0.322715
v 1.770931 -0.000079 0.322715
v 1.810984 0.010797 0.322715
v 1.846778 0.025704 0.322715
v 1.878321 0.044458 0.322715
v 1.905625 0.066875 0.322715
v 1.928700 0.092771 0.322715
v 1.947556 0.121963 0.322715
v 1.962203 0.154266 0.322715
v 1.972653 0.189495 0.322715
v 1.978915 0.227468 0.322715
v 1.981000 0.268000 0.322715
v 2.511000 0.341000 0.322715
v 2.509192 0.392001 0.322715
v 2.503870 0.439843 0.322715
v 2.495188 0.484281 0.322715
v 2.483296 0.525074 0.322715
v 2.468350 0.561978 0.322715
v 2.450500 0.594750 0.322715
v 2.429901 0.623147 0.322715
v 2.406704 0.646926 0.322715
v 2.381063 0.665844 0.322715
v 2.353130 0.679658 0.322715
v 2.323058 0.688124 0.322715
v 2.291000 0.691000 0.322715
v 2.258942 0.688124 0.322715
v 2.228871 0.679657 0.322715
v 2.200938 0.665844 0.322715
v 2.175297 0.646926 0.322715
v 2.152100 0.623147 0.322715
v 2.131500 0.594750 0.322715
v 2.113651 0.561978 0.322715
v 2.098704 0.525074 0.322715
v 2.086813 0.484281 0.322715
v 2.078130 0.439843 0.322715
v 2.072808 0.392001 0.322715
v 2.071000 0.341000 0.322715
v 2.072808 0.289999 0.322715
v 2.078130 0.242157 0.322715
v 2.086813 0.197719 0.322715
v 2.098704 0.156926 0.322715
v 2.113651 0.120022 0.322715
v 2.131500 0.087250 0.322715
v 2.152100 0.058853 0.322715
v 2.175296 0.035074 0.322715
v 2.200938 0.016156 0.322715
v 2.228870 0.002343 0.322715
v 2.258942 -0.006124 0.322715
v 2.291000 -0.009000 0.322715
v 2.323058 -0.006124 0.322715
v 2.353130 0.002343 0.322715
v 2.381063 0.016156 0.322715
v 2.406704 0.035074 0.322715
v 2.429900 0.058853 0.322715
v 2.450500 0.087250 0.322715
v 2.468349 0.120022 0.322715
v 2.483296 0.156926 0.322715
v 2.495187 0.197719 0.322715
v 2.503870 0.242157 0.322715
v 2.509192 0.289999 0.322715
v 2.413000 0.341000 0.322715
v 2.412051 0.302332 0.322715
v 2.409241 0.266407 0.322715
v 2.404625 0.233344 0.322715
v 2.398259 0.203259 0.322715
v 2.390199 0.176272 0.322715
v 2.380500 0.152500 0.322715
v 2.369217 0.132061 0.322715
v 2.356407 0.115074 0.322715
v 2.342125 0.101656 0.322715
v 2.326426 0.091926 0.322715
v 2.309365 0.086001 0.322715
v 2.291000 0.084000 0.322715
v 2.272635 0.086001 0.322715
v 2.255574 0.091926 0.322715
v 2.239875 0.101656 0.322715
v 2.225593 0.115074 0.322715
v 2.212782 0.132061 0.322715
v 2.201500 0.152500 0.322715
v 2.191801 0.176272 0.322715
v 2.183741 0.203259 0.322715
v 2.177375 0.233344 0.322715
v 2.172759 0.266407 0.322715
v 2.169949 0.302332 0.322715
v 2.169000 0.341000 0.322715
v 2.169949 0.379668 0.322715
v 2.172760 0.415593 0.322715
v 2.177375 0.448656 0.322715
v 2.183741 0.478741 0.322715
v 2.191801 0.505728 0.322715
v 2.201500 0.529500 0.322715
v 2.212783 0.549939 0.322715
v 2.225593 0.566926 0.322715
v 2.239876 0.580344 0.322715
v 2.255575 0.590074 0.322715
v 2.272635 0.595999 0.322715
v 2.291000 0.598000 0.322715
v 2.309366 0.595999 0.322715
v 2.326426 0.590074 0.322715
v 2.342125 0.580344 0.322715
v 2.356408 0.566926 0.322715
v 2.369218 0.549939 0.322715
v 2.380500 0.529500 0.322715
v 2.390199 0.505728 0.322715
v 2.398260 0.478741 0.322715
v 2.404625 0.448656 0.322715
v 2.409241 0.415593 0.322715
v 2.412051 0.379668 0.322715
v 3.007000 0.093000 0.322715
v 2.746000 0.093000 0.322715
v 2.782102 0.136478 0.322715
v 2.814481 0.176657 0.322715
v 2.843250 0.213906 0.322715
v 2.868519 0.248593 0.322715
v 2.890398 0.281085 0.322715
v 2.909000 0.311750 0.322715
v 2.924435 0.340957 0.322715
v 2.936815 0.369074 0.322715
v 2.946250 0.396469 0.322715
v 2.952852 0.423509 0.322715
v 2.956732 0.450564 0.322715
v 2.958000 0.478000 0.322715
v 2.956257 0.508660 0.322715
v 2.951134 0.537528 0.322715
v 2.942797 0.564438 0.322715
v 2.931407 0.589222 0.322715
v 2.917129 0.611715 0.322715
v 2.900125 0.631750 0.322715
v 2.880558 0.649160 0.322715
v 2.858593 0.663778 0.322715
v 2.834391 0.675438 0.322715
v 2.808116 0.683972 0.322715
v 2.779931 0.689215 0.322715
v 2.750000 0.691000 0.322715
v 2.736329 0.690561 0.322715
v 2.722796 0.689241 0.322715
v 2.709375 0.687031 0.322715
v 2.696037 0.683926 0.322715
v 2.682755 0.679918 0.322715
v 2.669500 0.675000 0.322715
v 2.656245 0.669166 0.322715
v 2.642963 0.662407 0.322715
v 2.629625 0.654719 0.322715
v 2.616204 0.646093 0.322715
v 2.602671 0.636522 0.322715
v 2.589000 0.626000 0.322715
v 2.589000 0.503000 0.322715
v 2.602648 0.519515 0.322715
v 2.616102 0.534120 0.322715
v 2.629375 0.546906 0.322715
v 2.642482 0.557963 0.322715
v 2.655436 0.567381 0.322715
v 2.668250 0.575250 0.322715
v 2.680940 0.581661 0.322715
v 2.693519 0.586704 0.322715
v 2.706000 0.590469 0.322715
v 2.718399 0.593046 0.322715
v 2.730727 0.594527 0.322715
v 2.743000 0.595000 0.322715
v 2.759377 0.593914 0.322715
v 2.774931 0.590727 0.322715
v 2.789547 0.585547 0.322715
v 2.803111 0.578481 0.322715
v 2.815509 0.569638 0.322715
v 2.826625 0.559125 0.322715
v 2.836346 0.547049 0.322715
v 2.844556 0.533518 0.322715
v 2.851141 0.518641 0.322715
v 2.855986 0.502523 0.322715
v 2.858978 0.485274 0.322715
v 2.860000 0.467000 0.322715
v 2.859670 0.453202 0.322715
v 2.858678 0.440206 0.322715
v 2.857023 0.427861 0.322715
v 2.854704 0.416016 0.322715
v 2.851717 0.404517 0.322715
v 2.848062 0.393214 0.322715
v 2.843737 0.381954 0.322715
v 2.838741 0.370587 0.322715
v 2.833070 0.358959 0.322715
v 2.826725 0.346920 0.322715
v 2.819702 0.334318 0.322715
v 2.812000 0.321000 0.322715
v 2.796585 0.295763 0.322715
v 2.779514 0.269685 0.322715
v 2.761047 0.242969 0.322715
v 2.741445 0.215815 0.322715
v 2.720967 0.188425 0.322715
v 2.699875 0.161000 0.322715
v 2.678429 0.133742 0.322715
v 2.656889 0.106852 0.322715
v 2.635516 0.080531 0.322715
v 2.614569 0.054981 0.322715
v 2.594311 0.030404 0.322715
v 2.575000 0.007000 0.322715
v 2.575000 -0.000000 0.322715
v 3.007000 -0.000000 0.322715
v 3.358000 0.691000 0.322715
v 3.315446 0.660466 0.322715
v 3.276320 0.627977 0.322715
v 3.240672 0.593703 0.322715
v 3.208556 0.557815 0.322715
v 3.180023 0.520482 0.322715
v 3.155125 0.481875 0.322715
v 3.133915 0.442164 0.322715
v 3.116444 0.401519 0.322715
v 3.102766 0.360109 0.322715
v 3.092931 0.318107 0.322715
v 3.086991 0.275680 0.322715
v 3.085000 0.233000 0.322715
v 3.086827 0.197988 0.322715
v 3.092199 0.165074 0.322715
v 3.100953 0.134437 0.322715
v 3.112926 0.106259 0.322715
v 3.127954 0.080720 0.322715
v 3.145875 0.058000 0.322715
v 3.166525 0.038280 0.322715
v 3.189741 0.021741 0.322715
v 3.215359 0.008563 0.322715
v 3.243217 -0.001074 0.322715
v 3.273152 -0.006988 0.322715
v 3.305000 -0.009000 0.322715
v 3.331852 -0.007106 0.322715
v 3.357736 -0.001597 0.322715
v 3.382391 0.007266 0.322715
v 3.405556 0.019222 0.322715
v 3.426971 0.034012 0.322715
v 3.446375 0.051375 0.322715
v 3.463509 0.071050 0.322715
v 3.478111 0.092778 0.322715
v 3.489922 0.116297 0.322715
v 3.498681 0.141347 0.322715
v 3.504127 0.167668 0.322715
v 3.506000 0.195000 0.322715
v 3.504323 0.222653 0.322715
v 3.499421 0.248977 0.322715
v 3.491484 0.273766 0.322715
v 3.480704 0.296815 0.322715
v 3.467270 0.317920 0.322715
v 3.451375 0.336875 0.322715
v 3.433209 0.353476 0.322715
v 3.412963 0.367518 0.322715
v 3.390828 0.378797 0.322715
v 3.366996 0.387106 0.322715
v 3.341656 0.392242 0.322715
v 3.315000 0.394000 0.322715
v 3.303957 0.393716 0.322715
v 3.293324 0.392898 0.322715
v 3.283094 0.391594 0.322715
v 3.273259 0.389852 0.322715
v 3.263814 0.387721 0.322715
v 3.254750 0.385250 0.322715
v 3.246061 0.382487 0.322715
v 3.237741 0.379482 0.322715
v 3.229781 0.376281 0.322715
v 3.222176 0.372935 0.322715
v 3.214918 0.369492 0.322715
v 3.208000 0.366000 0.322715
v 3.216161 0.389806 0.322715
v 3.226537 0.413616 0.322715
v 3.238969 0.437266 0.322715
v 3.253296 0.460593 0.322715
v 3.269360 0.483433 0.322715
v 3.287000 0.505625 0.322715
v 3.306057 0.527004 0.322715
v 3.326371 0.547407 0.322715
v 3.347782 0.566672 0.322715
v 3.370130 0.584634 0.322715
v 3.393256 0.601131 0.322715
v 3.417000 0.616000 0.322715
v 3.187000 0.265000 0.322715
v 3.197356 0.271590 0.322715
v 3.207014 0.277389 0.322715
v 3.216110 0.282438 0.322715
v 3.224778 0.286778 0.322715
v 3.233155 0.290451 0.322715
v 3.241375 0.293500 0.322715
v 3.249575 0.295965 0.322715
v 3.257889 0.297889 0.322715
v 3.266453 0.299313 0.322715
v 3.275403 0.300278 0.322715
v 3.284873 0.300826 0.322715
v 3.295000 0.301000 0.322715
v 3.310878 0.300080 0.322715
v 3.325940 0.297389 0.322715
v 3.340078 0.293031 0.322715
v 3.353185 0.287111 0.322715
v 3.365153 0.279733 0.322715
v 3.375875 0.271000 0.322715
v 3.385242 0.261017 0.322715
v 3.393148 0.249889 0.322715
v 3.399484 0.237719 0.322715
v 3.404144 0.224611 0.322715
v 3.407018 0.210670 0.322715
v 3.408000 0.196000 0.322715
v 3.407097 0.179722 0.322715
v 3.404440 0.164440 0.322715
v 3.400110 0.150234 0.322715
v 3.394185 0.137185 0.322715
v 3.386747 0.125372 0.322715
v 3.377875 0.114875 0.322715
v 3.367649 0.105774 0.322715
v 3.356148 0.098148 0.322715
v 3.343453 0.092078 0.322715
v 3.329643 0.087644 0.322715
v 3.314799 0.084924 0.322715
v 3.299000 0.084000 0.322715
v 3.281385 0.085422 0.322715
v 3.264246 0.089630 0.322715
v 3.247891 0.096531 0.322715
v 3.232630 0.106037 0.322715
v 3.218772 0.118057 0.322715
v 3.206625 0.132500 0.322715
v 3.196500 0.149277 0.322715
v 3.188704 0.168296 0.322715
v 3.183547 0.189469 0.322715
v 3.181338 0.212704 0.322715
v 3.182386 0.237911 0.322715
vn -0.0000 -0.0000 -1.0000
vn -0.0000 -0.0000 1.0000
vn 0.9978 0.0665 -0.0000
vn -0.9819 -0.1893 -0.0000
vn 0.0450 0.9990 -0.0000
vn 0.9984 0.0568 -0.0000
vn 0.9904 -0.1383 -0.0000
vn -0.9982 0.0603 -0.0000
vn 0.9970 0.0770 -0.0000
vn 0.5148 -0.8573 -0.0000
vn -0.9853 -0.1709 -0.0000
vn -0.9904 -0.1383 -0.0000
vn -0.9937 0.1122 -0.0000
vn -0.9978 0.0670 -0.0000
vn 0.1416 0.9899 -0.0000
vn -0.9989 0.0466 -0.0000
vn -0.9973 -0.0732 -0.0000
vn -0.9984 -0.0559 -0.0000
vn -0.9939 0.1106 -0.0000
vn 0.2463 0.9692 -0.0000
vn 0.9924 0.1233 -0.0000
vn 0.9980 0.0635 -0.0000
vn 0.9524 0.3049 -0.0000
vn 0.9974 -0.0717 -0.0000
vn 0.3582 0.9337 -0.0000
vn 0.9989 -0.0462 -0.0000
vn 0.9939 0.1106 -0.0000
vn -0.9831 0.1831 -0.0000
vn 0.9867 -0.1627 -0.0000
vn 0.9981 -0.0609 -0.0000
vn 0.5369 -0.8437 -0.0000
vn -0.9997 0.0239 -0.0000
vn -0.9870 0.1606 -0.0000
vn -0.9981 -0.0624 -0.0000
vn 0.4746 0.8802 -0.0000
vn -0.7292 -0.6843 -0.0000
vn 0.9970 -0.0780 -0.0000
vn -0.9971 0.0761 -0.0000
vn -0.9970 -0.0780 -0.0000
vn 0.9793 0.2026 -0.0000
vn 0.5915 0.8063 -0.0000
vn -0.9517 0.3072 -0.0000
vn 0.9837 0.1800 -0.0000
vn 0.9974 0.0721 -0.0000
vn 0.9858 -0.1679 -0.0000
vn -0.9994 0.0354 -0.0000
vn -0.9797 -0.2006 -0.0000
vn -0.9991 -0.0431 -0.0000
vn 0.7030 0.7112 -0.0000
vn -0.8152 -0.5791 -0.0000
vn 0.9899 -0.1419 -0.0000
vn -0.0000 -1.0000 -0.0000
vn -0.9911 0.1329 -0.0000
vn 0.9411 0.3381 -0.0000
vn -0.9761 0.2172 -0.0000
vn -0.9974 0.0720 -0.0000
vn -0.8870 -0.4618 -0.0000
vn 0.9994 0.0354 -0.0000
vn -0.9757 -0.2190 -0.0000
vn -0.9814 0.1922 -0.0000
vn 0.8025 0.5966 -0.0000
vn 0.9997 -0.0245 -0.0000
vn 0.9690 0.2472 -0.0000
vn 0.9956 0.0934 -0.0000
vn 0.9831 0.1831 -0.0000
vn -0.9997 -0.0245 -0.0000
vn 0.9766 -0.2152 -0.0000
vn -0.9595 0.2817 -0.0000
vn 1.0000 -0.0000 -0.0000
vn 0.9715 -0.2372 -0.0000
vn -0.9027 0.4302 -0.0000
vn 0.9772 0.2125 -0.0000
vn -0.0356 -0.9994 -0.0000
vn 0.9991 -0.0416 -0.0000
vn -0.9679 0.2514 -0.0000
vn -0.9994 -0.0354 -0.0000
vn -0.9771 0.2127 -0.0000
vn -0.9422 -0.3349 -0.0000
vn 0.9463 0.3232 -0.0000
vn -0.1167 -0.9932 -0.0000
vn -0.9515 0.3077 -0.0000
vn 0.8836 0.4683 -0.0000
vn -0.9916 -0.1294 -0.0000
vn -0.9986 -0.0521 -0.0000
vn 0.9997 0.0245 -0.0000
vn -0.8357 0.5492 -0.0000
vn 0.9587 -0.2844 -0.0000
vn -0.2119 -0.9773 -0.0000
vn -0.9997 0.0245 -0.0000
vn -0.9354 0.3536 -0.0000
vn -0.9794 -0.2019 -0.0000
vn 0.9455 -0.3256 -0.0000
vn 0.9723 0.2339 -0.0000
vn -0.9335 0.3586 -0.0000
vn 0.8084 0.5886 -0.0000
vn 0.8840 0.4675 -0.0000
vn 0.9994 -0.0354 -0.0000
vn -0.9335 -0.3587 -0.0000
vn 0.9144 0.4047 -0.0000
vn 0.9389 0.3441 -0.0000
vn -0.3217 -0.9468 -0.0000
vn 0.9982 0.0605 -0.0000
vn -0.9155 0.4024 -0.0000
vn -0.9022 0.4314 -0.0000
vn -0.9385 0.3452 -0.0000
vn 0.9970 0.0780 -0.0000
vn -0.4440 -0.8960 -0.0000
vn 0.9955 0.0946 -0.0000
vn -0.8988 0.4383 -0.0000
vn -0.9970 0.0780 -0.0000
vn 0.9355 -0.3534 -0.0000
vn -0.9393 -0.3431 -0.0000
vn -0.9978 -0.0668 -0.0000
vn -0.7510 0.6603 -0.0000
vn 0.9481 0.3180 -0.0000
vn -0.5729 -0.8196 -0.0000
vn -0.9939 -0.1106 -0.0000
vn -0.9767 -0.2145 -0.0000
vn -0.9869 -0.1611 -0.0000
vn 0.9152 -0.4030 -0.0000
vn 0.8736 0.4866 -0.0000
vn -0.8846 0.4663 -0.0000
vn 0.7184 0.6956 -0.0000
vn -0.8588 0.5124 -0.0000
vn 0.9438 0.3306 -0.0000
vn -0.9985 0.0554 -0.0000
vn 0.9939 -0.1106 -0.0000
vn -0.6503 0.7596 -0.0000
vn 0.8854 0.4649 -0.0000
vn -0.6982 -0.7159 -0.0000
vn -0.8735 0.4868 -0.0000
vn -0.8842 0.4672 -0.0000
vn 0.9904 0.1383 -0.0000
vn 0.8263 0.5632 -0.0000
vn -0.8079 -0.5893 -0.0000
vn 0.9977 -0.0684 -0.0000
vn -0.9904 0.1383 -0.0000
vn 0.6171 0.7869 -0.0000
vn 0.8841 -0.4672 -0.0000
vn -0.8729 -0.4879 -0.0000
vn 0.7766 0.6300 -0.0000
vn 0.9335 0.3586 -0.0000
vn -0.8930 -0.4502 -0.0000
vn 0.9716 0.2366 -0.0000
vn -0.8657 0.5006 -0.0000
vn -0.9814 -0.1918 -0.0000
vn -0.8049 0.5934 -0.0000
vn -0.9548 -0.2973 -0.0000
vn -0.9852 0.1713 -0.0000
vn -0.8534 0.5213 -0.0000
vn 0.8761 -0.4822 -0.0000
vn 0.9811 0.1934 -0.0000
vn 0.9814 -0.1918 -0.0000
vn -0.5372 0.8434 -0.0000
vn 0.9107 -0.4130 -0.0000
vn 0.8187 0.5742 -0.0000
vn -0.9504 -0.3110 -0.0000
vn 0.9253 0.3793 -0.0000
vn -0.9783 0.2070 -0.0000
vn -0.8163 0.5776 -0.0000
vn 0.8550 -0.5186 -0.0000
vn 0.7291 0.6844 -0.0000
vn -0.9833 -0.1819 -0.0000
vn 0.9793 -0.2026 -0.0000
vn -0.8367 0.5477 -0.0000
vn 0.5080 0.8614 -0.0000
vn -0.7416 0.6709 -0.0000
vn -0.9264 -0.3765 -0.0000
vn -0.9615 -0.2747 -0.0000
vn 0.9783 0.2070 -0.0000
vn -0.4162 0.9093 -0.0000
vn -0.9582 0.2862 -0.0000
vn 0.9981 0.0620 -0.0000
vn -0.9565 0.2916 -0.0000
vn 0.8295 -0.5586 -0.0000
vn 0.6839 0.7296 -0.0000
vn 0.9317 0.3632 -0.0000
vn -0.9977 -0.0682 -0.0000
vn -0.8226 0.5686 -0.0000
vn 0.3945 0.9189 -0.0000
vn -0.8754 -0.4834 -0.0000
vn -0.9106 0.4134 -0.0000
vn 0.9582 0.2862 -0.0000
vn -0.2924 0.9563 -0.0000
vn 0.7408 0.6717 -0.0000
vn -0.9996 0.0297 -0.0000
vn -0.9600 -0.2799 -0.0000
vn -0.6782 0.7348 -0.0000
vn -0.7368 0.6762 -0.0000
vn 0.8083 -0.5888 -0.0000
vn 0.8561 0.5167 -0.0000
vn -0.8108 0.5853 -0.0000
vn 0.2794 0.9602 -0.0000
vn -0.8923 -0.4515 -0.0000
vn 0.9990 -0.0439 -0.0000
vn 0.9600 -0.2799 -0.0000
vn -0.1705 0.9853 -0.0000
vn 0.6339 0.7734 -0.0000
vn -0.9911 0.1335 -0.0000
vn 0.9440 -0.3301 -0.0000
vn -0.8009 0.5988 -0.0000
vn -0.9259 0.3778 -0.0000
vn -0.6195 0.7850 -0.0000
vn -0.8462 0.5328 -0.0000
vn 0.9432 0.3323 -0.0000
vn 0.1653 0.9862 -0.0000
vn 0.9908 -0.1356 -0.0000
vn -0.9204 -0.3911 -0.0000
vn 0.7914 -0.6113 -0.0000
vn 0.9259 0.3778 -0.0000
vn -0.7972 -0.6038 -0.0000
vn 0.8400 -0.5426 -0.0000
vn 0.6524 0.7579 -0.0000
vn -0.9681 0.2506 -0.0000
vn -0.7927 0.6096 -0.0000
vn -0.9269 -0.3754 -0.0000
vn -0.6467 0.7627 -0.0000
vn 0.5797 0.8148 -0.0000
vn -0.9253 0.3792 -0.0000
vn 0.7653 0.6436 -0.0000
vn 0.8012 -0.5984 -0.0000
vn -0.5595 0.8288 -0.0000
vn -0.7638 0.6455 -0.0000
vn 0.7786 -0.6275 -0.0000
vn 0.9269 -0.3754 -0.0000
vn -0.0546 0.9985 -0.0000
vn 0.5541 0.8325 -0.0000
vn -0.7859 0.6183 -0.0000
vn -0.8755 0.4833 -0.0000
vn -0.4988 0.8667 -0.0000
vn -0.5470 0.8372 -0.0000
vn 0.9729 -0.2312 -0.0000
vn -0.8580 0.5136 -0.0000
vn 0.6552 0.7554 -0.0000
vn 0.0539 0.9985 -0.0000
vn -0.8533 -0.5214 -0.0000
vn 0.7694 -0.6388 -0.0000
vn 0.8755 0.4833 -0.0000
vn 0.5217 0.8531 -0.0000
vn 0.8936 -0.4488 -0.0000
vn -0.7805 0.6252 -0.0000
vn -0.7984 0.6021 -0.0000
vn -0.7094 -0.7048 -0.0000
vn -0.4377 0.8991 -0.0000
vn 0.9444 -0.3288 -0.0000
vn -0.6648 0.7470 -0.0000
vn 0.9655 0.2602 -0.0000
vn -0.7645 0.6446 -0.0000
vn -0.7763 0.6304 -0.0000
vn -0.8619 -0.5071 -0.0000
vn 0.7984 0.6021 -0.0000
vn 0.7138 -0.7003 -0.0000
vn 0.4608 0.8875 -0.0000
vn 0.4459 0.8951 -0.0000
vn -0.8782 -0.4783 -0.0000
vn -0.6123 -0.7906 -0.0000
vn -0.7902 -0.6128 -0.0000
vn -0.4380 0.8990 -0.0000
vn 0.9047 -0.4261 -0.0000
vn -0.0000 1.0000 -0.0000
vn -0.6483 0.7614 -0.0000
vn 0.5287 0.8488 -0.0000
vn -0.3766 0.9264 -0.0000
vn -0.8103 -0.5861 -0.0000
vn -0.5526 0.8334 -0.0000
vn 0.8782 -0.4783 -0.0000
vn 0.6167 -0.7872 -0.0000
vn -0.5182 0.8553 -0.0000
vn -0.7733 0.6340 -0.0000
vn -0.6847 0.7288 -0.0000
vn -0.5084 -0.8611 -0.0000
vn -0.4314 0.9022 -0.0000
vn 0.3977 0.9175 -0.0000
vn 0.3282 0.9446 -0.0000
vn -0.7716 0.6360 -0.0000
vn -0.3159 0.9488 -0.0000
vn -0.3206 0.9472 -0.0000
vn 0.8539 -0.5204 -0.0000
vn 0.6847 0.7288 -0.0000
vn 0.5122 -0.8589 -0.0000
vn -0.3851 0.9229 -0.0000
vn 0.3888 0.9213 -0.0000
vn -0.7713 0.6364 -0.0000
vn -0.5268 0.8500 -0.0000
vn -0.3993 -0.9168 -0.0000
vn 0.3335 0.9428 -0.0000
vn 0.9909 0.1346 -0.0000
vn -0.2585 0.9660 -0.0000
vn 0.8300 -0.5578 -0.0000
vn -1.0000 -0.0000 -0.0000
vn -0.3057 0.9521 -0.0000
vn 0.5268 0.8500 -0.0000
vn 0.4023 -0.9155 -0.0000
vn 0.7466 -0.6653 -0.0000
vn 0.2018 0.9794 -0.0000
vn -0.5830 0.8125 -0.0000
vn -0.3281 0.9447 -0.0000
vn -0.2868 -0.9580 -0.0000
vn -0.2557 0.9667 -0.0000
vn -0.1959 0.9806 -0.0000
vn 0.7931 -0.6091 -0.0000
vn -0.1442 0.9895 -0.0000
vn 0.2384 0.9712 -0.0000
vn 0.7860 0.6183 -0.0000
vn -0.1802 0.9836 -0.0000
vn -0.6388 0.7693 -0.0000
vn 0.3281 0.9447 -0.0000
vn 0.2888 -0.9574 -0.0000
vn 0.2691 0.9631 -0.0000
vn 0.0682 0.9977 -0.0000
vn -0.0443 0.9990 -0.0000
vn -0.8094 -0.5872 -0.0000
vn -0.1722 -0.9851 -0.0000
vn -0.1965 0.9805 -0.0000
vn -0.0658 0.9978 -0.0000
vn -0.6931 0.7209 -0.0000
vn 0.0805 0.9968 -0.0000
vn -0.0584 0.9983 -0.0000
vn 0.8095 -0.5872 -0.0000
vn 0.1733 -0.9849 -0.0000
vn 0.2056 0.9786 -0.0000
vn -0.7641 -0.6451 -0.0000
vn 0.5307 -0.8475 -0.0000
vn -0.1083 0.9941 -0.0000
vn -0.0570 -0.9984 -0.0000
vn -0.1385 0.9904 -0.0000
vn 0.0573 -0.9984 -0.0000
vn -0.7852 -0.6193 -0.0000
vn 0.5807 -0.8141 -0.0000
vn 0.9983 -0.0581 -0.0000
vn -0.7452 0.6669 -0.0000
vn 0.1083 0.9941 -0.0000
vn 0.1437 0.9896 -0.0000
vn -0.7154 -0.6987 -0.0000
vn 0.7239 -0.6899 -0.0000
vn -0.0818 0.9966 -0.0000
vn 0.7541 -0.6567 -0.0000
vn -0.7158 -0.6983 -0.0000
vn 0.6486 -0.7611 -0.0000
vn -0.6906 -0.7232 -0.0000
vn 0.6265 -0.7794 -0.0000
vn 0.9503 -0.3113 -0.0000
vn 0.0841 0.9965 -0.0000
vn -0.6650 -0.7469 -0.0000
vn 0.5695 -0.8220 -0.0000
vn 0.6689 -0.7434 -0.0000
vn 0.7158 -0.6983 -0.0000
vn -0.0268 0.9996 -0.0000
vn 0.6668 -0.7452 -0.0000
vn -0.7945 0.6072 -0.0000
vn -0.5937 -0.8047 -0.0000
vn 0.4888 -0.8724 -0.0000
vn -0.5802 -0.8145 -0.0000
vn 0.8206 -0.5715 -0.0000
vn 0.0273 0.9996 -0.0000
vn -0.6133 -0.7898 -0.0000
vn 0.4086 -0.9127 -0.0000
vn 0.7087 -0.7055 -0.0000
vn 0.5937 -0.8047 -0.0000
vn 0.5683 -0.8228 -0.0000
vn -0.4433 -0.8964 -0.0000
vn -0.6891 -0.7246 -0.0000
vn 0.5805 0.8143 -0.0000
vn -0.4574 -0.8892 -0.0000
vn 0.7465 -0.6654 -0.0000
vn 0.6388 -0.7694 -0.0000
vn -0.8404 0.5420 -0.0000
vn -0.5334 0.8458 -0.0000
vn 0.6347 0.7728 -0.0000
vn 0.4433 -0.8964 -0.0000
vn 0.6346 -0.7729 -0.0000
vn 0.4587 -0.8886 -0.0000
vn -0.2710 -0.9626 -0.0000
vn -0.5790 -0.8154 -0.0000
vn -0.3269 -0.9451 -0.0000
vn 0.7828 -0.6223 -0.0000
vn 0.5459 0.8378 -0.0000
vn -0.0320 -0.9995 -0.0000
vn -0.5931 0.8051 -0.0000
vn 0.8180 -0.5753 -0.0000
vn 0.2710 -0.9626 -0.0000
vn 0.5110 -0.8596 -0.0000
vn 0.3383 -0.9410 -0.0000
vn -0.8821 0.4711 -0.0000
vn -0.0894 -0.9960 -0.0000
vn -0.4659 -0.8848 -0.0000
vn 0.6829 0.7306 -0.0000
vn -0.1938 -0.9810 -0.0000
vn 0.0894 -0.9960 -0.0000
vn 0.7316 0.6818 -0.0000
vn -0.0321 0.9995 -0.0000
vn -0.6547 0.7559 -0.0000
vn 0.8521 -0.5234 -0.0000
vn 0.3845 -0.9231 -0.0000
vn -0.1173 -0.9931 -0.0000
vn 0.2082 -0.9781 -0.0000
vn -0.9187 0.3949 -0.0000
vn 0.0595 0.9982 -0.0000
vn -0.3546 -0.9350 -0.0000
vn -0.0630 -0.9980 -0.0000
vn -0.0971 0.9953 -0.0000
vn 0.8984 0.4392 -0.0000
vn -0.2278 -0.9737 -0.0000
vn 0.0704 -0.9975 -0.0000
vn -0.7166 0.6975 -0.0000
vn -0.0589 0.9983 -0.0000
vn 0.8852 -0.4653 -0.0000
vn -0.1624 0.9867 -0.0000
vn 0.2620 -0.9651 -0.0000
vn -0.3501 -0.9367 -0.0000
vn -0.2473 -0.9689 -0.0000
vn 0.0617 0.9981 -0.0000
vn 0.9167 -0.3995 -0.0000
vn 0.9863 0.1652 -0.0000
vn -0.1785 0.9839 -0.0000
vn -0.9495 0.3137 -0.0000
vn 0.1829 0.9831 -0.0000
vn -0.7767 0.6298 -0.0000
vn 0.7242 0.6895 -0.0000
vn -0.2268 0.9740 -0.0000
vn 0.1486 -0.9889 -0.0000
vn -0.4681 -0.8837 -0.0000
vn -0.0257 0.9997 -0.0000
vn -0.1450 -0.9894 -0.0000
vn 0.1869 0.9824 -0.0000
vn -0.5698 -0.8218 -0.0000
vn -0.2980 0.9546 -0.0000
vn 0.0658 0.9978 -0.0000
vn 0.3089 0.9511 -0.0000
vn -0.0474 -0.9989 -0.0000
vn -0.0767 0.9971 -0.0000
vn -0.2889 0.9574 -0.0000
vn 0.0465 -0.9989 -0.0000
vn 0.9983 -0.0582 -0.0000
vn -0.0894 0.9960 -0.0000
vn 0.7587 0.6514 -0.0000
vn 0.3114 0.9503 -0.0000
vn -0.1265 0.9920 -0.0000
vn -0.3479 0.9375 -0.0000
vn 0.0502 -0.9987 -0.0000
vn -0.6505 -0.7595 -0.0000
vn -0.4152 0.9097 -0.0000
vn 0.0894 0.9960 -0.0000
vn -0.0559 -0.9984 -0.0000
vn 0.1986 0.9801 -0.0000
vn 0.4340 0.9009 -0.0000
vn 0.2710 0.9626 -0.0000
vn 0.7867 0.6174 -0.0000
vn 0.4325 0.9017 -0.0000
vn -0.1744 0.9847 -0.0000
vn -0.4029 0.9153 -0.0000
vn -0.2710 0.9626 -0.0000
vn 0.1561 -0.9877 -0.0000
vn -0.7117 -0.7025 -0.0000
vn -0.5279 0.8493 -0.0000
vn -0.1708 -0.9853 -0.0000
vn -0.2200 0.9755 -0.0000
vn -0.4535 0.8913 -0.0000
vn 0.4433 0.8964 -0.0000
vn 0.8086 0.5883 -0.0000
vn 0.5472 0.8370 -0.0000
vn -0.4433 0.8964 -0.0000
vn 0.2676 -0.9635 -0.0000
vn -0.7570 -0.6534 -0.0000
vn -0.6338 0.7735 -0.0000
vn 0.9460 -0.3243 -0.0000
vn 0.5540 0.8325 -0.0000
vn -0.2878 -0.9577 -0.0000
vn -0.2630 0.9648 -0.0000
vn -0.4994 0.8664 -0.0000
vn 0.5937 0.8047 -0.0000
vn -0.8328 0.5536 -0.0000
vn 0.8253 0.5647 -0.0000
vn 0.6532 0.7572 -0.0000
vn -0.5407 0.8412 -0.0000
vn -0.5937 0.8047 -0.0000
vn -0.7904 -0.6125 -0.0000
vn -0.7307 0.6827 -0.0000
vn 0.3292 0.9443 -0.0000
vn -0.3030 0.9530 -0.0000
vn -0.7158 0.6983 -0.0000
vn 0.3830 -0.9238 -0.0000
vn 0.6647 0.7471 -0.0000
vn -0.4046 -0.9145 -0.0000
vn 0.8375 0.5465 -0.0000
vn 0.7481 0.6636 -0.0000
vn -0.3398 0.9405 -0.0000
vn -0.5774 0.8164 -0.0000
vn -0.8152 -0.5792 -0.0000
vn -0.8159 0.5782 -0.0000
vn 0.7158 0.6983 -0.0000
vn -0.3730 0.9278 -0.0000
vn -0.6099 0.7925 -0.0000
vn -0.8094 0.5872 -0.0000
vn 0.9792 -0.2028 -0.0000
vn 0.8458 0.5335 -0.0000
vn 0.4992 -0.8665 -0.0000
vn 0.4540 0.8910 -0.0000
vn 0.7624 0.6471 -0.0000
vn -0.5185 -0.8551 -0.0000
vn 0.8507 0.5256 -0.0000
vn 0.8298 0.5580 -0.0000
vn -0.4027 0.9153 -0.0000
vn -0.8337 -0.5522 -0.0000
vn 0.7708 -0.6370 -0.0000
vn 0.8094 0.5872 -0.0000
vn -0.8825 0.4704 -0.0000
vn 0.0520 -0.9986 -0.0000
vn -0.4286 0.9035 -0.0000
vn -0.0604 -0.9982 -0.0000
vn 0.7355 -0.6775 -0.0000
vn 0.1083 -0.9941 -0.0000
vn 0.8528 0.5222 -0.0000
vn -0.4506 0.8927 -0.0000
vn -0.1083 -0.9941 -0.0000
vn 0.6125 -0.7905 -0.0000
vn -0.8412 -0.5408 -0.0000
vn 0.6938 -0.7202 -0.0000
vn -0.6268 -0.7792 -0.0000
vn 0.1611 -0.9869 -0.0000
vn -0.1838 -0.9830 -0.0000
vn 0.5699 0.8217 -0.0000
vn 0.6448 -0.7643 -0.0000
vn 0.3281 -0.9447 -0.0000
vn 0.8508 0.5255 -0.0000
vn -0.3281 -0.9447 -0.0000
vn 0.9596 -0.2813 -0.0000
vn -0.8871 0.4615 -0.0000
vn -0.9737 0.2280 -0.0000
vn 0.5880 -0.8088 -0.0000
vn 0.8457 0.5336 -0.0000
vn -0.8782 0.4783 -0.0000
vn 0.7180 -0.6960 -0.0000
vn 0.5233 -0.8522 -0.0000
vn -0.7264 -0.6873 -0.0000
vn 0.8400 0.5425 -0.0000
vn 0.2755 -0.9613 -0.0000
vn 0.6746 0.7382 -0.0000
vn 0.4509 -0.8926 -0.0000
vn 0.8782 0.4783 -0.0000
vn -0.9240 0.3825 -0.0000
vn 0.8340 0.5518 -0.0000
vn 0.8968 0.4424 -0.0000
vn 0.7663 0.6425 -0.0000
vn -0.3078 -0.9515 -0.0000
vn -0.9903 0.1386 -0.0000
vn 0.3721 -0.9282 -0.0000
vn 0.5268 -0.8500 -0.0000
vn 0.8280 0.5607 -0.0000
vn -0.5268 -0.8500 -0.0000
vn 0.9507 -0.3102 -0.0000
vn 0.8225 0.5687 -0.0000
vn 0.3931 -0.9195 -0.0000
vn 0.1072 -0.9942 -0.0000
vn 0.8111 -0.5849 -0.0000
vn -0.4293 -0.9032 -0.0000
vn 0.2035 -0.9791 -0.0000
vn 0.6847 -0.7288 -0.0000
vn -0.8140 -0.5808 -0.0000
vn 0.8179 0.5753 -0.0000
vn -0.6847 -0.7288 -0.0000
vn 0.0578 -0.9983 -0.0000
vn 0.1192 -0.9929 -0.0000
vn -0.9562 0.2927 -0.0000
vn 0.8144 0.5803 -0.0000
vn 0.5106 -0.8598 -0.0000
vn -0.5453 -0.8383 -0.0000
vn 0.0171 -0.9999 -0.0000
vn 0.7984 -0.6021 -0.0000
vn 0.8119 0.5837 -0.0000
vn 0.0385 -0.9993 -0.0000
vn -0.7984 -0.6021 -0.0000
vn 0.8874 -0.4609 -0.0000
vn 0.8105 0.5857 -0.0000
vn 0.6240 -0.7814 -0.0000
vn 0.8436 0.5370 -0.0000
vn -0.9269 0.3754 -0.0000
vn 0.9539 -0.3003 -0.0000
vn -0.6527 -0.7576 -0.0000
vn -0.0579 -0.9983 -0.0000
vn 0.8443 0.5359 -0.0000
vn -0.8869 -0.4620 -0.0000
vn 0.8100 0.5864 -0.0000
vn -0.0662 -0.9978 -0.0000
vn -0.9422 0.3352 -0.0000
vn -0.1759 -0.9844 -0.0000
vn 0.9269 0.3754 -0.0000
vn 0.8101 0.5863 -0.0000
vn -0.2007 -0.9796 -0.0000
vn 0.9443 -0.3291 -0.0000
vn 0.8755 -0.4833 -0.0000
vn -0.9790 0.2038 -0.0000
vn 0.9476 0.3195 -0.0000
vn 0.1640 -0.9865 -0.0000
vn -0.3340 -0.9426 -0.0000
vn -0.8755 -0.4833 -0.0000
vn -0.9426 -0.3340 -0.0000
vn 0.7286 -0.6850 -0.0000
vn 0.2254 -0.9743 -0.0000
vn -0.7488 -0.6628 -0.0000
vn -0.2946 -0.9556 -0.0000
vn 0.9086 0.4176 -0.0000
vn 0.9259 -0.3778 -0.0000
vn -0.4620 -0.8869 -0.0000
vn -0.9259 -0.3778 -0.0000
vn 0.9667 -0.2557 -0.0000
vn 0.8196 -0.5729 -0.0000
vn 0.9058 0.4237 -0.0000
vn -0.5807 -0.8141 -0.0000
vn -0.9600 0.2799 -0.0000
vn 0.9808 -0.1948 -0.0000
vn -0.8313 -0.5558 -0.0000
vn 0.2879 -0.9577 -0.0000
vn -0.6871 -0.7265 -0.0000
vn -0.9999 0.0113 -0.0000
vn 0.9600 0.2799 -0.0000
vn -0.9930 0.1182 -0.0000
vn 0.8934 -0.4493 -0.0000
vn 0.3477 -0.9376 -0.0000
vn -0.9793 0.2024 -0.0000
vn -0.4116 -0.9114 -0.0000
vn 0.9552 0.2960 -0.0000
vn 0.9582 -0.2862 -0.0000
vn 0.9999 0.0117 -0.0000
vn -0.7790 -0.6271 -0.0000
vn -0.9582 -0.2862 -0.0000
vn 0.9841 -0.1775 -0.0000
vn -0.9993 0.0381 -0.0000
vn -0.8984 -0.4392 -0.0000
vn 0.4016 -0.9158 -0.0000
vn -0.8549 -0.5188 -0.0000
vn -0.9814 0.1918 -0.0000
vn 0.9980 -0.0633 -0.0000
vn -0.5248 -0.8512 -0.0000
vn -0.9978 -0.0662 -0.0000
vn 0.9987 -0.0514 -0.0000
vn 0.9814 0.1922 -0.0000
vn 0.9846 0.1747 -0.0000
vn 0.9814 0.1918 -0.0000
vn -0.9993 0.0379 -0.0000
vn 0.9992 0.0403 -0.0000
vn 0.9477 -0.3193 -0.0000
vn 0.4477 -0.8942 -0.0000
vn -0.9144 -0.4047 -0.0000
vn -0.9980 -0.0639 -0.0000
vn -0.9488 -0.3160 -0.0000
vn 0.9783 -0.2070 -0.0000
vn 0.4853 -0.8743 -0.0000
vn -0.9577 -0.2879 -0.0000
vn -0.9783 -0.2070 -0.0000
vn 0.9978 -0.0659 -0.0000
vn -0.9974 0.0715 -0.0000
vn -0.6315 -0.7754 -0.0000
vn 0.9821 -0.1883 -0.0000
vt 0.162263 0.193986
vt 0.162263 0.385445
vt 0.134751 0.385445
vt 0.134751 0.302067
vt 0.027512 0.302067
vt 0.027512 0.385445
vt 0.000000 0.385445
vt 0.000000 0.193986
vt 0.134751 0.277363
vt 0.027512 0.277363
vt 0.134751 0.193986
vt 0.027512 0.193986
vt 0.472472 0.193986
vt 0.472472 0.385445
vt 0.444960 0.361863
vt 0.424186 0.385445
vt 0.414810 0.385022
vt 0.406076 0.383773
vt 0.398016 0.381725
vt 0.390664 0.378905
vt 0.384053 0.375340
vt 0.378216 0.371057
vt 0.373186 0.366085
vt 0.427274 0.361863
vt 0.368996 0.360449
vt 0.444960 0.301787
vt 0.420937 0.361637
vt 0.415249 0.360969
vt 0.410189 0.359872
vt 0.365680 0.354178
vt 0.405738 0.358359
vt 0.401875 0.356445
vt 0.398582 0.354143
vt 0.363270 0.347299
vt 0.395837 0.351467
vt 0.393622 0.348430
vt 0.391916 0.345045
vt 0.361799 0.339839
vt 0.390700 0.341328
vt 0.389953 0.337291
vt 0.361302 0.331825
vt 0.389656 0.332948
vt 0.389774 0.328973
vt 0.361540 0.326399
vt 0.390298 0.325084
vt 0.362249 0.321217
vt 0.391270 0.321328
vt 0.392733 0.317757
vt 0.363421 0.316288
vt 0.394731 0.314420
vt 0.365045 0.311623
vt 0.397306 0.311367
vt 0.367114 0.307230
vt 0.400500 0.308647
vt 0.404358 0.306310
vt 0.369619 0.303120
vt 0.408921 0.304405
vt 0.414233 0.302984
vt 0.372550 0.299303
vt 0.420336 0.302094
vt 0.427274 0.301787
vt 0.444960 0.277082
vt 0.375900 0.295787
vt 0.379659 0.292584
vt 0.383819 0.289702
vt 0.388371 0.287152
vt 0.393305 0.284943
vt 0.389088 0.281937
vt 0.385115 0.278673
vt 0.433450 0.277082
vt 0.429984 0.276971
vt 0.381348 0.275152
vt 0.444960 0.193986
vt 0.426567 0.276568
vt 0.423142 0.275766
vt 0.419652 0.274462
vt 0.377751 0.271374
vt 0.416042 0.272550
vt 0.412255 0.269924
vt 0.374286 0.267339
vt 0.408233 0.266479
vt 0.370917 0.263046
vt 0.403921 0.262110
vt 0.367606 0.258495
vt 0.399262 0.256712
vt 0.364317 0.253688
vt 0.394199 0.250179
vt 0.361012 0.248623
vt 0.388677 0.242406
vt 0.357655 0.243301
vt 0.354208 0.237721
vt 0.382637 0.233288
vt 0.350634 0.231884
vt 0.357372 0.193986
vt 0.348673 0.228709
vt 0.346807 0.225752
vt 0.344997 0.222949
vt 0.343202 0.220236
vt 0.341381 0.217547
vt 0.339494 0.214818
vt 0.337501 0.211985
vt 0.335361 0.208982
vt 0.333034 0.205746
vt 0.330479 0.202211
vt 0.327657 0.198312
vt 0.324526 0.193986
vt 0.164790 0.074955
vt 0.164790 0.193986
vt 0.137278 0.193986
vt 0.137278 0.080851
vt 0.027512 0.082535
vt 0.027512 0.193986
vt -0.000000 0.193986
vt -0.000000 0.077763
vt 0.027562 0.078125
vt 0.137217 0.075703
vt 0.027723 0.073881
vt 0.000585 0.066384
vt 0.137030 0.071038
vt 0.163993 0.062512
vt 0.028016 0.069801
vt 0.136703 0.066814
vt 0.028458 0.065889
vt 0.136228 0.062988
vt 0.002343 0.055724
vt 0.029067 0.062144
vt 0.135592 0.059516
vt 0.161691 0.051273
vt 0.029863 0.058568
vt 0.134786 0.056357
vt 0.030863 0.055161
vt 0.133799 0.053466
vt 0.005277 0.045834
vt 0.032087 0.051925
vt 0.132620 0.050802
vt 0.033552 0.048860
vt 0.158017 0.041215
vt 0.131238 0.048321
vt 0.035277 0.045969
vt 0.129642 0.045980
vt 0.127822 0.043737
vt 0.037282 0.043250
vt 0.009389 0.036765
vt 0.125768 0.041548
vt 0.039583 0.040706
vt 0.122972 0.038928
vt 0.153103 0.032315
vt 0.041893 0.038574
vt 0.120060 0.036541
vt 0.044470 0.036541
vt 0.014682 0.028570
vt 0.117030 0.034385
vt 0.047312 0.034622
vt 0.050417 0.032835
vt 0.113883 0.032461
vt 0.053784 0.031196
vt 0.110620 0.030767
vt 0.147081 0.024550
vt 0.057410 0.029722
vt 0.107239 0.029301
vt 0.061293 0.028430
vt 0.103742 0.028064
vt 0.021160 0.021301
vt 0.065431 0.027335
vt 0.100128 0.027054
vt 0.069823 0.026455
vt 0.096396 0.026270
vt 0.074467 0.025805
vt 0.092548 0.025712
vt 0.079360 0.025403
vt 0.088583 0.025377
vt 0.084500 0.025266
vt 0.140085 0.017897
vt 0.028825 0.015007
vt 0.132247 0.012331
vt 0.037680 0.009742
vt 0.123699 0.007829
vt 0.047729 0.005558
vt 0.114574 0.004369
vt 0.058973 0.002504
vt 0.105004 0.001926
vt 0.071416 0.000635
vt 0.095123 0.000478
vt 0.085062 0.000000
vt 0.329289 0.580708
vt 0.320323 0.581834
vt 0.311301 0.581346
vt 0.302780 0.579269
vt 0.337641 0.578033
vt 0.294805 0.575672
vt 0.345341 0.573880
vt 0.287424 0.570619
vt 0.352346 0.568318
vt 0.358618 0.561416
vt 0.280679 0.564179
vt 0.364114 0.553244
vt 0.319398 0.555742
vt 0.274617 0.556417
vt 0.324531 0.554998
vt 0.314226 0.555363
vt 0.329258 0.553166
vt 0.309380 0.553871
vt 0.368796 0.543872
vt 0.269284 0.547400
vt 0.333566 0.550280
vt 0.304879 0.551297
vt 0.337439 0.546373
vt 0.300739 0.547675
vt 0.340864 0.541480
vt 0.296976 0.543036
vt 0.372623 0.533370
vt 0.264723 0.537195
vt 0.343827 0.535634
vt 0.293607 0.537414
vt 0.346311 0.528868
vt 0.290650 0.530841
vt 0.375553 0.521807
vt 0.260981 0.525869
vt 0.348304 0.521216
vt 0.288120 0.523350
vt 0.377547 0.509253
vt 0.258103 0.513487
vt 0.349791 0.512713
vt 0.286035 0.514973
vt 0.350757 0.503390
vt 0.284411 0.505743
vt 0.378564 0.495778
vt 0.256134 0.500118
vt 0.351188 0.493284
vt 0.283265 0.495692
vt 0.378564 0.481451
vt 0.255120 0.485828
vt 0.351070 0.482426
vt 0.282614 0.484853
vt 0.377550 0.467160
vt 0.350419 0.471587
vt 0.282496 0.473995
vt 0.255120 0.471501
vt 0.349273 0.461536
vt 0.282927 0.463888
vt 0.375581 0.453791
vt 0.256137 0.458026
vt 0.347649 0.452305
vt 0.283893 0.454566
vt 0.372703 0.441410
vt 0.258131 0.445472
vt 0.285380 0.446062
vt 0.345564 0.443928
vt 0.287373 0.438411
vt 0.343034 0.436437
vt 0.368961 0.430084
vt 0.261061 0.433909
vt 0.289857 0.431645
vt 0.340077 0.429864
vt 0.364400 0.419879
vt 0.264888 0.423407
vt 0.292819 0.425798
vt 0.336708 0.424242
vt 0.296244 0.420905
vt 0.332945 0.419604
vt 0.359067 0.410862
vt 0.269569 0.414035
vt 0.300118 0.416999
vt 0.328805 0.415982
vt 0.304426 0.414112
vt 0.324303 0.413408
vt 0.309153 0.412281
vt 0.319458 0.411915
vt 0.353005 0.403100
vt 0.275066 0.405863
vt 0.314286 0.411536
vt 0.346260 0.396659
vt 0.281338 0.398961
vt 0.338878 0.391607
vt 0.288343 0.393398
vt 0.330904 0.388009
vt 0.296043 0.389245
vt 0.322383 0.385933
vt 0.304395 0.386571
vt 0.313361 0.385445
vt 0.548458 0.385322
vt 0.544620 0.385445
vt 0.536217 0.384944
vt 0.552257 0.384951
vt 0.556024 0.384331
vt 0.528305 0.383472
vt 0.559769 0.383459
vt 0.520929 0.381076
vt 0.563498 0.382334
vt 0.567219 0.380953
vt 0.514134 0.377803
vt 0.570940 0.379315
vt 0.574668 0.377418
vt 0.507968 0.373699
vt 0.578413 0.375259
vt 0.582181 0.372838
vt 0.502475 0.368811
vt 0.585980 0.370151
vt 0.589818 0.367197
vt 0.497701 0.363187
vt 0.589818 0.332667
vt 0.585986 0.337303
vt 0.582209 0.341404
vt 0.578483 0.344993
vt 0.574804 0.348097
vt 0.571167 0.350741
vt 0.567569 0.352950
vt 0.564007 0.354750
vt 0.560476 0.356165
vt 0.556972 0.357222
vt 0.553491 0.357946
vt 0.550030 0.358362
vt 0.546585 0.358495
vt 0.493693 0.356873
vt 0.541987 0.358190
vt 0.537621 0.357295
vt 0.533518 0.355841
vt 0.490496 0.349915
vt 0.529710 0.353857
vt 0.526229 0.351375
vt 0.523109 0.348423
vt 0.488155 0.342360
vt 0.520380 0.345033
vt 0.518075 0.341235
vt 0.486717 0.334256
vt 0.516226 0.337058
vt 0.514866 0.332533
vt 0.486228 0.325649
vt 0.514026 0.327691
vt 0.513739 0.322561
vt 0.486584 0.317947
vt 0.513832 0.318687
vt 0.514110 0.315039
vt 0.487673 0.310352
vt 0.514575 0.311573
vt 0.515226 0.308248
vt 0.489526 0.302761
vt 0.516065 0.305020
vt 0.517091 0.301847
vt 0.492175 0.295070
vt 0.518305 0.298686
vt 0.519708 0.295495
vt 0.521299 0.292230
vt 0.495650 0.287177
vt 0.523081 0.288851
vt 0.525052 0.285313
vt 0.499983 0.278977
vt 0.527214 0.281574
vt 0.531542 0.274489
vt 0.505206 0.270368
vt 0.536334 0.267168
vt 0.511348 0.261247
vt 0.541519 0.259668
vt 0.518442 0.251509
vt 0.547022 0.252045
vt 0.552770 0.244356
vt 0.526518 0.241052
vt 0.558691 0.236657
vt 0.535608 0.229773
vt 0.564712 0.229005
vt 0.545743 0.217567
vt 0.570759 0.221456
vt 0.576759 0.214067
vt 0.472472 0.217567
vt 0.472472 0.191459
vt 0.582639 0.206894
vt 0.588327 0.199994
vt 0.593748 0.193424
vt 0.593748 0.191459
vt 0.502606 0.183947
vt 0.489072 0.189693
vt 0.477525 0.165521
vt 0.515322 0.177455
vt 0.527194 0.170259
vt 0.484943 0.162909
vt 0.492292 0.159812
vt 0.538199 0.162405
vt 0.499518 0.156267
vt 0.506568 0.152307
vt 0.548311 0.153934
vt 0.513387 0.147968
vt 0.519922 0.143284
vt 0.557505 0.144891
vt 0.526119 0.138291
vt 0.531924 0.133023
vt 0.565757 0.135318
vt 0.537283 0.127514
vt 0.573043 0.125260
vt 0.542143 0.121801
vt 0.546450 0.115918
vt 0.579337 0.114759
vt 0.522161 0.111588
vt 0.519119 0.110987
vt 0.511926 0.108866
vt 0.525124 0.112018
vt 0.528006 0.112290
vt 0.505301 0.105900
vt 0.530807 0.112418
vt 0.533526 0.112415
vt 0.550150 0.109899
vt 0.536160 0.112296
vt 0.499284 0.102158
vt 0.538710 0.112074
vt 0.541174 0.111762
vt 0.543551 0.111375
vt 0.493915 0.097707
vt 0.545840 0.110927
vt 0.548040 0.110430
vt 0.489233 0.092616
vt 0.584614 0.103859
vt 0.485278 0.086951
vt 0.482090 0.080781
vt 0.588851 0.092603
vt 0.538241 0.088037
vt 0.535730 0.087751
vt 0.533102 0.087319
vt 0.530318 0.086743
vt 0.479709 0.074174
vt 0.526025 0.085515
vt 0.522065 0.083851
vt 0.540674 0.088174
vt 0.543070 0.088158
vt 0.518461 0.081788
vt 0.478174 0.067198
vt 0.545467 0.087988
vt 0.547907 0.087658
vt 0.515235 0.079360
vt 0.550427 0.087167
vt 0.512410 0.076603
vt 0.553068 0.086512
vt 0.555870 0.085688
vt 0.510011 0.073551
vt 0.558872 0.084694
vt 0.592022 0.081035
vt 0.477525 0.059920
vt 0.562114 0.083526
vt 0.508059 0.070241
vt 0.565044 0.076390
vt 0.506578 0.066706
vt 0.505591 0.062983
vt 0.477801 0.052408
vt 0.566882 0.069550
vt 0.505121 0.059106
vt 0.593675 0.071332
vt 0.505191 0.055111
vt 0.479043 0.044730
vt 0.567706 0.063049
vt 0.505824 0.051032
vt 0.594228 0.061986
vt 0.507073 0.046629
vt 0.481237 0.037359
vt 0.567596 0.056933
vt 0.508741 0.042606
vt 0.566631 0.051244
vt 0.484348 0.030484
vt 0.593715 0.053056
vt 0.510801 0.038982
vt 0.513226 0.035772
vt 0.564889 0.046026
vt 0.488288 0.024161
vt 0.515990 0.032994
vt 0.592168 0.044602
vt 0.562450 0.041322
vt 0.519066 0.030664
vt 0.559394 0.037178
vt 0.492970 0.018446
vt 0.522427 0.028800
vt 0.589623 0.036682
vt 0.555798 0.033635
vt 0.526046 0.027419
vt 0.529897 0.026537
vt 0.551743 0.030739
vt 0.498306 0.013393
vt 0.533952 0.026172
vt 0.547307 0.028532
vt 0.538186 0.026340
vt 0.542570 0.027059
vt 0.586112 0.029356
vt 0.504209 0.009057
vt 0.581668 0.022684
vt 0.510592 0.005495
vt 0.576327 0.016726
vt 0.517368 0.002761
vt 0.570120 0.011541
vt 0.524448 0.000911
vt 0.563082 0.007187
vt 0.531747 0.000000
vt 0.555247 0.003726
vt 0.539175 0.000083
vt 0.546647 0.001216
vt 0.079985 0.580851
vt 0.071849 0.581761
vt 0.063942 0.581687
vt 0.087674 0.579036
vt 0.056380 0.580655
vt 0.094860 0.576373
vt 0.049222 0.578718
vt 0.101486 0.572919
vt 0.042525 0.575927
vt 0.107495 0.568732
vt 0.036349 0.572336
vt 0.112832 0.563869
vt 0.030752 0.567998
vt 0.117440 0.558389
vt 0.025791 0.562964
vt 0.121262 0.552349
vt 0.071042 0.555659
vt 0.021526 0.557288
vt 0.075460 0.555196
vt 0.066858 0.555626
vt 0.079585 0.554299
vt 0.062872 0.555095
vt 0.124241 0.545807
vt 0.083399 0.552986
vt 0.018015 0.551021
vt 0.059114 0.554093
vt 0.086878 0.551278
vt 0.055610 0.552647
vt 0.090002 0.549195
vt 0.052390 0.550785
vt 0.092749 0.546755
vt 0.049479 0.548532
vt 0.126322 0.538819
vt 0.015316 0.544217
vt 0.095097 0.543979
vt 0.046907 0.545916
vt 0.097026 0.540886
vt 0.044701 0.542964
vt 0.098514 0.537497
vt 0.127447 0.531445
vt 0.042889 0.539702
vt 0.013488 0.536928
vt 0.099539 0.533830
vt 0.041498 0.536157
vt 0.100080 0.529905
vt 0.040556 0.532357
vt 0.127560 0.523740
vt 0.012588 0.529207
vt 0.100115 0.525742
vt 0.040092 0.528327
vt 0.099633 0.521885
vt 0.127175 0.519721
vt 0.040167 0.524511
vt 0.012055 0.525580
vt 0.098623 0.518188
vt 0.040773 0.520799
vt 0.126452 0.515798
vt 0.010953 0.521866
vt 0.097129 0.514689
vt 0.041877 0.517230
vt 0.009464 0.518094
vt 0.125402 0.511981
vt 0.095189 0.511424
vt 0.043445 0.513846
vt 0.007771 0.514293
vt 0.124032 0.508277
vt 0.092847 0.508430
vt 0.045442 0.510684
vt 0.122352 0.504694
vt 0.006055 0.510493
vt 0.090141 0.505743
vt 0.047835 0.507786
vt 0.120371 0.501241
vt 0.004500 0.506721
vt 0.087114 0.503402
vt 0.050589 0.505191
vt 0.083807 0.501442
vt 0.053670 0.502939
vt 0.118099 0.497927
vt 0.003287 0.503008
vt 0.080259 0.499901
vt 0.057045 0.501070
vt 0.115545 0.494759
vt 0.076513 0.498816
vt 0.060679 0.499624
vt 0.002600 0.499382
vt 0.072610 0.498223
vt 0.064539 0.498640
vt 0.068589 0.498159
vt 0.112718 0.491747
vt 0.002620 0.495873
vt 0.109627 0.488897
vt 0.003530 0.492508
vt 0.106282 0.486219
vt 0.005512 0.489317
vt 0.102691 0.483720
vt 0.008750 0.486330
vt 0.106910 0.480740
vt 0.004888 0.484092
vt 0.110734 0.477601
vt 0.002259 0.481552
vt 0.114166 0.474298
vt 0.000688 0.478725
vt 0.117206 0.470829
vt 0.000000 0.475624
vt 0.119853 0.467190
vt 0.067502 0.472072
vt 0.000020 0.472264
vt 0.072520 0.471555
vt 0.062774 0.472055
vt 0.077187 0.470564
vt 0.058281 0.471517
vt 0.081483 0.469125
vt 0.054053 0.470484
vt 0.122110 0.463375
vt 0.085388 0.467261
vt 0.050120 0.468985
vt 0.000571 0.468660
vt 0.088881 0.464997
vt 0.046511 0.467048
vt 0.123977 0.459382
vt 0.091942 0.462357
vt 0.043256 0.464699
vt 0.001480 0.464827
vt 0.094552 0.459366
vt 0.040385 0.461967
vt 0.125455 0.455206
vt 0.002570 0.460779
vt 0.096690 0.456048
vt 0.037929 0.458880
vt 0.126544 0.450844
vt 0.098335 0.452428
vt 0.003666 0.456530
vt 0.035915 0.455464
vt 0.099469 0.448531
vt 0.127245 0.446291
vt 0.034375 0.451749
vt 0.004594 0.452095
vt 0.100069 0.444380
vt 0.033338 0.447762
vt 0.127560 0.441543
vt 0.005178 0.447490
vt 0.100117 0.440001
vt 0.032834 0.443529
vt 0.127488 0.436598
vt 0.005242 0.442727
vt 0.099604 0.435710
vt 0.032866 0.439564
vt 0.126546 0.429137
vt 0.005388 0.435215
vt 0.033379 0.435688
vt 0.098549 0.431685
vt 0.034374 0.431945
vt 0.096981 0.427950
vt 0.124566 0.422072
vt 0.006586 0.427998
vt 0.035850 0.428378
vt 0.094933 0.424530
vt 0.037806 0.425032
vt 0.092434 0.421450
vt 0.121618 0.415457
vt 0.008775 0.421137
vt 0.040241 0.421952
vt 0.089514 0.418735
vt 0.043156 0.419179
vt 0.086205 0.416409
vt 0.117771 0.409350
vt 0.011893 0.414694
vt 0.046548 0.416760
vt 0.082537 0.414498
vt 0.050418 0.414737
vt 0.078541 0.413025
vt 0.054765 0.413155
vt 0.074247 0.412016
vt 0.059589 0.412057
vt 0.069686 0.411495
vt 0.113095 0.403805
vt 0.015880 0.408727
vt 0.064888 0.411488
vt 0.107659 0.398879
vt 0.020674 0.403299
vt 0.101532 0.394627
vt 0.026214 0.398471
vt 0.094784 0.391106
vt 0.032439 0.394302
vt 0.087483 0.388371
vt 0.039287 0.390855
vt 0.079699 0.386479
vt 0.046697 0.388189
vt 0.071502 0.385485
vt 0.054609 0.386365
vt 0.062960 0.385445
vt 0.162263 0.193986
vt 0.189775 0.385445
vt 0.162263 0.385445
vt 0.189775 0.302067
vt 0.297014 0.302067
vt 0.324526 0.385445
vt 0.297014 0.385445
vt 0.324526 0.193986
vt 0.189775 0.277363
vt 0.297014 0.277363
vt 0.189775 0.193986
vt 0.297014 0.193986
vt 0.329579 0.000000
vt 0.357091 0.167878
vt 0.329579 0.191459
vt 0.377865 0.191459
vt 0.387240 0.191037
vt 0.395975 0.189788
vt 0.404034 0.187739
vt 0.411386 0.184919
vt 0.417998 0.181354
vt 0.423835 0.177072
vt 0.428865 0.172099
vt 0.374777 0.167878
vt 0.433055 0.166464
vt 0.357091 0.107801
vt 0.381113 0.167652
vt 0.386802 0.166983
vt 0.391862 0.165886
vt 0.436371 0.160193
vt 0.396313 0.164374
vt 0.400175 0.162459
vt 0.403469 0.160157
vt 0.438781 0.153313
vt 0.406213 0.157481
vt 0.408429 0.154444
vt 0.410135 0.151060
vt 0.440251 0.145853
vt 0.411351 0.147342
vt 0.412098 0.143305
vt 0.440749 0.137839
vt 0.412395 0.138962
vt 0.412277 0.134988
vt 0.440511 0.132413
vt 0.411753 0.131098
vt 0.439801 0.127231
vt 0.410781 0.127343
vt 0.409317 0.123772
vt 0.438630 0.122303
vt 0.407320 0.120434
vt 0.437006 0.117637
vt 0.404745 0.117381
vt 0.434937 0.113244
vt 0.401550 0.114661
vt 0.397693 0.112324
vt 0.432432 0.109134
vt 0.393130 0.110420
vt 0.387818 0.108998
vt 0.429501 0.105317
vt 0.381715 0.108109
vt 0.374777 0.107801
vt 0.357091 0.083097
vt 0.426151 0.101802
vt 0.422392 0.098598
vt 0.418232 0.095717
vt 0.413680 0.093166
vt 0.408745 0.090957
vt 0.412963 0.087951
vt 0.416936 0.084687
vt 0.368601 0.083097
vt 0.372067 0.082985
vt 0.420703 0.081167
vt 0.357091 0.000000
vt 0.375484 0.082582
vt 0.378909 0.081781
vt 0.382398 0.080476
vt 0.424300 0.077388
vt 0.386008 0.078564
vt 0.389796 0.075938
vt 0.427765 0.073353
vt 0.393818 0.072493
vt 0.431134 0.069060
vt 0.398130 0.068124
vt 0.434444 0.064510
vt 0.402789 0.062726
vt 0.437734 0.059702
vt 0.407851 0.056193
vt 0.441038 0.054637
vt 0.413374 0.048420
vt 0.444396 0.049315
vt 0.447843 0.043736
vt 0.419413 0.039302
vt 0.451417 0.037899
vt 0.444679 0.000000
vt 0.453378 0.034723
vt 0.455244 0.031767
vt 0.457054 0.028964
vt 0.458849 0.026250
vt 0.460670 0.023561
vt 0.462557 0.020833
vt 0.464550 0.017999
vt 0.466690 0.014997
vt 0.469017 0.011760
vt 0.471571 0.008225
vt 0.474394 0.004326
vt 0.477525 0.000000
vt 0.164790 0.074955
vt 0.192301 0.193986
vt 0.164790 0.193986
vt 0.192301 0.080851
vt 0.302067 0.082535
vt 0.329579 0.193986
vt 0.302067 0.193986
vt 0.329579 0.077763
vt 0.302018 0.078125
vt 0.192362 0.075703
vt 0.301856 0.073881
vt 0.328994 0.066384
vt 0.192550 0.071038
vt 0.165586 0.062512
vt 0.301563 0.069801
vt 0.192876 0.066814
vt 0.301121 0.065889
vt 0.193351 0.062988
vt 0.327236 0.055724
vt 0.300512 0.062144
vt 0.193987 0.059516
vt 0.167888 0.051273
vt 0.299716 0.058568
vt 0.194793 0.056357
vt 0.298716 0.055161
vt 0.195780 0.053466
vt 0.324302 0.045834
vt 0.297493 0.051925
vt 0.196959 0.050802
vt 0.296027 0.048860
vt 0.171562 0.041215
vt 0.198341 0.048321
vt 0.294302 0.045969
vt 0.199937 0.045980
vt 0.201757 0.043737
vt 0.292298 0.043250
vt 0.320190 0.036765
vt 0.203811 0.041548
vt 0.289996 0.040706
vt 0.206607 0.038928
vt 0.176476 0.032315
vt 0.287686 0.038574
vt 0.209520 0.036541
vt 0.285109 0.036541
vt 0.314897 0.028570
vt 0.212549 0.034385
vt 0.282267 0.034622
vt 0.279162 0.032835
vt 0.215696 0.032461
vt 0.275795 0.031196
vt 0.218959 0.030767
vt 0.182498 0.024550
vt 0.272169 0.029722
vt 0.222340 0.029301
vt 0.268286 0.028430
vt 0.225837 0.028064
vt 0.308419 0.021301
vt 0.264148 0.027335
vt 0.229451 0.027054
vt 0.259756 0.026455
vt 0.233183 0.026270
vt 0.255112 0.025805
vt 0.237031 0.025712
vt 0.250219 0.025403
vt 0.240997 0.025377
vt 0.245079 0.025266
vt 0.189494 0.017897
vt 0.300754 0.015007
vt 0.197332 0.012331
vt 0.291899 0.009742
vt 0.205880 0.007829
vt 0.281850 0.005558
vt 0.215005 0.004369
vt 0.270606 0.002504
vt 0.224575 0.001926
vt 0.258163 0.000635
vt 0.234457 0.000478
vt 0.244517 0.000000
vt 0.427840 0.580708
vt 0.445828 0.581346
vt 0.436805 0.581834
vt 0.454349 0.579269
vt 0.419487 0.578033
vt 0.462323 0.575672
vt 0.411788 0.573880
vt 0.469705 0.570619
vt 0.404782 0.568318
vt 0.398511 0.561415
vt 0.476449 0.564179
vt 0.393014 0.553244
vt 0.437730 0.555742
vt 0.482511 0.556417
vt 0.432598 0.554998
vt 0.442903 0.555363
vt 0.427870 0.553166
vt 0.447748 0.553871
vt 0.388332 0.543872
vt 0.487845 0.547400
vt 0.423562 0.550280
vt 0.452249 0.551297
vt 0.419689 0.546373
vt 0.456390 0.547675
vt 0.416264 0.541480
vt 0.460153 0.543036
vt 0.384506 0.533370
vt 0.492405 0.537195
vt 0.413302 0.535634
vt 0.463521 0.537414
vt 0.410817 0.528868
vt 0.466479 0.530841
vt 0.381575 0.521807
vt 0.496147 0.525869
vt 0.408824 0.521216
vt 0.469009 0.523350
vt 0.379581 0.509253
vt 0.499025 0.513487
vt 0.407338 0.512713
vt 0.471094 0.514973
vt 0.406371 0.503390
vt 0.472718 0.505743
vt 0.378564 0.495778
vt 0.500994 0.500118
vt 0.405940 0.493284
vt 0.473863 0.495692
vt 0.378564 0.481451
vt 0.502009 0.485827
vt 0.406059 0.482426
vt 0.474514 0.484853
vt 0.379579 0.467160
vt 0.406709 0.471587
vt 0.474632 0.473995
vt 0.502009 0.471501
vt 0.407855 0.461536
vt 0.474201 0.463888
vt 0.381548 0.453791
vt 0.500991 0.458026
vt 0.409479 0.452305
vt 0.473235 0.454566
vt 0.384426 0.441410
vt 0.498997 0.445472
vt 0.471749 0.446062
vt 0.411564 0.443928
vt 0.469756 0.438411
vt 0.414094 0.436437
vt 0.388168 0.430084
vt 0.496067 0.433909
vt 0.467271 0.431645
vt 0.417052 0.429864
vt 0.392728 0.419879
vt 0.492241 0.423407
vt 0.464309 0.425798
vt 0.420420 0.424242
vt 0.460884 0.420905
vt 0.424183 0.419604
vt 0.398062 0.410862
vt 0.487559 0.414035
vt 0.457010 0.416999
vt 0.428324 0.415981
vt 0.452703 0.414112
vt 0.432825 0.413408
vt 0.447975 0.412281
vt 0.437670 0.411915
vt 0.404124 0.403100
vt 0.482062 0.405863
vt 0.442843 0.411536
vt 0.410868 0.396659
vt 0.475791 0.398961
vt 0.418250 0.391607
vt 0.468785 0.393398
vt 0.426224 0.388009
vt 0.461086 0.389245
vt 0.434745 0.385933
vt 0.452733 0.386571
vt 0.443768 0.385445
vt 0.547299 0.579307
vt 0.559539 0.578929
vt 0.551137 0.579430
vt 0.543500 0.578937
vt 0.539732 0.578316
vt 0.567452 0.577457
vt 0.535988 0.577444
vt 0.574828 0.575062
vt 0.532259 0.576319
vt 0.528538 0.574939
vt 0.581622 0.571788
vt 0.524817 0.573301
vt 0.521088 0.571404
vt 0.587789 0.567685
vt 0.517344 0.569245
vt 0.513576 0.566823
vt 0.593282 0.562797
vt 0.509777 0.564137
vt 0.505939 0.561183
vt 0.598055 0.557173
vt 0.505939 0.526653
vt 0.509770 0.531289
vt 0.513547 0.535389
vt 0.517273 0.538979
vt 0.520953 0.542083
vt 0.524589 0.544727
vt 0.528187 0.546936
vt 0.531749 0.548735
vt 0.535281 0.550151
vt 0.538785 0.551208
vt 0.542265 0.551932
vt 0.545726 0.552347
vt 0.549172 0.552480
vt 0.602064 0.550858
vt 0.553769 0.552175
vt 0.558136 0.551281
vt 0.562239 0.549826
vt 0.605261 0.543900
vt 0.566047 0.547843
vt 0.569527 0.545360
vt 0.572648 0.542409
vt 0.607602 0.536346
vt 0.575377 0.539019
vt 0.577682 0.535220
vt 0.609039 0.528242
vt 0.579530 0.531044
vt 0.580890 0.526519
vt 0.609529 0.519635
vt 0.581730 0.521676
vt 0.582017 0.516546
vt 0.609173 0.511932
vt 0.581925 0.512673
vt 0.581646 0.509025
vt 0.608084 0.504337
vt 0.581182 0.505559
vt 0.580530 0.502234
vt 0.606230 0.496746
vt 0.579692 0.499005
vt 0.578666 0.495832
vt 0.603582 0.489056
vt 0.577452 0.492671
vt 0.576049 0.489480
vt 0.574457 0.486216
vt 0.600106 0.481162
vt 0.572676 0.482836
vt 0.570704 0.479298
vt 0.595773 0.472963
vt 0.568542 0.475560
vt 0.564215 0.468475
vt 0.590551 0.464354
vt 0.559422 0.461154
vt 0.584409 0.455233
vt 0.554238 0.453654
vt 0.577315 0.445495
vt 0.548735 0.446031
vt 0.542986 0.438342
vt 0.569239 0.435038
vt 0.537065 0.430643
vt 0.560149 0.423758
vt 0.531044 0.422990
vt 0.550014 0.411553
vt 0.524997 0.415441
vt 0.518997 0.408052
vt 0.623285 0.411553
vt 0.623285 0.385445
vt 0.513117 0.400880
vt 0.507430 0.393980
vt 0.502009 0.387410
vt 0.502009 0.385445
vt 0.685370 0.375406
vt 0.710451 0.356980
vt 0.698904 0.381152
vt 0.672654 0.368914
vt 0.660782 0.361719
vt 0.703033 0.354368
vt 0.695683 0.351271
vt 0.649777 0.353864
vt 0.688457 0.347726
vt 0.681408 0.343766
vt 0.639665 0.345393
vt 0.674588 0.339427
vt 0.668053 0.334743
vt 0.630471 0.336350
vt 0.661857 0.329750
vt 0.656052 0.324482
vt 0.622218 0.326777
vt 0.650692 0.318974
vt 0.614933 0.316719
vt 0.645832 0.313260
vt 0.641526 0.307377
vt 0.608639 0.306218
vt 0.665815 0.303047
vt 0.676050 0.300325
vt 0.668857 0.302446
vt 0.662852 0.303477
vt 0.659969 0.303749
vt 0.682675 0.297359
vt 0.657168 0.303877
vt 0.654450 0.303875
vt 0.637826 0.301358
vt 0.651815 0.303755
vt 0.688692 0.293617
vt 0.649266 0.303533
vt 0.646802 0.303221
vt 0.644424 0.302834
vt 0.694061 0.289167
vt 0.642136 0.302386
vt 0.639936 0.301889
vt 0.698743 0.284075
vt 0.603361 0.295318
vt 0.702697 0.278410
vt 0.705885 0.272240
vt 0.599125 0.284062
vt 0.649735 0.279496
vt 0.652246 0.279210
vt 0.654874 0.278778
vt 0.657658 0.278202
vt 0.708267 0.265633
vt 0.661951 0.276974
vt 0.665911 0.275310
vt 0.647301 0.279633
vt 0.644906 0.279618
vt 0.669515 0.273247
vt 0.709802 0.258657
vt 0.642508 0.279447
vt 0.640069 0.279117
vt 0.672741 0.270819
vt 0.637549 0.278626
vt 0.675565 0.268062
vt 0.634907 0.277971
vt 0.632105 0.277147
vt 0.677965 0.265010
vt 0.629103 0.276153
vt 0.595954 0.272494
vt 0.710451 0.251379
vt 0.625861 0.274985
vt 0.679917 0.261700
vt 0.622931 0.267849
vt 0.681398 0.258165
vt 0.682385 0.254442
vt 0.710175 0.243867
vt 0.621094 0.261009
vt 0.682855 0.250565
vt 0.594301 0.262792
vt 0.682784 0.246570
vt 0.708933 0.236189
vt 0.620269 0.254509
vt 0.682151 0.242491
vt 0.593748 0.253446
vt 0.680902 0.238088
vt 0.706739 0.228818
vt 0.620380 0.248392
vt 0.679235 0.234065
vt 0.621345 0.242703
vt 0.703628 0.221943
vt 0.594261 0.244515
vt 0.677175 0.230441
vt 0.674749 0.227231
vt 0.623087 0.237485
vt 0.699688 0.215621
vt 0.671985 0.224453
vt 0.595807 0.236061
vt 0.625525 0.232781
vt 0.668909 0.222123
vt 0.628582 0.228637
vt 0.695006 0.209905
vt 0.665549 0.220259
vt 0.598353 0.228141
vt 0.632177 0.225094
vt 0.661929 0.218878
vt 0.658079 0.217996
vt 0.636232 0.222198
vt 0.689670 0.204852
vt 0.654023 0.217631
vt 0.640668 0.219991
vt 0.649790 0.217799
vt 0.645406 0.218518
vt 0.601864 0.220815
vt 0.683766 0.200516
vt 0.606307 0.214144
vt 0.677383 0.196954
vt 0.611649 0.208185
vt 0.670608 0.194220
vt 0.617855 0.203000
vt 0.663527 0.192370
vt 0.624893 0.198647
vt 0.656229 0.191459
vt 0.632729 0.195185
vt 0.648800 0.191542
vt 0.641329 0.192675
vt 0.175135 0.580851
vt 0.191178 0.581687
vt 0.183271 0.581761
vt 0.167446 0.579036
vt 0.198740 0.580655
vt 0.160260 0.576373
vt 0.205898 0.578718
vt 0.153634 0.572919
vt 0.212594 0.575927
vt 0.147624 0.568732
vt 0.218771 0.572336
vt 0.142287 0.563869
vt 0.224368 0.567998
vt 0.137680 0.558389
vt 0.229329 0.562964
vt 0.133858 0.552349
vt 0.184077 0.555659
vt 0.233594 0.557288
vt 0.179660 0.555196
vt 0.188262 0.555626
vt 0.175534 0.554299
vt 0.192248 0.555095
vt 0.130879 0.545806
vt 0.171721 0.552986
vt 0.237105 0.551021
vt 0.196006 0.554093
vt 0.168242 0.551278
vt 0.199509 0.552647
vt 0.165118 0.549195
vt 0.202730 0.550785
vt 0.162371 0.546755
vt 0.205640 0.548532
vt 0.128798 0.538819
vt 0.239804 0.544217
vt 0.160023 0.543979
vt 0.208212 0.545916
vt 0.158094 0.540886
vt 0.210418 0.542964
vt 0.156606 0.537497
vt 0.127673 0.531445
vt 0.212231 0.539702
vt 0.241632 0.536928
vt 0.155581 0.533829
vt 0.213622 0.536157
vt 0.155040 0.529905
vt 0.214563 0.532357
vt 0.127560 0.523740
vt 0.242531 0.529207
vt 0.155004 0.525742
vt 0.215028 0.528327
vt 0.155487 0.521885
vt 0.127945 0.519721
vt 0.214953 0.524511
vt 0.243064 0.525580
vt 0.156496 0.518188
vt 0.214346 0.520799
vt 0.128667 0.515798
vt 0.244166 0.521866
vt 0.157991 0.514689
vt 0.213242 0.517230
vt 0.245656 0.518094
vt 0.129718 0.511981
vt 0.159930 0.511424
vt 0.211675 0.513846
vt 0.247349 0.514293
vt 0.131088 0.508277
vt 0.162273 0.508430
vt 0.209678 0.510684
vt 0.132768 0.504694
vt 0.249065 0.510493
vt 0.164979 0.505743
vt 0.207285 0.507786
vt 0.134749 0.501241
vt 0.250620 0.506721
vt 0.168006 0.503402
vt 0.204531 0.505191
vt 0.171313 0.501442
vt 0.201450 0.502939
vt 0.137020 0.497927
vt 0.251832 0.503008
vt 0.174860 0.499901
vt 0.198075 0.501070
vt 0.139575 0.494759
vt 0.178606 0.498816
vt 0.194441 0.499624
vt 0.252520 0.499382
vt 0.182510 0.498223
vt 0.190581 0.498640
vt 0.186530 0.498159
vt 0.142402 0.491747
vt 0.252500 0.495873
vt 0.145493 0.488897
vt 0.251590 0.492508
vt 0.148838 0.486219
vt 0.249607 0.489317
vt 0.152429 0.483720
vt 0.246370 0.486330
vt 0.148210 0.480740
vt 0.250232 0.484092
vt 0.144385 0.477601
vt 0.252861 0.481552
vt 0.140954 0.474298
vt 0.254432 0.478725
vt 0.137914 0.470829
vt 0.255120 0.475624
vt 0.135266 0.467190
vt 0.187617 0.472072
vt 0.255100 0.472264
vt 0.182599 0.471555
vt 0.192346 0.472055
vt 0.177933 0.470564
vt 0.196839 0.471517
vt 0.173637 0.469125
vt 0.201067 0.470484
vt 0.133009 0.463375
vt 0.169732 0.467261
vt 0.205000 0.468985
vt 0.254549 0.468660
vt 0.166239 0.464997
vt 0.208609 0.467048
vt 0.131143 0.459382
vt 0.163178 0.462357
vt 0.211864 0.464699
vt 0.253640 0.464827
vt 0.160568 0.459366
vt 0.214734 0.461967
vt 0.129665 0.455206
vt 0.252550 0.460779
vt 0.158430 0.456048
vt 0.217191 0.458880
vt 0.128576 0.450844
vt 0.156785 0.452428
vt 0.251454 0.456530
vt 0.219205 0.455464
vt 0.155651 0.448531
vt 0.127874 0.446291
vt 0.220745 0.451749
vt 0.250526 0.452095
vt 0.155051 0.444380
vt 0.221782 0.447761
vt 0.127560 0.441543
vt 0.249942 0.447490
vt 0.155003 0.440001
vt 0.222286 0.443529
vt 0.127632 0.436598
vt 0.249878 0.442727
vt 0.155516 0.435710
vt 0.222254 0.439564
vt 0.128574 0.429137
vt 0.249732 0.435215
vt 0.221741 0.435688
vt 0.156571 0.431685
vt 0.220746 0.431945
vt 0.158138 0.427950
vt 0.130554 0.422072
vt 0.248534 0.427998
vt 0.219270 0.428378
vt 0.160187 0.424530
vt 0.217314 0.425032
vt 0.162686 0.421450
vt 0.133502 0.415457
vt 0.246345 0.421137
vt 0.214879 0.421952
vt 0.165606 0.418735
vt 0.211964 0.419179
vt 0.168914 0.416409
vt 0.137348 0.409350
vt 0.243226 0.414694
vt 0.208572 0.416760
vt 0.172582 0.414498
vt 0.204702 0.414737
vt 0.176579 0.413025
vt 0.200355 0.413155
vt 0.180873 0.412016
vt 0.195531 0.412057
vt 0.185434 0.411495
vt 0.142024 0.403805
vt 0.239240 0.408727
vt 0.190232 0.411488
vt 0.147461 0.398878
vt 0.234445 0.403299
vt 0.153588 0.394627
vt 0.228906 0.398471
vt 0.160336 0.391106
vt 0.222681 0.394302
vt 0.167637 0.388371
vt 0.215833 0.390855
vt 0.175421 0.386479
vt 0.208422 0.388189
vt 0.183618 0.385485
vt 0.200511 0.386365
vt 0.192160 0.385445
vt 0.372212 0.957536
vt 0.367912 0.957536
vt 0.367912 0.866940
vt 0.372212 0.866940
vt 0.610725 0.942587
vt 0.606906 0.942587
vt 0.606906 0.851991
vt 0.610725 0.851991
vt 0.592605 0.794330
vt 0.592605 0.803705
vt 0.502009 0.803705
vt 0.502009 0.794330
vt 0.801047 0.301465
vt 0.801047 0.310051
vt 0.710451 0.310051
vt 0.710451 0.301465
vt 0.866017 0.083824
vt 0.866017 0.093144
vt 0.775420 0.093144
vt 0.775420 0.083824
vt 0.112021 0.958847
vt 0.108058 0.958847
vt 0.108058 0.868251
vt 0.112021 0.868251
vt 0.804477 0.410332
vt 0.804477 0.414543
vt 0.713881 0.414543
vt 0.713881 0.410332
vt 0.486428 0.853622
vt 0.483727 0.853622
vt 0.483727 0.763026
vt 0.486428 0.763026
vt 0.436312 0.597449
vt 0.436312 0.602261
vt 0.345716 0.602261
vt 0.345716 0.597449
vt 0.804477 0.721332
vt 0.804477 0.730567
vt 0.713881 0.730567
vt 0.713881 0.721332
vt 0.775420 0.124136
vt 0.775420 0.128060
vt 0.684824 0.128060
vt 0.684824 0.124136
vt 0.221177 0.762953
vt 0.213477 0.762953
vt 0.213477 0.672357
vt 0.221177 0.672357
vt 0.592605 0.785597
vt 0.502009 0.785597
vt 0.804477 0.628042
vt 0.804477 0.640036
vt 0.713881 0.640036
vt 0.713881 0.628042
vt 0.033075 0.948368
vt 0.025597 0.948368
vt 0.025597 0.857772
vt 0.033075 0.857772
vt 0.436312 0.607379
vt 0.345716 0.607379
vt 0.345716 0.640821
vt 0.345716 0.654293
vt 0.255120 0.654293
vt 0.255120 0.640821
vt 0.592605 0.777539
vt 0.502009 0.777539
vt 0.804477 0.406524
vt 0.713881 0.406524
vt 0.905146 0.181192
vt 0.897409 0.181192
vt 0.897409 0.090596
vt 0.905146 0.090596
vt 0.279332 0.944885
vt 0.272451 0.944885
vt 0.272451 0.854288
vt 0.279332 0.854288
vt 0.550867 0.942587
vt 0.543360 0.942587
vt 0.543360 0.851991
vt 0.550867 0.851991
vt 0.592605 0.770190
vt 0.502009 0.770190
vt 0.801047 0.293755
vt 0.710451 0.293755
vt 0.181192 0.682865
vt 0.181192 0.696239
vt 0.090596 0.696239
vt 0.090596 0.682865
vt 0.104192 0.958847
vt 0.104192 0.868251
vt 0.592605 0.614462
vt 0.592605 0.625175
vt 0.502009 0.625175
vt 0.502009 0.614462
vt 0.956925 0.282055
vt 0.952763 0.282055
vt 0.952763 0.191459
vt 0.956925 0.191459
vt 0.489324 0.853622
vt 0.489324 0.763026
vt 0.436312 0.611254
vt 0.345716 0.611254
vt 0.775420 0.131823
vt 0.684824 0.131823
vt 0.602868 0.942587
vt 0.602868 0.851991
vt 0.592605 0.763583
vt 0.502009 0.763583
vt 0.480100 0.944219
vt 0.477384 0.944219
vt 0.477384 0.853622
vt 0.480100 0.853622
vt 0.866017 0.073718
vt 0.775420 0.073718
vt 0.436312 0.614909
vt 0.345716 0.614909
vt 0.804477 0.740621
vt 0.713881 0.740621
vt 0.376256 0.957536
vt 0.376256 0.866940
vt 0.592605 0.757750
vt 0.502009 0.757750
vt 0.100470 0.958847
vt 0.100470 0.868251
vt 0.804477 0.403075
vt 0.713881 0.403075
vt 0.960790 0.282055
vt 0.960790 0.191459
vt 0.944197 0.657234
vt 0.936553 0.657234
vt 0.936553 0.566637
vt 0.944197 0.566637
vt 0.345716 0.668619
vt 0.255120 0.668619
vt 0.090596 0.713140
vt 0.090596 0.724299
vt 0.000000 0.724299
vt 0.000000 0.713140
vt 0.209451 0.762953
vt 0.209451 0.672357
vt 0.592605 0.752725
vt 0.502009 0.752725
vt 0.474334 0.944219
vt 0.474334 0.853622
vt 0.801047 0.286128
vt 0.710451 0.286128
vt 0.936995 0.566637
vt 0.919309 0.566637
vt 0.919309 0.476041
vt 0.936995 0.476041
vt 0.436312 0.618388
vt 0.345716 0.618388
vt 0.380021 0.957536
vt 0.380021 0.866940
vt 0.775420 0.135423
vt 0.684824 0.135423
vt 0.599054 0.942587
vt 0.599054 0.851991
vt 0.470977 0.944219
vt 0.470977 0.853622
vt 0.181192 0.668572
vt 0.090596 0.668572
vt 0.018493 0.948368
vt 0.018493 0.857772
vt 0.436312 0.621733
vt 0.345716 0.621733
vt 0.628777 0.951051
vt 0.623285 0.951051
vt 0.623285 0.860454
vt 0.628777 0.860454
vt 0.866017 0.062860
vt 0.775420 0.062860
vt 0.804477 0.399944
vt 0.713881 0.399944
vt 0.908783 0.181192
vt 0.908783 0.090596
vt 0.286672 0.944885
vt 0.286672 0.854288
vt 0.804477 0.751462
vt 0.713881 0.751462
vt 0.558060 0.942587
vt 0.558060 0.851991
vt 0.775420 0.138860
vt 0.684824 0.138860
vt 0.496355 0.672430
vt 0.436312 0.672430
vt 0.436312 0.581834
vt 0.496355 0.581834
vt 0.801047 0.278479
vt 0.710451 0.278479
vt 0.096934 0.958847
vt 0.096934 0.868251
vt 0.964505 0.282055
vt 0.964505 0.191459
vt 0.912971 0.566637
vt 0.912971 0.476041
vt 0.951279 0.657234
vt 0.951279 0.566637
vt 0.436312 0.624986
vt 0.345716 0.624986
vt 0.345716 0.682913
vt 0.255120 0.682913
vt 0.595355 0.942587
vt 0.595355 0.851991
vt 0.467341 0.944219
vt 0.467341 0.853622
vt 0.804477 0.397088
vt 0.713881 0.397088
vt 0.907279 0.566637
vt 0.907279 0.476041
vt 0.436312 0.628191
vt 0.345716 0.628191
vt 0.383479 0.957536
vt 0.383479 0.866940
vt 0.205515 0.762953
vt 0.205515 0.672357
vt 0.804477 0.649843
vt 0.713881 0.649843
vt 0.866017 0.052019
vt 0.775421 0.052019
vt 0.093628 0.958847
vt 0.093628 0.868251
vt 0.592605 0.604480
vt 0.502009 0.604480
vt 0.902213 0.566637
vt 0.902213 0.476041
vt 0.804477 0.762321
vt 0.713881 0.762321
vt 0.775420 0.142134
vt 0.684824 0.142134
vt 0.463456 0.944219
vt 0.463456 0.853622
vt 0.801047 0.270705
vt 0.710451 0.270705
vt 0.912518 0.181192
vt 0.912518 0.090596
vt 0.436312 0.631390
vt 0.345716 0.631390
vt 0.386606 0.957536
vt 0.386606 0.866940
vt 0.634934 0.951051
vt 0.634934 0.860454
vt 0.181192 0.654246
vt 0.090596 0.654246
vt 0.011821 0.948368
vt 0.011821 0.857772
vt 0.804477 0.394465
vt 0.713881 0.394465
vt 0.968032 0.282055
vt 0.968032 0.191459
vt 0.897753 0.566637
vt 0.897753 0.476041
vt 0.294415 0.944885
vt 0.294415 0.854288
vt 0.436312 0.634625
vt 0.345716 0.634625
vt 0.775420 0.145245
vt 0.684824 0.145245
vt 0.591809 0.942587
vt 0.591809 0.851991
vt 0.866017 0.041966
vt 0.775421 0.041966
vt 0.893879 0.566637
vt 0.893879 0.476041
vt 0.957778 0.657234
vt 0.957778 0.566637
vt 0.436312 0.637939
vt 0.345716 0.637939
vt 0.804477 0.772426
vt 0.713881 0.772426
vt 0.564878 0.942587
vt 0.564878 0.851991
vt 0.090596 0.734233
vt 0.000000 0.734233
vt 0.459348 0.944219
vt 0.459348 0.853622
vt 0.090596 0.958847
vt 0.090596 0.868251
vt 0.916317 0.181192
vt 0.916317 0.090596
vt 0.890571 0.566637
vt 0.890571 0.476041
vt 0.345716 0.696288
vt 0.255120 0.696288
vt 0.201677 0.762953
vt 0.201677 0.672357
vt 0.804477 0.659029
vt 0.713881 0.659029
vt 0.801047 0.262700
vt 0.710451 0.262700
vt 0.804477 0.392031
vt 0.713881 0.392031
vt 0.436312 0.641374
vt 0.345716 0.641374
vt 0.389376 0.957536
vt 0.389376 0.866940
vt 0.775420 0.148191
vt 0.684824 0.148191
vt 0.641729 0.951051
vt 0.641729 0.860454
vt 0.454773 0.944219
vt 0.454773 0.853622
vt 0.181192 0.640773
vt 0.090596 0.640773
vt 0.937185 0.747830
vt 0.934127 0.747830
vt 0.934127 0.657233
vt 0.937185 0.657233
vt 0.971334 0.282055
vt 0.971334 0.191459
vt 0.887811 0.566637
vt 0.887811 0.476041
vt 0.436312 0.644974
vt 0.345716 0.644974
vt 0.588457 0.942587
vt 0.588457 0.851991
vt 0.866017 0.032732
vt 0.775421 0.032732
vt 0.804477 0.389745
vt 0.713881 0.389745
vt 0.977121 0.566637
vt 0.974157 0.566637
vt 0.974157 0.476041
vt 0.977121 0.476041
vt 0.302101 0.944885
vt 0.302101 0.854288
vt 0.804477 0.781745
vt 0.713881 0.781745
vt 0.890991 0.747830
vt 0.887811 0.747830
vt 0.887811 0.657233
vt 0.890991 0.657233
vt 0.801047 0.254360
vt 0.710451 0.254360
vt 0.005637 0.948368
vt 0.005637 0.857772
vt 0.804477 0.387564
vt 0.713881 0.387564
vt 0.920149 0.181192
vt 0.920149 0.090596
vt 0.970830 0.566637
vt 0.970830 0.476041
vt 0.963670 0.657234
vt 0.963670 0.566637
vt 0.436312 0.648781
vt 0.345716 0.648781
vt 0.345716 0.708678
vt 0.255120 0.708678
vt 0.775420 0.150973
vt 0.684824 0.150973
vt 0.197946 0.762953
vt 0.197946 0.672357
vt 0.450461 0.944219
vt 0.450461 0.853622
vt 0.436312 0.656002
vt 0.345716 0.656002
vt 0.571261 0.942587
vt 0.571261 0.851991
vt 0.649137 0.951051
vt 0.649137 0.860454
vt 0.181192 0.628223
vt 0.090596 0.628223
vt 0.930610 0.747830
vt 0.930610 0.657233
vt 0.592605 0.595279
vt 0.502009 0.595279
vt 0.974372 0.282055
vt 0.974372 0.191459
vt 0.967154 0.566637
vt 0.967154 0.476041
vt 0.968934 0.657234
vt 0.968934 0.566637
vt 0.804477 0.790244
vt 0.713881 0.790244
vt 0.585336 0.942587
vt 0.585336 0.851991
vt 0.801047 0.245582
vt 0.710451 0.245582
vt 0.804477 0.385445
vt 0.713881 0.385445
vt 0.963143 0.566637
vt 0.963143 0.476041
vt 0.309537 0.944885
vt 0.309537 0.854288
vt 0.436312 0.663474
vt 0.345716 0.663474
vt 0.894552 0.747830
vt 0.894552 0.657233
vt 0.775420 0.153590
vt 0.684824 0.153590
vt 0.194330 0.762953
vt 0.194330 0.672357
vt 0.804477 0.667546
vt 0.713881 0.667546
vt 0.866017 0.024351
vt 0.775421 0.024351
vt 0.926638 0.747830
vt 0.926638 0.657233
vt 0.804477 0.797890
vt 0.713881 0.797890
vt 0.657129 0.951051
vt 0.657129 0.860454
vt 0.446435 0.944219
vt 0.446435 0.853622
vt 0.801047 0.236261
vt 0.710451 0.236261
vt 0.803840 0.372652
vt 0.801047 0.372652
vt 0.801047 0.282055
vt 0.803840 0.282055
vt 0.923982 0.181192
vt 0.923982 0.090596
vt 0.958812 0.566637
vt 0.958812 0.476041
vt 0.436312 0.671138
vt 0.345716 0.671138
vt 0.898464 0.747830
vt 0.898464 0.657233
vt 0.090596 0.742968
vt 0.000000 0.742968
vt 0.442720 0.944219
vt 0.442720 0.853622
vt 0.866017 0.016854
vt 0.775421 0.016854
vt 0.922213 0.747830
vt 0.922213 0.657233
vt 0.977110 0.282055
vt 0.977110 0.191459
vt 0.954836 0.566637
vt 0.954836 0.476041
vt 0.345716 0.720016
vt 0.255120 0.720016
vt 0.887231 0.372652
vt 0.884919 0.372652
vt 0.884919 0.282055
vt 0.887231 0.282055
vt 0.582486 0.942587
vt 0.582486 0.851991
vt 0.801047 0.226293
vt 0.710451 0.226293
vt 0.973546 0.657234
vt 0.973546 0.566637
vt 0.436312 0.678935
vt 0.345716 0.678935
vt 0.902698 0.747830
vt 0.902698 0.657233
vt 0.190839 0.762953
vt 0.190839 0.672357
vt 0.662560 0.951051
vt 0.662560 0.860454
vt 0.181192 0.616666
vt 0.090596 0.616666
vt 0.917337 0.747830
vt 0.917337 0.657233
vt 0.806750 0.372652
vt 0.806750 0.282055
vt 0.950931 0.566637
vt 0.950931 0.476041
vt 0.316648 0.944885
vt 0.316648 0.854288
vt 0.436312 0.686806
vt 0.345716 0.686806
vt 0.804477 0.804648
vt 0.713881 0.804648
vt 0.882340 0.372652
vt 0.882340 0.282055
vt 0.439338 0.944219
vt 0.439338 0.853622
vt 0.927782 0.181192
vt 0.927782 0.090596
vt 0.907225 0.747830
vt 0.907225 0.657233
vt 0.667763 0.951051
vt 0.667763 0.860454
vt 0.804477 0.675344
vt 0.713881 0.675344
vt 0.801047 0.215572
vt 0.710451 0.215572
vt 0.866017 0.010275
vt 0.775421 0.010275
vt -0.000000 0.948368
vt -0.000000 0.857772
vt 0.592605 0.586912
vt 0.502009 0.586912
vt 0.136293 0.958847
vt 0.133395 0.958847
vt 0.133395 0.868251
vt 0.136293 0.868251
vt 0.947146 0.566637
vt 0.947146 0.476041
vt 0.436312 0.694693
vt 0.345716 0.694693
vt 0.345716 0.730235
vt 0.255120 0.730235
vt 0.175751 0.958847
vt 0.172862 0.958847
vt 0.172862 0.868251
vt 0.175751 0.868251
vt 0.809778 0.372652
vt 0.809778 0.282055
vt 0.943530 0.566637
vt 0.943530 0.476041
vt 0.977485 0.657234
vt 0.977485 0.566637
vt 0.577151 0.942587
vt 0.577151 0.851991
vt 0.879496 0.372652
vt 0.879496 0.282055
vt 0.436312 0.944219
vt 0.436312 0.853622
vt 0.801047 0.203996
vt 0.710451 0.203996
vt 0.181192 0.606172
vt 0.090596 0.606172
vt 0.912015 0.747830
vt 0.912015 0.657233
vt 0.139491 0.958847
vt 0.139491 0.868251
vt 0.436312 0.702536
vt 0.345716 0.702536
vt 0.804477 0.810485
vt 0.713881 0.810485
vt 0.876389 0.372652
vt 0.876389 0.282055
vt 0.169665 0.958847
vt 0.169665 0.868251
vt 0.672728 0.951051
vt 0.672728 0.860454
vt 0.940130 0.566637
vt 0.940130 0.476041
vt 0.892734 0.476041
vt 0.888847 0.476041
vt 0.888847 0.385445
vt 0.892734 0.385445
vt 0.187480 0.762953
vt 0.187480 0.672357
vt 0.801047 0.191459
vt 0.710451 0.191459
vt 0.866017 0.004646
vt 0.775421 0.004646
vt 0.812922 0.372652
vt 0.812922 0.282055
vt 0.323357 0.944885
vt 0.323357 0.854288
vt 0.436312 0.710276
vt 0.345716 0.710276
vt 0.804477 0.815368
vt 0.713881 0.815368
vt 0.713881 0.768156
vt 0.713881 0.773358
vt 0.623285 0.773358
vt 0.623285 0.768156
vt 0.873021 0.372652
vt 0.873021 0.282055
vt 0.677445 0.951051
vt 0.677445 0.860454
vt 0.933511 0.476041
vt 0.930638 0.476041
vt 0.930638 0.385445
vt 0.933511 0.385445
vt 0.931517 0.181192
vt 0.931517 0.090596
vt 0.936995 0.566637
vt 0.936995 0.476041
vt 0.436312 0.717856
vt 0.345716 0.717856
vt 0.804477 0.682373
vt 0.713881 0.682373
vt 0.866017 0.000000
vt 0.775421 -0.000000
vt 0.582486 0.942587
vt 0.582486 0.851991
vt 0.816184 0.372652
vt 0.816184 0.282055
vt 0.142951 0.958847
vt 0.142951 0.868251
vt 0.345716 0.739268
vt 0.255120 0.739268
vt 0.713881 0.779281
vt 0.623285 0.779281
vt 0.090596 0.750535
vt 0.000000 0.750534
vt 0.166195 0.958847
vt 0.166195 0.868251
vt 0.681904 0.951051
vt 0.681904 0.860454
vt 0.254463 0.672357
vt 0.181192 0.672357
vt 0.181192 0.581761
vt 0.254463 0.581761
vt 0.936055 0.282055
vt 0.932858 0.282055
vt 0.932858 0.191459
vt 0.936055 0.191459
vt 0.897015 0.476041
vt 0.897015 0.385445
vt 0.869393 0.372652
vt 0.869393 0.282055
vt 0.184261 0.762953
vt 0.184261 0.672357
vt 0.927407 0.476041
vt 0.927407 0.385445
vt 1.000000 0.747830
vt 0.973907 0.747830
vt 0.973907 0.657233
vt 1.000000 0.657233
vt 0.181192 0.596810
vt 0.090596 0.596810
vt 0.713881 0.854696
vt 0.713881 0.860454
vt 0.623285 0.860454
vt 0.623285 0.854696
vt 0.928998 0.282055
vt 0.928998 0.191459
vt 0.436312 0.725215
vt 0.345716 0.725215
vt 0.973906 0.747830
vt 0.969893 0.747830
vt 0.969893 0.657233
vt 0.973906 0.657233
vt 0.713881 0.785859
vt 0.623285 0.785859
vt 0.923841 0.476041
vt 0.923841 0.385445
vt 0.819563 0.372652
vt 0.819563 0.282055
vt 0.146634 0.958847
vt 0.146634 0.868251
vt 0.436312 0.732295
vt 0.345716 0.732295
vt 0.865509 0.372652
vt 0.865509 0.282055
vt 0.162489 0.958847
vt 0.162489 0.868251
vt 0.686095 0.951051
vt 0.686095 0.860454
vt 0.941188 0.747830
vt 0.937183 0.747830
vt 0.937183 0.657233
vt 0.941188 0.657233
vt 0.713881 0.848285
vt 0.623285 0.848285
vt 0.924433 0.282055
vt 0.924433 0.191459
vt 0.901605 0.476041
vt 0.901605 0.385445
vt 0.436312 0.739037
vt 0.345716 0.739037
vt 0.965483 0.747830
vt 0.965483 0.657233
vt 0.713881 0.793025
vt 0.623285 0.793025
vt 0.823059 0.372652
vt 0.823059 0.282055
vt 0.935156 0.181192
vt 0.935156 0.090596
vt 0.919120 0.282055
vt 0.919120 0.191459
vt 0.329590 0.944885
vt 0.329590 0.854288
vt 0.436312 0.741001
vt 0.345716 0.741001
vt 0.919963 0.476041
vt 0.919963 0.385445
vt 0.181192 0.746977
vt 0.181192 0.868251
vt 0.090596 0.868251
vt 0.090596 0.746977
vt 0.945593 0.747830
vt 0.945593 0.657233
vt 0.713881 0.841284
vt 0.623285 0.841284
vt 0.592605 0.579430
vt 0.502009 0.579430
vt 0.150500 0.958847
vt 0.150500 0.868251
vt 0.978209 0.090596
vt 0.966255 0.090596
vt 0.966255 0.000000
vt 0.978209 0.000000
vt 0.960692 0.747830
vt 0.960692 0.657233
vt 0.713881 0.800713
vt 0.623285 0.800713
vt 0.861369 0.372652
vt 0.861369 0.282055
vt 0.158582 0.958847
vt 0.158582 0.868251
vt 0.690009 0.951051
vt 0.690009 0.860454
vt 0.913016 0.282055
vt 0.913016 0.191459
vt 0.906415 0.476041
vt 0.906415 0.385445
vt 0.500591 0.944219
vt 0.500591 0.853622
vt 0.915795 0.476041
vt 0.915795 0.385445
vt 0.955261 0.090596
vt 0.955261 0.000000
vt 0.950381 0.747830
vt 0.950381 0.657233
vt 0.713881 0.833758
vt 0.623285 0.833758
vt 0.826673 0.372652
vt 0.826673 0.282055
vt 0.154512 0.958847
vt 0.154512 0.868251
vt 0.906078 0.282055
vt 0.906078 0.191459
vt 0.345716 0.747049
vt 0.255120 0.747049
vt 0.713881 0.808855
vt 0.623285 0.808855
vt 0.856976 0.372652
vt 0.856976 0.282055
vt 0.945244 0.090596
vt 0.945244 0.000000
vt 0.911360 0.476041
vt 0.911360 0.385445
vt 0.181192 0.588650
vt 0.090596 0.588650
vt 0.713881 0.825771
vt 0.623285 0.825771
vt 0.830403 0.372652
vt 0.830403 0.282055
vt 0.181192 0.762953
vt 0.181192 0.672357
vt 0.981280 0.476041
vt 0.974639 0.476041
vt 0.974639 0.385445
vt 0.981280 0.385445
vt 0.955536 0.747830
vt 0.955536 0.657233
vt 0.713881 0.817386
vt 0.623285 0.817386
vt 0.852332 0.372652
vt 0.852332 0.282055
vt 0.888392 0.282055
vt 0.888392 0.191459
vt 0.804477 0.688585
vt 0.713881 0.688585
vt 0.987744 0.476041
vt 0.987744 0.385445
vt 0.938665 0.181192
vt 0.938665 0.090596
vt 0.804477 0.537414
vt 0.804477 0.547775
vt 0.713881 0.547775
vt 0.713881 0.537414
vt 0.834251 0.372652
vt 0.834251 0.282055
vt 0.501309 0.763026
vt 0.498354 0.763026
vt 0.498354 0.672430
vt 0.501309 0.672430
vt 0.693634 0.951051
vt 0.693634 0.860454
vt 0.847439 0.372652
vt 0.847439 0.282055
vt 0.335271 0.944885
vt 0.335271 0.854288
vt 0.252706 0.853550
vt 0.246155 0.853550
vt 0.246155 0.762953
vt 0.252706 0.762953
vt 0.074241 0.948368
vt 0.070501 0.948368
vt 0.070501 0.857772
vt 0.074241 0.857772
vt 0.883017 0.476041
vt 0.883017 0.385445
vt 0.993988 0.476041
vt 0.993988 0.385445
vt 0.942011 0.181192
vt 0.942011 0.090596
vt 0.838216 0.372652
vt 0.838216 0.282055
vt 0.495136 0.763026
vt 0.495136 0.672430
vt 0.078384 0.948368
vt 0.078384 0.857772
vt 0.999966 0.476041
vt 0.999966 0.385445
vt 0.181192 0.581761
vt 0.090596 0.581761
vt 0.842298 0.372652
vt 0.842298 0.282055
vt 0.809895 0.476041
vt 0.804477 0.476041
vt 0.804477 0.385445
vt 0.809895 0.385445
vt 0.804477 0.558509
vt 0.713881 0.558509
vt 0.238925 0.853550
vt 0.238925 0.762953
vt 0.082920 0.948368
vt 0.082920 0.857772
vt 0.876472 0.476041
vt 0.876472 0.385445
vt 0.945164 0.181192
vt 0.945164 0.090596
vt 0.491665 0.763026
vt 0.491665 0.672430
vt 0.087841 0.948368
vt 0.087841 0.857772
vt 0.893723 0.838426
vt 0.887808 0.838426
vt 0.887808 0.747830
vt 0.893723 0.747830
vt 0.188359 0.853550
vt 0.181192 0.853550
vt 0.181192 0.762953
vt 0.188359 0.762953
vt 0.815883 0.476041
vt 0.815883 0.385445
vt 0.231060 0.853550
vt 0.231060 0.762953
vt 0.436312 0.741001
vt 0.436312 0.748037
vt 0.345716 0.748037
vt 0.345716 0.741001
vt 0.980752 0.838426
vt 0.976538 0.838426
vt 0.976538 0.747830
vt 0.980752 0.747830
vt 0.869258 0.476041
vt 0.869258 0.385445
vt 0.899900 0.838426
vt 0.899900 0.747830
vt 0.800304 0.905964
vt 0.796931 0.905964
vt 0.796931 0.815368
vt 0.800304 0.815368
vt 0.804477 0.569568
vt 0.713881 0.569568
vt 0.501286 0.853622
vt 0.496915 0.853622
vt 0.496915 0.763026
vt 0.501286 0.763026
vt 0.984722 0.838426
vt 0.984722 0.747830
vt 0.196177 0.853550
vt 0.196177 0.762953
vt 0.436312 0.859312
vt 0.436312 0.866940
vt 0.345716 0.866940
vt 0.345716 0.859312
vt 0.974639 0.476041
vt 0.963129 0.476041
vt 0.963129 0.385445
vt 0.974639 0.385445
vt 0.822365 0.476041
vt 0.822365 0.385445
vt 0.222604 0.853550
vt 0.222604 0.762953
vt 0.436312 0.755909
vt 0.345716 0.755909
vt 0.861421 0.476041
vt 0.861421 0.385445
vt 0.906291 0.838426
vt 0.906291 0.747830
vt 0.500092 0.672430
vt 0.496355 0.672430
vt 0.496355 0.581834
vt 0.500092 0.581834
vt 0.959662 0.476041
vt 0.959662 0.385445
vt 0.492928 0.853622
vt 0.492928 0.763026
vt 0.912850 0.838426
vt 0.912850 0.747830
vt 0.204605 0.853550
vt 0.204605 0.762953
vt 0.436312 0.850489
vt 0.345716 0.850489
vt 0.829272 0.476041
vt 0.829272 0.385445
vt 0.804477 0.580903
vt 0.713881 0.580903
vt 0.213600 0.853550
vt 0.213600 0.762953
vt 0.436312 0.764483
vt 0.345716 0.764483
vt 0.988485 0.838426
vt 0.988485 0.747830
vt 0.853008 0.476041
vt 0.853008 0.385445
vt 0.504598 0.942587
vt 0.502009 0.942587
vt 0.502009 0.851991
vt 0.504598 0.851991
vt 0.768903 0.996560
vt 0.741392 0.996560
vt 0.741392 0.905964
vt 0.768903 0.905964
vt 0.846264 0.282055
vt 0.842426 0.282055
vt 0.842426 0.191459
vt 0.846264 0.191459
vt 0.489324 0.853622
vt 0.489324 0.763026
vt 0.796932 0.905964
vt 0.713881 0.905964
vt 0.713881 0.815368
vt 0.796932 0.815368
vt 0.919529 0.838426
vt 0.919529 0.747830
vt 0.436312 0.840466
vt 0.345716 0.840465
vt 0.956243 0.476041
vt 0.956243 0.385445
vt 0.836529 0.476041
vt 0.836529 0.385445
vt 0.804477 0.592466
vt 0.713881 0.592466
vt 0.854666 0.282055
vt 0.854666 0.191459
vt 0.436312 0.773629
vt 0.345716 0.773629
vt 0.844064 0.476041
vt 0.844064 0.385445
vt 0.838626 0.282055
vt 0.838626 0.191459
vt 0.507455 0.942587
vt 0.507455 0.851991
vt 0.952813 0.476041
vt 0.952813 0.385445
vt 0.070501 0.948368
vt 0.067094 0.948368
vt 0.067094 0.857772
vt 0.070501 0.857772
vt 0.846357 0.929022
vt 0.838185 0.929022
vt 0.838185 0.838426
vt 0.846357 0.838426
vt 0.926281 0.838426
vt 0.926281 0.747830
vt 0.834858 0.282055
vt 0.834858 0.191459
vt 0.436312 0.829240
vt 0.345716 0.829240
vt 0.949316 0.476041
vt 0.949316 0.385445
vt 0.436312 0.783213
vt 0.345716 0.783213
vt 0.854249 0.929022
vt 0.854249 0.838426
vt 0.933059 0.838426
vt 0.933059 0.747830
vt 0.510569 0.942587
vt 0.510569 0.851991
vt 0.830410 0.929022
vt 0.830410 0.838426
vt 0.804477 0.604209
vt 0.713881 0.604209
vt 0.862577 0.282055
vt 0.862577 0.191459
vt 0.063508 0.948368
vt 0.063508 0.857772
vt 0.869673 0.090596
vt 0.866017 0.090596
vt 0.866017 0.000000
vt 0.869673 0.000000
vt 0.831113 0.282055
vt 0.831113 0.191459
vt 0.436312 0.816808
vt 0.345716 0.816808
vt 0.945695 0.476041
vt 0.945695 0.385445
vt 0.916708 0.929022
vt 0.913607 0.929022
vt 0.913607 0.838426
vt 0.916708 0.838426
vt 0.436312 0.793103
vt 0.345716 0.793103
vt 0.861745 0.929022
vt 0.861745 0.838426
vt 0.941891 0.476041
vt 0.941891 0.385445
vt 0.823092 0.929022
vt 0.823092 0.838426
vt 0.924190 0.929022
vt 0.924190 0.838426
vt 0.869950 0.282055
vt 0.869950 0.191459
vt 0.436312 0.803166
vt 0.345716 0.803166
vt 0.910622 0.929022
vt 0.910622 0.838426
vt 0.827383 0.282055
vt 0.827383 0.191459
vt 0.513927 0.942587
vt 0.513927 0.851991
vt 0.213687 0.944146
vt 0.204686 0.944146
vt 0.204686 0.853550
vt 0.213687 0.853550
vt 0.873591 0.090596
vt 0.873591 0.000000
vt 0.868790 0.929022
vt 0.868790 0.838426
vt 0.907750 0.929022
vt 0.907750 0.838426
vt 0.823660 0.282055
vt 0.823660 0.191459
vt 0.916726 0.657233
vt 0.911689 0.657233
vt 0.911689 0.566637
vt 0.916726 0.566637
vt 0.937849 0.476041
vt 0.937849 0.385445
vt 0.816291 0.929022
vt 0.816291 0.838426
vt 0.222686 0.944146
vt 0.222686 0.853550
vt 0.906967 0.657233
vt 0.906967 0.566637
vt 0.931302 0.929022
vt 0.931302 0.838426
vt 0.876741 0.282055
vt 0.876741 0.191459
vt 0.231125 0.944146
vt 0.231125 0.853550
vt 0.877769 0.090596
vt 0.877769 0.000000
vt 0.875328 0.929022
vt 0.875328 0.838426
vt 0.904988 0.929022
vt 0.904988 0.838426
vt 0.819938 0.282055
vt 0.819938 0.191459
vt 0.196242 0.944146
vt 0.196242 0.853550
vt 0.921433 0.657233
vt 0.921433 0.566637
vt 0.933511 0.476041
vt 0.933511 0.385445
vt 0.810066 0.929022
vt 0.810066 0.838426
vt 0.902503 0.657233
vt 0.902503 0.566637
vt 0.902336 0.929022
vt 0.902336 0.838426
vt 0.816207 0.282055
vt 0.816207 0.191459
vt 0.238963 0.944146
vt 0.238963 0.853550
vt 0.882206 0.090596
vt 0.882206 0.000000
vt 0.881303 0.929022
vt 0.881303 0.838426
vt 0.188396 0.944146
vt 0.188396 0.853550
vt 0.925791 0.657233
vt 0.925791 0.566637
vt 0.953813 0.372652
vt 0.948569 0.372652
vt 0.948569 0.282055
vt 0.953813 0.282055
vt 0.804477 0.929022
vt 0.804477 0.838426
vt 0.939815 0.838426
vt 0.939815 0.747830
vt 0.882904 0.282055
vt 0.882904 0.191459
vt 0.898328 0.657233
vt 0.898328 0.566637
vt 0.899791 0.929022
vt 0.899791 0.838426
vt 0.812460 0.282055
vt 0.812460 0.191459
vt 0.246156 0.944146
vt 0.246156 0.853550
vt 0.059739 0.948368
vt 0.059739 0.857772
vt 0.886901 0.090596
vt 0.886901 0.000000
vt 0.886661 0.929022
vt 0.886661 0.838426
vt 0.808690 0.282055
vt 0.808690 0.191459
vt 0.181193 0.944146
vt 0.181193 0.853550
vt 0.942203 0.372652
vt 0.942203 0.282055
vt 0.253303 0.762953
vt 0.247916 0.762953
vt 0.247916 0.672357
vt 0.253303 0.672357
vt 0.937991 0.929022
vt 0.937991 0.838426
vt 0.897351 0.929022
vt 0.897351 0.838426
vt 0.345716 0.581834
vt 0.345716 0.588716
vt 0.255120 0.588716
vt 0.255120 0.581834
vt 0.929778 0.657233
vt 0.929778 0.566637
vt 0.888392 0.282055
vt 0.888392 0.191459
vt 0.894468 0.657233
vt 0.894468 0.566637
vt 0.891853 0.090596
vt 0.891853 0.000000
vt 0.871144 0.181192
vt 0.866017 0.181192
vt 0.871144 0.090596
vt 0.895014 0.929022
vt 0.895014 0.838426
vt 0.804888 0.282055
vt 0.804888 0.191459
vt 0.934613 0.372652
vt 0.934613 0.282055
vt 0.241954 0.762953
vt 0.241954 0.672357
vt 0.252661 0.944146
vt 0.252661 0.853550
vt 0.892779 0.929022
vt 0.892779 0.838426
vt 0.801047 0.282055
vt 0.801047 0.191459
vt 0.345716 0.596871
vt 0.255120 0.596871
vt 0.517520 0.942587
vt 0.517520 0.851991
vt 0.897061 0.090596
vt 0.897061 0.000000
vt 0.933373 0.657233
vt 0.933373 0.566637
vt 0.944201 0.929022
vt 0.944201 0.838426
vt 0.801047 0.338600
vt 0.801047 0.344062
vt 0.710451 0.344062
vt 0.710451 0.338600
vt 0.890953 0.657233
vt 0.890953 0.566637
vt 0.902522 0.090596
vt 0.902522 0.000000
vt 0.876901 0.181192
vt 0.876901 0.090596
vt 0.890643 0.929022
vt 0.890643 0.838426
vt 0.979676 0.181192
vt 0.979676 0.090596
vt 0.925695 0.372652
vt 0.925695 0.282055
vt 0.706330 0.951051
vt 0.701569 0.951051
vt 0.701569 0.860454
vt 0.706330 0.860454
vt 0.181192 0.739202
vt 0.090596 0.746977
vt 0.090596 0.739202
vt 0.055784 0.948368
vt 0.055784 0.857772
vt 0.415019 0.957536
vt 0.410585 0.957536
vt 0.410585 0.866940
vt 0.415019 0.866940
vt 0.888604 0.929022
vt 0.888604 0.838426
vt 0.406406 0.957536
vt 0.406406 0.866940
vt 0.697345 0.951051
vt 0.697345 0.860454
vt 0.963381 0.838426
vt 0.958228 0.838426
vt 0.958228 0.747830
vt 0.963381 0.747830
vt 0.908237 0.090596
vt 0.908237 0.000000
vt 0.953069 0.838426
vt 0.953069 0.747830
vt 0.936553 0.657233
vt 0.936553 0.566637
vt 0.693633 0.951051
vt 0.693633 0.860454
vt 0.887811 0.657233
vt 0.887811 0.566637
vt 0.419182 0.957536
vt 0.419182 0.866940
vt 0.402450 0.957536
vt 0.402450 0.866940
vt 0.949881 0.929022
vt 0.949881 0.838426
vt 0.491665 0.763026
vt 0.488004 0.763026
vt 0.488004 0.672430
vt 0.491665 0.672430
vt 0.968160 0.838426
vt 0.968160 0.747830
vt 0.911345 0.090596
vt 0.911345 0.000000
vt 0.948270 0.838426
vt 0.948270 0.747830
vt 0.521335 0.942587
vt 0.521335 0.851991
vt 0.235472 0.762953
vt 0.235472 0.672357
vt 0.804477 0.616084
vt 0.713881 0.616084
vt 0.484383 0.763026
vt 0.484383 0.672430
vt 0.914238 0.090596
vt 0.914238 0.000000
vt 0.345716 0.606229
vt 0.255120 0.606229
vt 0.348657 0.957536
vt 0.345716 0.957536
vt 0.345716 0.866940
vt 0.348657 0.866940
vt 0.480799 0.763026
vt 0.480799 0.672430
vt 0.133396 0.958847
vt 0.130607 0.958847
vt 0.130607 0.868251
vt 0.133396 0.868251
vt 0.916979 0.090596
vt 0.916979 0.000000
vt 0.423052 0.957536
vt 0.423052 0.866940
vt 0.954976 0.929022
vt 0.954976 0.838426
vt 0.477248 0.763026
vt 0.477248 0.672430
vt 0.181192 0.730174
vt 0.090596 0.730174
vt 0.051639 0.948368
vt 0.051639 0.857772
vt 0.919631 0.090596
vt 0.919631 0.000000
vt 0.883233 0.181192
vt 0.883233 0.090596
vt 0.260289 0.944885
vt 0.255120 0.944885
vt 0.255120 0.854288
vt 0.260289 0.854288
vt 0.398742 0.957536
vt 0.398742 0.866940
vt 0.473725 0.763026
vt 0.473725 0.672430
vt 0.972551 0.838426
vt 0.972551 0.747830
vt 0.922257 0.090596
vt 0.922257 0.000000
vt 0.943847 0.838426
vt 0.943847 0.747830
vt 0.525362 0.942587
vt 0.525362 0.851991
vt 0.470227 0.763026
vt 0.470227 0.672430
vt 0.924922 0.090596
vt 0.924922 0.000000
vt 0.426607 0.957536
vt 0.426607 0.866940
vt 0.467077 0.853622
vt 0.464566 0.853622
vt 0.464566 0.763026
vt 0.467077 0.763026
vt 0.351933 0.957536
vt 0.351933 0.866940
vt 0.395309 0.957536
vt 0.395309 0.866940
vt 0.466751 0.763026
vt 0.466751 0.672430
vt 0.976538 0.838426
vt 0.976538 0.747830
vt 0.127471 0.958847
vt 0.127471 0.868251
vt 0.927687 0.090596
vt 0.927687 0.000000
vt 0.939815 0.838426
vt 0.939815 0.747830
vt 0.461909 0.853622
vt 0.461909 0.763026
vt 0.463293 0.763026
vt 0.463293 0.672430
vt 0.047299 0.948368
vt 0.047299 0.857772
vt 0.930617 0.090596
vt 0.930617 0.000000
vt 0.429824 0.957536
vt 0.429824 0.866940
vt 0.392178 0.957536
vt 0.392178 0.866940
vt 0.459066 0.853622
vt 0.459066 0.763026
vt 0.866017 0.121893
vt 0.866017 0.126779
vt 0.775420 0.126779
vt 0.775420 0.121893
vt 0.933774 0.090596
vt 0.933774 0.000000
vt 0.459848 0.763026
vt 0.459848 0.672430
vt 0.804477 0.688585
vt 0.804477 0.693235
vt 0.713881 0.693235
vt 0.713881 0.688585
vt 0.355521 0.957536
vt 0.355521 0.866940
vt 0.937222 0.090596
vt 0.937222 0.000000
vt 0.432681 0.957536
vt 0.432681 0.866940
vt 0.266085 0.944885
vt 0.266085 0.854288
vt 0.345716 0.616719
vt 0.255120 0.616719
vt 0.529589 0.942587
vt 0.529589 0.851991
vt 0.389376 0.957536
vt 0.389376 0.866940
vt 0.454607 0.853622
vt 0.454607 0.763026
vt 0.801047 0.332422
vt 0.710451 0.332422
vt 0.124016 0.958847
vt 0.124016 0.868251
vt 0.941024 0.090596
vt 0.941024 0.000000
vt 0.684824 0.000000
vt 0.684824 0.191359
vt 0.594228 0.191359
vt 0.594228 -0.000000
vt 0.455249 0.763026
vt 0.455249 0.672430
vt 0.986658 0.372652
vt 0.986658 0.282055
vt 0.228528 0.762953
vt 0.228528 0.672357
vt 0.450375 0.853622
vt 0.450375 0.763026
vt 0.181192 0.719960
vt 0.090596 0.719960
vt 0.945244 0.090596
vt 0.945244 0.000000
vt 0.620117 0.851219
vt 0.592605 0.851219
vt 0.592605 0.760623
vt 0.620117 0.760623
vt 0.450877 0.763026
vt 0.450877 0.672430
vt 0.359396 0.957536
vt 0.359396 0.866940
vt 0.090596 0.581761
vt 0.090596 0.700729
vt 0.000000 0.700729
vt 0.000000 0.581761
vt 0.866017 0.116052
vt 0.775420 0.116052
vt 0.042761 0.948368
vt 0.042761 0.857772
vt 0.890087 0.181192
vt 0.890087 0.090596
vt 0.887808 0.747830
vt 0.804477 0.747830
vt 0.804477 0.657233
vt 0.887808 0.657233
vt 0.469479 0.853622
vt 0.469479 0.763026
vt 0.446765 0.763026
vt 0.446765 0.672430
vt 0.804477 0.698867
vt 0.713881 0.698867
vt 0.620117 0.670027
vt 0.592605 0.670027
vt 0.592605 0.579430
vt 0.620117 0.579430
vt 0.887811 0.566637
vt 0.804477 0.566637
vt 0.804477 0.476041
vt 0.887811 0.476041
vt 0.120270 0.958847
vt 0.120270 0.868251
vt 0.938786 0.282055
vt 0.938786 0.191459
vt 0.471810 0.853622
vt 0.471810 0.763026
vt 0.804477 0.424342
vt 0.804477 0.537414
vt 0.713881 0.537414
vt 0.713881 0.424342
vt 0.623257 0.942587
vt 0.620590 0.942587
vt 0.620590 0.851991
vt 0.623257 0.851991
vt 0.620117 0.760623
vt 0.592605 0.760623
vt 0.592605 0.670027
vt 0.620117 0.670027
vt 0.446398 0.853622
vt 0.446398 0.763026
vt 0.801047 0.325575
vt 0.710451 0.325575
vt 0.866017 0.109292
vt 0.775420 0.109292
vt 0.775420 0.000000
vt 0.775420 0.111392
vt 0.684824 0.111392
vt 0.442946 0.763026
vt 0.442946 0.672430
vt 0.804477 0.705449
vt 0.713881 0.705449
vt 0.534005 0.942587
vt 0.534005 0.851991
vt 0.713881 0.576804
vt 0.713881 0.768156
vt 0.623285 0.768156
vt 0.623285 0.576804
vt 0.982488 0.929022
vt 0.954976 0.929022
vt 0.954976 0.838426
vt 0.982488 0.838426
vt 0.941842 0.282055
vt 0.941842 0.191459
vt 0.439450 0.763026
vt 0.439450 0.672430
vt 0.345716 0.628273
vt 0.255120 0.628273
vt 0.363534 0.957536
vt 0.363534 0.866940
vt 0.617594 0.942587
vt 0.617594 0.851991
vt 0.116263 0.958847
vt 0.116263 0.868251
vt 0.592605 0.636567
vt 0.592605 0.752725
vt 0.502009 0.752725
vt 0.502009 0.636567
vt 0.474108 0.853622
vt 0.474108 0.763026
vt 0.436312 0.763026
vt 0.436312 0.672430
vt 0.775420 0.115801
vt 0.684824 0.115801
vt 0.345716 0.747049
vt 0.345716 0.854288
vt 0.255120 0.854288
vt 0.255120 0.747049
vt 0.181192 0.708626
vt 0.090596 0.708626
vt 0.038021 0.948368
vt 0.038021 0.857772
vt 0.945203 0.282055
vt 0.945203 0.191459
vt 0.090596 0.750534
vt 0.090596 0.857772
vt -0.000000 0.857772
vt 0.000000 0.750534
vt 0.476410 0.853622
vt 0.476410 0.763026
vt 0.442709 0.853622
vt 0.442709 0.763026
vt 0.801047 0.318103
vt 0.710451 0.318103
vt 0.866017 0.101644
vt 0.775420 0.101644
vt 0.804477 0.419198
vt 0.713881 0.419198
vt 0.436312 0.581834
vt 0.436312 0.585134
vt 0.345716 0.585134
vt 0.804477 0.712948
vt 0.713881 0.712948
vt 0.538599 0.942587
vt 0.538599 0.851991
vt 0.775420 0.120049
vt 0.684824 0.120049
vt 0.614297 0.942587
vt 0.614297 0.851991
vt 0.796415 0.996560
vt 0.796415 0.905964
vt 0.804477 0.838426
vt 0.804477 0.747830
vt 0.478756 0.853622
vt 0.478756 0.763026
vt 0.436312 0.588856
vt 0.345716 0.588856
vt 0.887811 0.657234
vt 0.804477 0.657234
vt 0.804477 0.566637
vt 0.887811 0.566637
vt 0.439337 0.853622
vt 0.439337 0.763026
vt 0.741392 0.996560
vt 0.713881 0.996560
vt 0.713881 0.905964
vt 0.741392 0.905964
vt 0.713881 0.385445
vt 0.713881 0.576804
vt 0.623285 0.576804
vt 0.623285 0.385445
vt 0.948849 0.282055
vt 0.948849 0.191459
vt 0.481182 0.853622
vt 0.481182 0.763026
vt 0.436312 0.592970
vt 0.345716 0.592970
vt 0.592605 0.851991
vt 0.502009 0.851991
vt 0.436312 0.853622
s 0
f 199/1/1 198/2/1 197/3/1
f 199/1/1 197/3/1 196/4/1
f 195/5/1 194/6/1 193/7/1
f 195/5/1 193/7/1 204/8/1
f 199/1/1 196/4/1 201/9/1
f 201/9/1 196/4/1 195/5/1
f 201/9/1 195/5/1 202/10/1
f 202/10/1 195/5/1 204/8/1
f 199/1/1 201/9/1 200/11/1
f 203/12/1 202/10/1 204/8/1
f 206/13/1 205/14/1 272/15/1
f 272/15/1 205/14/1 271/16/1
f 272/15/1 271/16/1 270/17/1
f 272/15/1 270/17/1 269/18/1
f 272/15/1 269/18/1 268/19/1
f 272/15/1 268/19/1 267/20/1
f 272/15/1 267/20/1 266/21/1
f 272/15/1 266/21/1 265/22/1
f 272/15/1 265/22/1 264/23/1
f 272/15/1 264/23/1 273/24/1
f 273/24/1 264/23/1 263/25/1
f 206/13/1 272/15/1 298/26/1
f 274/27/1 273/24/1 263/25/1
f 275/28/1 274/27/1 263/25/1
f 276/29/1 275/28/1 263/25/1
f 276/29/1 263/25/1 262/30/1
f 277/31/1 276/29/1 262/30/1
f 278/32/1 277/31/1 262/30/1
f 279/33/1 278/32/1 262/30/1
f 279/33/1 262/30/1 261/34/1
f 280/35/1 279/33/1 261/34/1
f 281/36/1 280/35/1 261/34/1
f 282/37/1 281/36/1 261/34/1
f 282/37/1 261/34/1 260/38/1
f 283/39/1 282/37/1 260/38/1
f 284/40/1 283/39/1 260/38/1
f 284/40/1 260/38/1 259/41/1
f 285/42/1 284/40/1 259/41/1
f 286/43/1 285/42/1 259/41/1
f 286/43/1 259/41/1 258/44/1
f 287/45/1 286/43/1 258/44/1
f 287/45/1 258/44/1 257/46/1
f 288/47/1 287/45/1 257/46/1
f 289/48/1 288/47/1 257/46/1
f 289/48/1 257/46/1 256/49/1
f 290/50/1 289/48/1 256/49/1
f 290/50/1 256/49/1 255/51/1
f 291/52/1 290/50/1 255/51/1
f 291/52/1 255/51/1 254/53/1
f 292/54/1 291/52/1 254/53/1
f 293/55/1 292/54/1 254/53/1
f 293/55/1 254/53/1 253/56/1
f 294/57/1 293/55/1 253/56/1
f 295/58/1 294/57/1 253/56/1
f 295/58/1 253/56/1 252/59/1
f 296/60/1 295/58/1 252/59/1
f 297/61/1 296/60/1 252/59/1
f 206/13/1 298/26/1 208/62/1
f 208/62/1 298/26/1 297/61/1
f 208/62/1 297/61/1 252/59/1
f 208/62/1 252/59/1 251/63/1
f 208/62/1 251/63/1 250/64/1
f 208/62/1 250/64/1 249/65/1
f 208/62/1 249/65/1 248/66/1
f 208/62/1 248/66/1 247/67/1
f 208/62/1 247/67/1 246/68/1
f 208/62/1 246/68/1 245/69/1
f 208/62/1 245/69/1 209/70/1
f 209/70/1 245/69/1 210/71/1
f 210/71/1 245/69/1 244/72/1
f 206/13/1 208/62/1 207/73/1
f 211/74/1 210/71/1 244/72/1
f 212/75/1 211/74/1 244/72/1
f 213/76/1 212/75/1 244/72/1
f 213/76/1 244/72/1 243/77/1
f 214/78/1 213/76/1 243/77/1
f 215/79/1 214/78/1 243/77/1
f 215/79/1 243/77/1 242/80/1
f 216/81/1 215/79/1 242/80/1
f 216/81/1 242/80/1 241/82/1
f 217/83/1 216/81/1 241/82/1
f 217/83/1 241/82/1 240/84/1
f 218/85/1 217/83/1 240/84/1
f 218/85/1 240/84/1 239/86/1
f 219/87/1 218/85/1 239/86/1
f 219/87/1 239/86/1 238/88/1
f 220/89/1 219/87/1 238/88/1
f 220/89/1 238/88/1 237/90/1
f 220/89/1 237/90/1 236/91/1
f 221/92/1 220/89/1 236/91/1
f 221/92/1 236/91/1 235/93/1
f 222/94/1 221/92/1 235/93/1
f 222/94/1 235/93/1 234/95/1
f 222/94/1 234/95/1 233/96/1
f 222/94/1 233/96/1 232/97/1
f 222/94/1 232/97/1 231/98/1
f 222/94/1 231/98/1 230/99/1
f 222/94/1 230/99/1 229/100/1
f 222/94/1 229/100/1 228/101/1
f 222/94/1 228/101/1 227/102/1
f 222/94/1 227/102/1 226/103/1
f 222/94/1 226/103/1 225/104/1
f 222/94/1 225/104/1 224/105/1
f 222/94/1 224/105/1 223/106/1
f 352/107/1 351/108/1 350/109/1
f 352/107/1 350/109/1 349/110/1
f 301/111/1 300/112/1 299/113/1
f 301/111/1 299/113/1 376/114/1
f 302/115/1 301/111/1 376/114/1
f 352/107/1 349/110/1 348/116/1
f 303/117/1 302/115/1 376/114/1
f 303/117/1 376/114/1 375/118/1
f 352/107/1 348/116/1 347/119/1
f 353/120/1 352/107/1 347/119/1
f 304/121/1 303/117/1 375/118/1
f 353/120/1 347/119/1 346/122/1
f 305/123/1 304/121/1 375/118/1
f 353/120/1 346/122/1 345/124/1
f 305/123/1 375/118/1 374/125/1
f 306/126/1 305/123/1 374/125/1
f 353/120/1 345/124/1 344/127/1
f 354/128/1 353/120/1 344/127/1
f 307/129/1 306/126/1 374/125/1
f 354/128/1 344/127/1 343/130/1
f 308/131/1 307/129/1 374/125/1
f 354/128/1 343/130/1 342/132/1
f 308/131/1 374/125/1 373/133/1
f 309/134/1 308/131/1 373/133/1
f 354/128/1 342/132/1 341/135/1
f 310/136/1 309/134/1 373/133/1
f 355/137/1 354/128/1 341/135/1
f 355/137/1 341/135/1 340/138/1
f 311/139/1 310/136/1 373/133/1
f 355/137/1 340/138/1 339/140/1
f 355/137/1 339/140/1 338/141/1
f 312/142/1 311/139/1 373/133/1
f 312/142/1 373/133/1 372/143/1
f 355/137/1 338/141/1 337/144/1
f 313/145/1 312/142/1 372/143/1
f 355/137/1 337/144/1 336/146/1
f 356/147/1 355/137/1 336/146/1
f 314/148/1 313/145/1 372/143/1
f 356/147/1 336/146/1 335/149/1
f 315/150/1 314/148/1 372/143/1
f 315/150/1 372/143/1 371/151/1
f 356/147/1 335/149/1 334/152/1
f 316/153/1 315/150/1 371/151/1
f 317/154/1 316/153/1 371/151/1
f 356/147/1 334/152/1 333/155/1
f 318/156/1 317/154/1 371/151/1
f 356/147/1 333/155/1 332/157/1
f 357/158/1 356/147/1 332/157/1
f 319/159/1 318/156/1 371/151/1
f 357/158/1 332/157/1 331/160/1
f 320/161/1 319/159/1 371/151/1
f 357/158/1 331/160/1 330/162/1
f 320/161/1 371/151/1 370/163/1
f 321/164/1 320/161/1 370/163/1
f 357/158/1 330/162/1 329/165/1
f 322/166/1 321/164/1 370/163/1
f 357/158/1 329/165/1 328/167/1
f 323/168/1 322/166/1 370/163/1
f 357/158/1 328/167/1 327/169/1
f 324/170/1 323/168/1 370/163/1
f 357/158/1 327/169/1 326/171/1
f 325/172/1 324/170/1 370/163/1
f 357/158/1 326/171/1 325/172/1
f 357/158/1 325/172/1 370/163/1
f 358/173/1 357/158/1 370/163/1
f 358/173/1 370/163/1 369/174/1
f 359/175/1 358/173/1 369/174/1
f 359/175/1 369/174/1 368/176/1
f 360/177/1 359/175/1 368/176/1
f 360/177/1 368/176/1 367/178/1
f 361/179/1 360/177/1 367/178/1
f 361/179/1 367/178/1 366/180/1
f 362/181/1 361/179/1 366/180/1
f 362/181/1 366/180/1 365/182/1
f 363/183/1 362/181/1 365/182/1
f 363/183/1 365/182/1 364/184/1
f 390/185/1 389/186/1 388/187/1
f 390/185/1 388/187/1 387/188/1
f 391/189/1 390/185/1 387/188/1
f 391/189/1 387/188/1 386/190/1
f 392/191/1 391/189/1 386/190/1
f 392/191/1 386/190/1 385/192/1
f 393/193/1 392/191/1 385/192/1
f 394/194/1 393/193/1 385/192/1
f 394/194/1 385/192/1 384/195/1
f 395/196/1 394/194/1 384/195/1
f 395/196/1 384/195/1 461/197/1
f 461/197/1 384/195/1 383/198/1
f 395/196/1 461/197/1 460/199/1
f 462/200/1 461/197/1 383/198/1
f 395/196/1 460/199/1 459/201/1
f 463/202/1 462/200/1 383/198/1
f 396/203/1 395/196/1 459/201/1
f 463/202/1 383/198/1 382/204/1
f 396/203/1 459/201/1 458/205/1
f 464/206/1 463/202/1 382/204/1
f 396/203/1 458/205/1 457/207/1
f 465/208/1 464/206/1 382/204/1
f 396/203/1 457/207/1 456/209/1
f 466/210/1 465/208/1 382/204/1
f 397/211/1 396/203/1 456/209/1
f 466/210/1 382/204/1 381/212/1
f 397/211/1 456/209/1 455/213/1
f 467/214/1 466/210/1 381/212/1
f 397/211/1 455/213/1 454/215/1
f 468/216/1 467/214/1 381/212/1
f 398/217/1 397/211/1 454/215/1
f 468/216/1 381/212/1 380/218/1
f 398/217/1 454/215/1 453/219/1
f 469/220/1 468/216/1 380/218/1
f 399/221/1 398/217/1 453/219/1
f 469/220/1 380/218/1 379/222/1
f 399/221/1 453/219/1 452/223/1
f 470/224/1 469/220/1 379/222/1
f 399/221/1 452/223/1 451/225/1
f 471/226/1 470/224/1 379/222/1
f 400/227/1 399/221/1 451/225/1
f 471/226/1 379/222/1 378/228/1
f 400/227/1 451/225/1 450/229/1
f 472/230/1 471/226/1 378/228/1
f 401/231/1 400/227/1 450/229/1
f 472/230/1 378/228/1 377/232/1
f 401/231/1 450/229/1 449/233/1
f 425/234/1 472/230/1 377/232/1
f 402/235/1 401/231/1 449/233/1
f 402/235/1 449/233/1 448/236/1
f 426/237/1 425/234/1 377/232/1
f 426/237/1 377/232/1 424/238/1
f 402/235/1 448/236/1 447/239/1
f 427/240/1 426/237/1 424/238/1
f 403/241/1 402/235/1 447/239/1
f 427/240/1 424/238/1 423/242/1
f 403/241/1 447/239/1 446/243/1
f 428/244/1 427/240/1 423/242/1
f 404/245/1 403/241/1 446/243/1
f 428/244/1 423/242/1 422/246/1
f 429/247/1 428/244/1 422/246/1
f 404/245/1 446/243/1 445/248/1
f 430/249/1 429/247/1 422/246/1
f 404/245/1 445/248/1 444/250/1
f 405/251/1 404/245/1 444/250/1
f 430/249/1 422/246/1 421/252/1
f 431/253/1 430/249/1 421/252/1
f 405/251/1 444/250/1 443/254/1
f 406/255/1 405/251/1 443/254/1
f 431/253/1 421/252/1 420/256/1
f 432/257/1 431/253/1 420/256/1
f 406/255/1 443/254/1 442/258/1
f 433/259/1 432/257/1 420/256/1
f 406/255/1 442/258/1 441/260/1
f 407/261/1 406/255/1 441/260/1
f 433/259/1 420/256/1 419/262/1
f 434/263/1 433/259/1 419/262/1
f 407/261/1 441/260/1 440/264/1
f 435/265/1 434/263/1 419/262/1
f 407/261/1 440/264/1 439/266/1
f 436/267/1 435/265/1 419/262/1
f 407/261/1 439/266/1 438/268/1
f 408/269/1 407/261/1 438/268/1
f 436/267/1 419/262/1 418/270/1
f 437/271/1 436/267/1 418/270/1
f 408/269/1 438/268/1 437/271/1
f 408/269/1 437/271/1 418/270/1
f 409/272/1 408/269/1 418/270/1
f 409/272/1 418/270/1 417/273/1
f 410/274/1 409/272/1 417/273/1
f 410/274/1 417/273/1 416/275/1
f 411/276/1 410/274/1 416/275/1
f 411/276/1 416/275/1 415/277/1
f 412/278/1 411/276/1 415/277/1
f 412/278/1 415/277/1 414/279/1
f 413/280/1 412/278/1 414/279/1
f 499/281/1 498/282/1 497/283/1
f 500/284/1 499/281/1 497/283/1
f 501/285/1 500/284/1 497/283/1
f 501/285/1 497/283/1 496/286/1
f 502/287/1 501/285/1 496/286/1
f 502/287/1 496/286/1 495/288/1
f 503/289/1 502/287/1 495/288/1
f 504/290/1 503/289/1 495/288/1
f 504/290/1 495/288/1 494/291/1
f 505/292/1 504/290/1 494/291/1
f 506/293/1 505/292/1 494/291/1
f 506/293/1 494/291/1 493/294/1
f 507/295/1 506/293/1 493/294/1
f 508/296/1 507/295/1 493/294/1
f 508/296/1 493/294/1 492/297/1
f 509/298/1 508/296/1 492/297/1
f 510/299/1 509/298/1 492/297/1
f 510/299/1 492/297/1 491/300/1
f 511/301/1 510/299/1 512/302/1
f 512/302/1 510/299/1 513/303/1
f 513/303/1 510/299/1 514/304/1
f 514/304/1 510/299/1 515/305/1
f 515/305/1 510/299/1 516/306/1
f 516/306/1 510/299/1 517/307/1
f 517/307/1 510/299/1 518/308/1
f 518/308/1 510/299/1 519/309/1
f 519/309/1 510/299/1 520/310/1
f 520/310/1 510/299/1 521/311/1
f 521/311/1 510/299/1 522/312/1
f 522/312/1 510/299/1 491/300/1
f 522/312/1 491/300/1 523/313/1
f 523/313/1 491/300/1 490/314/1
f 524/315/1 523/313/1 490/314/1
f 525/316/1 524/315/1 490/314/1
f 526/317/1 525/316/1 490/314/1
f 526/317/1 490/314/1 489/318/1
f 527/319/1 526/317/1 489/318/1
f 528/320/1 527/319/1 489/318/1
f 529/321/1 528/320/1 489/318/1
f 529/321/1 489/318/1 488/322/1
f 530/323/1 529/321/1 488/322/1
f 531/324/1 530/323/1 488/322/1
f 531/324/1 488/322/1 487/325/1
f 532/326/1 531/324/1 487/325/1
f 533/327/1 532/326/1 487/325/1
f 533/327/1 487/325/1 486/328/1
f 534/329/1 533/327/1 486/328/1
f 535/330/1 534/329/1 486/328/1
f 535/330/1 486/328/1 485/331/1
f 536/332/1 535/330/1 485/331/1
f 537/333/1 536/332/1 485/331/1
f 537/333/1 485/331/1 484/334/1
f 538/335/1 537/333/1 484/334/1
f 539/336/1 538/335/1 484/334/1
f 539/336/1 484/334/1 483/337/1
f 540/338/1 539/336/1 483/337/1
f 541/339/1 540/338/1 483/337/1
f 541/339/1 483/337/1 482/340/1
f 542/341/1 541/339/1 482/340/1
f 543/342/1 542/341/1 482/340/1
f 544/343/1 543/342/1 482/340/1
f 544/343/1 482/340/1 481/344/1
f 545/345/1 544/343/1 481/344/1
f 546/346/1 545/345/1 481/344/1
f 546/346/1 481/344/1 480/347/1
f 547/348/1 546/346/1 480/347/1
f 548/349/1 547/348/1 480/347/1
f 548/349/1 480/347/1 479/350/1
f 549/351/1 548/349/1 479/350/1
f 549/351/1 479/350/1 478/352/1
f 550/353/1 549/351/1 478/352/1
f 550/353/1 478/352/1 477/354/1
f 551/355/1 550/353/1 477/354/1
f 552/356/1 551/355/1 477/354/1
f 552/356/1 477/354/1 476/357/1
f 553/358/1 552/356/1 476/357/1
f 553/358/1 476/357/1 475/359/1
f 554/360/1 553/358/1 475/359/1
f 554/360/1 475/359/1 474/361/1
f 555/362/1 554/360/1 474/361/1
f 556/363/1 555/362/1 474/361/1
f 556/363/1 474/361/1 473/364/1
f 556/363/1 473/364/1 561/365/1
f 557/366/1 556/363/1 561/365/1
f 558/367/1 557/366/1 561/365/1
f 559/368/1 558/367/1 561/365/1
f 560/369/1 559/368/1 561/365/1
f 563/370/1 562/371/1 634/372/1
f 564/373/1 563/370/1 634/372/1
f 565/374/1 564/373/1 634/372/1
f 565/374/1 634/372/1 633/375/1
f 565/374/1 633/375/1 632/376/1
f 566/377/1 565/374/1 632/376/1
f 566/377/1 632/376/1 631/378/1
f 566/377/1 631/378/1 630/379/1
f 567/380/1 566/377/1 630/379/1
f 567/380/1 630/379/1 629/381/1
f 567/380/1 629/381/1 628/382/1
f 568/383/1 567/380/1 628/382/1
f 568/383/1 628/382/1 627/384/1
f 568/383/1 627/384/1 626/385/1
f 569/386/1 568/383/1 626/385/1
f 569/386/1 626/385/1 625/387/1
f 570/388/1 569/386/1 625/387/1
f 570/388/1 625/387/1 624/389/1
f 570/388/1 624/389/1 623/390/1
f 571/391/1 570/388/1 623/390/1
f 611/392/1 610/393/1 609/394/1
f 612/395/1 611/392/1 609/394/1
f 613/396/1 612/395/1 609/394/1
f 613/396/1 609/394/1 608/397/1
f 614/398/1 613/396/1 608/397/1
f 615/399/1 614/398/1 608/397/1
f 571/391/1 623/390/1 622/400/1
f 616/401/1 615/399/1 608/397/1
f 616/401/1 608/397/1 607/402/1
f 617/403/1 616/401/1 607/402/1
f 618/404/1 617/403/1 607/402/1
f 619/405/1 618/404/1 607/402/1
f 619/405/1 607/402/1 606/406/1
f 620/407/1 619/405/1 606/406/1
f 621/408/1 620/407/1 606/406/1
f 622/400/1 621/408/1 606/406/1
f 622/400/1 606/406/1 605/409/1
f 571/391/1 622/400/1 605/409/1
f 572/410/1 571/391/1 605/409/1
f 572/410/1 605/409/1 604/411/1
f 572/410/1 604/411/1 603/412/1
f 573/413/1 572/410/1 644/414/1
f 644/414/1 572/410/1 645/415/1
f 645/415/1 572/410/1 603/412/1
f 645/415/1 603/412/1 646/416/1
f 646/416/1 603/412/1 647/417/1
f 647/417/1 603/412/1 602/418/1
f 648/419/1 647/417/1 602/418/1
f 649/420/1 648/419/1 602/418/1
f 573/413/1 644/414/1 643/421/1
f 573/413/1 643/421/1 642/422/1
f 650/423/1 649/420/1 602/418/1
f 650/423/1 602/418/1 601/424/1
f 573/413/1 642/422/1 641/425/1
f 573/413/1 641/425/1 640/426/1
f 651/427/1 650/423/1 601/424/1
f 573/413/1 640/426/1 639/428/1
f 652/429/1 651/427/1 601/424/1
f 573/413/1 639/428/1 638/430/1
f 573/413/1 638/430/1 637/431/1
f 653/432/1 652/429/1 601/424/1
f 573/413/1 637/431/1 636/433/1
f 574/434/1 573/413/1 636/433/1
f 653/432/1 601/424/1 600/435/1
f 574/434/1 636/433/1 635/436/1
f 654/437/1 653/432/1 600/435/1
f 574/434/1 635/436/1 682/438/1
f 655/439/1 654/437/1 600/435/1
f 656/440/1 655/439/1 600/435/1
f 656/440/1 600/435/1 599/441/1
f 574/434/1 682/438/1 681/442/1
f 657/443/1 656/440/1 599/441/1
f 575/444/1 574/434/1 681/442/1
f 658/445/1 657/443/1 599/441/1
f 658/445/1 599/441/1 598/446/1
f 575/444/1 681/442/1 680/447/1
f 659/448/1 658/445/1 598/446/1
f 576/449/1 575/444/1 680/447/1
f 660/450/1 659/448/1 598/446/1
f 660/450/1 598/446/1 597/451/1
f 576/449/1 680/447/1 679/452/1
f 661/453/1 660/450/1 597/451/1
f 576/449/1 679/452/1 678/454/1
f 661/453/1 597/451/1 596/455/1
f 577/456/1 576/449/1 678/454/1
f 662/457/1 661/453/1 596/455/1
f 663/458/1 662/457/1 596/455/1
f 577/456/1 678/454/1 677/459/1
f 663/458/1 596/455/1 595/460/1
f 664/461/1 663/458/1 595/460/1
f 578/462/1 577/456/1 677/459/1
f 578/462/1 677/459/1 676/463/1
f 665/464/1 664/461/1 595/460/1
f 578/462/1 676/463/1 675/465/1
f 665/464/1 595/460/1 594/466/1
f 666/467/1 665/464/1 594/466/1
f 579/468/1 578/462/1 675/465/1
f 579/468/1 675/465/1 674/469/1
f 667/470/1 666/467/1 594/466/1
f 668/471/1 667/470/1 594/466/1
f 579/468/1 674/469/1 673/472/1
f 668/471/1 594/466/1 593/473/1
f 669/474/1 668/471/1 593/473/1
f 579/468/1 673/472/1 672/475/1
f 670/476/1 669/474/1 593/473/1
f 579/468/1 672/475/1 671/477/1
f 671/477/1 670/476/1 593/473/1
f 579/468/1 671/477/1 593/473/1
f 580/478/1 579/468/1 593/473/1
f 580/478/1 593/473/1 592/479/1
f 581/480/1 580/478/1 592/479/1
f 581/480/1 592/479/1 591/481/1
f 582/482/1 581/480/1 591/481/1
f 582/482/1 591/481/1 590/483/1
f 583/484/1 582/482/1 590/483/1
f 583/484/1 590/483/1 589/485/1
f 584/486/1 583/484/1 589/485/1
f 584/486/1 589/485/1 588/487/1
f 585/488/1 584/486/1 588/487/1
f 585/488/1 588/487/1 587/489/1
f 586/490/1 585/488/1 587/489/1
f 38/491/1 37/492/1 36/493/1
f 39/494/1 38/491/1 36/493/1
f 39/494/1 36/493/1 35/495/1
f 40/496/1 39/494/1 35/495/1
f 40/496/1 35/495/1 34/497/1
f 41/498/1 40/496/1 34/497/1
f 41/498/1 34/497/1 33/499/1
f 42/500/1 41/498/1 33/499/1
f 42/500/1 33/499/1 32/501/1
f 43/502/1 42/500/1 32/501/1
f 43/502/1 32/501/1 31/503/1
f 44/504/1 43/502/1 31/503/1
f 44/504/1 31/503/1 30/505/1
f 45/506/1 44/504/1 30/505/1
f 45/506/1 30/505/1 133/507/1
f 133/507/1 30/505/1 29/508/1
f 45/506/1 133/507/1 132/509/1
f 134/510/1 133/507/1 29/508/1
f 45/506/1 132/509/1 131/511/1
f 135/512/1 134/510/1 29/508/1
f 46/513/1 45/506/1 131/511/1
f 46/513/1 131/511/1 130/514/1
f 135/512/1 29/508/1 28/515/1
f 136/516/1 135/512/1 28/515/1
f 46/513/1 130/514/1 129/517/1
f 137/518/1 136/516/1 28/515/1
f 46/513/1 129/517/1 128/519/1
f 138/520/1 137/518/1 28/515/1
f 46/513/1 128/519/1 127/521/1
f 139/522/1 138/520/1 28/515/1
f 47/523/1 46/513/1 127/521/1
f 139/522/1 28/515/1 27/524/1
f 47/523/1 127/521/1 126/525/1
f 140/526/1 139/522/1 27/524/1
f 47/523/1 126/525/1 125/527/1
f 141/528/1 140/526/1 27/524/1
f 47/523/1 125/527/1 124/529/1
f 48/530/1 47/523/1 124/529/1
f 142/531/1 141/528/1 27/524/1
f 142/531/1 27/524/1 26/532/1
f 48/530/1 124/529/1 123/533/1
f 143/534/1 142/531/1 26/532/1
f 48/530/1 123/533/1 122/535/1
f 144/536/1 143/534/1 26/532/1
f 49/537/1 48/530/1 122/535/1
f 144/536/1 26/532/1 25/538/1
f 49/537/1 122/535/1 121/539/1
f 97/540/1 144/536/1 25/538/1
f 49/537/1 121/539/1 120/541/1
f 50/542/1 49/537/1 120/541/1
f 98/543/1 97/540/1 25/538/1
f 98/543/1 25/538/1 24/544/1
f 50/542/1 120/541/1 119/545/1
f 99/546/1 98/543/1 24/544/1
f 51/547/1 50/542/1 119/545/1
f 99/546/1 24/544/1 23/548/1
f 51/547/1 119/545/1 118/549/1
f 100/550/1 99/546/1 23/548/1
f 100/550/1 23/548/1 22/551/1
f 52/552/1 51/547/1 118/549/1
f 52/552/1 118/549/1 117/553/1
f 101/554/1 100/550/1 22/551/1
f 101/554/1 22/551/1 21/555/1
f 53/556/1 52/552/1 117/553/1
f 53/556/1 117/553/1 116/557/1
f 102/558/1 101/554/1 21/555/1
f 54/559/1 53/556/1 116/557/1
f 102/558/1 21/555/1 20/560/1
f 54/559/1 116/557/1 115/561/1
f 103/562/1 102/558/1 20/560/1
f 55/563/1 54/559/1 115/561/1
f 103/562/1 20/560/1 19/564/1
f 55/563/1 115/561/1 114/565/1
f 104/566/1 103/562/1 19/564/1
f 55/563/1 114/565/1 113/567/1
f 105/568/1 104/566/1 19/564/1
f 56/569/1 55/563/1 113/567/1
f 105/568/1 19/564/1 18/570/1
f 56/569/1 113/567/1 112/571/1
f 106/572/1 105/568/1 18/570/1
f 57/573/1 56/569/1 112/571/1
f 57/573/1 112/571/1 111/574/1
f 107/575/1 106/572/1 18/570/1
f 107/575/1 18/570/1 17/576/1
f 57/573/1 111/574/1 110/577/1
f 108/578/1 107/575/1 17/576/1
f 57/573/1 110/577/1 109/579/1
f 109/579/1 108/578/1 17/576/1
f 57/573/1 109/579/1 17/576/1
f 58/580/1 57/573/1 17/576/1
f 58/580/1 17/576/1 16/581/1
f 59/582/1 58/580/1 16/581/1
f 59/582/1 16/581/1 15/583/1
f 60/584/1 59/582/1 15/583/1
f 60/584/1 15/583/1 14/585/1
f 61/586/1 60/584/1 14/585/1
f 61/586/1 14/585/1 13/587/1
f 62/588/1 61/586/1 13/587/1
f 62/588/1 13/587/1 12/589/1
f 63/590/1 62/588/1 12/589/1
f 63/590/1 12/589/1 11/591/1
f 64/592/1 63/590/1 11/591/1
f 64/592/1 11/591/1 10/593/1
f 65/594/1 64/592/1 10/593/1
f 65/594/1 10/593/1 9/595/1
f 66/596/1 65/594/1 181/597/1
f 181/597/1 65/594/1 9/595/1
f 181/597/1 9/595/1 8/598/1
f 66/596/1 181/597/1 180/599/1
f 182/600/1 181/597/1 8/598/1
f 66/596/1 180/599/1 179/601/1
f 183/602/1 182/600/1 8/598/1
f 66/596/1 179/601/1 178/603/1
f 184/604/1 183/602/1 8/598/1
f 67/605/1 66/596/1 178/603/1
f 67/605/1 178/603/1 177/606/1
f 185/607/1 184/604/1 8/598/1
f 185/607/1 8/598/1 7/608/1
f 67/605/1 177/606/1 176/609/1
f 186/610/1 185/607/1 7/608/1
f 68/611/1 67/605/1 176/609/1
f 68/611/1 176/609/1 175/612/1
f 187/613/1 186/610/1 7/608/1
f 187/613/1 7/608/1 6/614/1
f 68/611/1 175/612/1 174/615/1
f 188/616/1 187/613/1 6/614/1
f 69/617/1 68/611/1 174/615/1
f 188/616/1 6/614/1 5/618/1
f 69/617/1 174/615/1 173/619/1
f 189/620/1 188/616/1 5/618/1
f 70/621/1 69/617/1 173/619/1
f 70/621/1 173/619/1 172/622/1
f 189/620/1 5/618/1 4/623/1
f 190/624/1 189/620/1 4/623/1
f 70/621/1 172/622/1 171/625/1
f 71/626/1 70/621/1 171/625/1
f 191/627/1 190/624/1 4/623/1
f 191/627/1 4/623/1 3/628/1
f 71/626/1 171/625/1 170/629/1
f 192/630/1 191/627/1 3/628/1
f 72/631/1 71/626/1 170/629/1
f 192/630/1 3/628/1 2/632/1
f 72/631/1 170/629/1 169/633/1
f 145/634/1 192/630/1 2/632/1
f 73/635/1 72/631/1 169/633/1
f 145/634/1 2/632/1 1/636/1
f 73/635/1 169/633/1 168/637/1
f 146/638/1 145/634/1 1/636/1
f 74/639/1 73/635/1 168/637/1
f 146/638/1 1/636/1 96/640/1
f 147/641/1 146/638/1 96/640/1
f 74/639/1 168/637/1 167/642/1
f 148/643/1 147/641/1 96/640/1
f 74/639/1 167/642/1 166/644/1
f 75/645/1 74/639/1 166/644/1
f 148/643/1 96/640/1 95/646/1
f 149/647/1 148/643/1 95/646/1
f 75/645/1 166/644/1 165/648/1
f 150/649/1 149/647/1 95/646/1
f 75/645/1 165/648/1 164/650/1
f 76/651/1 75/645/1 164/650/1
f 150/649/1 95/646/1 94/652/1
f 151/653/1 150/649/1 94/652/1
f 76/651/1 164/650/1 163/654/1
f 152/655/1 151/653/1 94/652/1
f 76/651/1 163/654/1 162/656/1
f 77/657/1 76/651/1 162/656/1
f 152/655/1 94/652/1 93/658/1
f 153/659/1 152/655/1 93/658/1
f 77/657/1 162/656/1 161/660/1
f 154/661/1 153/659/1 93/658/1
f 77/657/1 161/660/1 160/662/1
f 155/663/1 154/661/1 93/658/1
f 77/657/1 160/662/1 159/664/1
f 156/665/1 155/663/1 93/658/1
f 77/657/1 159/664/1 158/666/1
f 78/667/1 77/657/1 158/666/1
f 156/665/1 93/658/1 92/668/1
f 157/669/1 156/665/1 92/668/1
f 78/667/1 158/666/1 157/669/1
f 78/667/1 157/669/1 92/668/1
f 79/670/1 78/667/1 92/668/1
f 79/670/1 92/668/1 91/671/1
f 80/672/1 79/670/1 91/671/1
f 80/672/1 91/671/1 90/673/1
f 81/674/1 80/672/1 90/673/1
f 81/674/1 90/673/1 89/675/1
f 82/676/1 81/674/1 89/675/1
f 82/676/1 89/675/1 88/677/1
f 83/678/1 82/676/1 88/677/1
f 83/678/1 88/677/1 87/679/1
f 84/680/1 83/678/1 87/679/1
f 84/680/1 87/679/1 86/681/1
f 85/682/1 84/680/1 86/681/1
f 881/683/2 879/684/2 880/685/2
f 881/683/2 878/686/2 879/684/2
f 877/687/2 875/688/2 876/689/2
f 877/687/2 886/690/2 875/688/2
f 881/683/2 883/691/2 878/686/2
f 883/691/2 877/687/2 878/686/2
f 883/691/2 884/692/2 877/687/2
f 884/692/2 886/690/2 877/687/2
f 881/683/2 882/693/2 883/691/2
f 885/694/2 886/690/2 884/692/2
f 888/695/2 954/696/2 887/697/2
f 954/696/2 953/698/2 887/697/2
f 954/696/2 952/699/2 953/698/2
f 954/696/2 951/700/2 952/699/2
f 954/696/2 950/701/2 951/700/2
f 954/696/2 949/702/2 950/701/2
f 954/696/2 948/703/2 949/702/2
f 954/696/2 947/704/2 948/703/2
f 954/696/2 946/705/2 947/704/2
f 954/696/2 955/706/2 946/705/2
f 955/706/2 945/707/2 946/705/2
f 888/695/2 980/708/2 954/696/2
f 956/709/2 945/707/2 955/706/2
f 957/710/2 945/707/2 956/709/2
f 958/711/2 945/707/2 957/710/2
f 958/711/2 944/712/2 945/707/2
f 959/713/2 944/712/2 958/711/2
f 960/714/2 944/712/2 959/713/2
f 961/715/2 944/712/2 960/714/2
f 961/715/2 943/716/2 944/712/2
f 962/717/2 943/716/2 961/715/2
f 963/718/2 943/716/2 962/717/2
f 964/719/2 943/716/2 963/718/2
f 964/719/2 942/720/2 943/716/2
f 965/721/2 942/720/2 964/719/2
f 966/722/2 942/720/2 965/721/2
f 966/722/2 941/723/2 942/720/2
f 967/724/2 941/723/2 966/722/2
f 968/725/2 941/723/2 967/724/2
f 968/725/2 940/726/2 941/723/2
f 969/727/2 940/726/2 968/725/2
f 969/727/2 939/728/2 940/726/2
f 970/729/2 939/728/2 969/727/2
f 971/730/2 939/728/2 970/729/2
f 971/730/2 938/731/2 939/728/2
f 972/732/2 938/731/2 971/730/2
f 972/732/2 937/733/2 938/731/2
f 973/734/2 937/733/2 972/732/2
f 973/734/2 936/735/2 937/733/2
f 974/736/2 936/735/2 973/734/2
f 975/737/2 936/735/2 974/736/2
f 975/737/2 935/738/2 936/735/2
f 976/739/2 935/738/2 975/737/2
f 977/740/2 935/738/2 976/739/2
f 977/740/2 934/741/2 935/738/2
f 978/742/2 934/741/2 977/740/2
f 979/743/2 934/741/2 978/742/2
f 888/695/2 890/744/2 980/708/2
f 890/744/2 979/743/2 980/708/2
f 890/744/2 934/741/2 979/743/2
f 890/744/2 933/745/2 934/741/2
f 890/744/2 932/746/2 933/745/2
f 890/744/2 931/747/2 932/746/2
f 890/744/2 930/748/2 931/747/2
f 890/744/2 929/749/2 930/748/2
f 890/744/2 928/750/2 929/749/2
f 890/744/2 927/751/2 928/750/2
f 890/744/2 891/752/2 927/751/2
f 891/752/2 892/753/2 927/751/2
f 892/753/2 926/754/2 927/751/2
f 888/695/2 889/755/2 890/744/2
f 893/756/2 926/754/2 892/753/2
f 894/757/2 926/754/2 893/756/2
f 895/758/2 926/754/2 894/757/2
f 895/758/2 925/759/2 926/754/2
f 896/760/2 925/759/2 895/758/2
f 897/761/2 925/759/2 896/760/2
f 897/761/2 924/762/2 925/759/2
f 898/763/2 924/762/2 897/761/2
f 898/763/2 923/764/2 924/762/2
f 899/765/2 923/764/2 898/763/2
f 899/765/2 922/766/2 923/764/2
f 900/767/2 922/766/2 899/765/2
f 900/767/2 921/768/2 922/766/2
f 901/769/2 921/768/2 900/767/2
f 901/769/2 920/770/2 921/768/2
f 902/771/2 920/770/2 901/769/2
f 902/771/2 919/772/2 920/770/2
f 902/771/2 918/773/2 919/772/2
f 903/774/2 918/773/2 902/771/2
f 903/774/2 917/775/2 918/773/2
f 904/776/2 917/775/2 903/774/2
f 904/776/2 916/777/2 917/775/2
f 904/776/2 915/778/2 916/777/2
f 904/776/2 914/779/2 915/778/2
f 904/776/2 913/780/2 914/779/2
f 904/776/2 912/781/2 913/780/2
f 904/776/2 911/782/2 912/781/2
f 904/776/2 910/783/2 911/782/2
f 904/776/2 909/784/2 910/783/2
f 904/776/2 908/785/2 909/784/2
f 904/776/2 907/786/2 908/785/2
f 904/776/2 906/787/2 907/786/2
f 904/776/2 905/788/2 906/787/2
f 1034/789/2 1032/790/2 1033/791/2
f 1034/789/2 1031/792/2 1032/790/2
f 983/793/2 981/794/2 982/795/2
f 983/793/2 1058/796/2 981/794/2
f 984/797/2 1058/796/2 983/793/2
f 1034/789/2 1030/798/2 1031/792/2
f 985/799/2 1058/796/2 984/797/2
f 985/799/2 1057/800/2 1058/796/2
f 1034/789/2 1029/801/2 1030/798/2
f 1035/802/2 1029/801/2 1034/789/2
f 986/803/2 1057/800/2 985/799/2
f 1035/802/2 1028/804/2 1029/801/2
f 987/805/2 1057/800/2 986/803/2
f 1035/802/2 1027/806/2 1028/804/2
f 987/805/2 1056/807/2 1057/800/2
f 988/808/2 1056/807/2 987/805/2
f 1035/802/2 1026/809/2 1027/806/2
f 1036/810/2 1026/809/2 1035/802/2
f 989/811/2 1056/807/2 988/808/2
f 1036/810/2 1025/812/2 1026/809/2
f 990/813/2 1056/807/2 989/811/2
f 1036/810/2 1024/814/2 1025/812/2
f 990/813/2 1055/815/2 1056/807/2
f 991/816/2 1055/815/2 990/813/2
f 1036/810/2 1023/817/2 1024/814/2
f 992/818/2 1055/815/2 991/816/2
f 1037/819/2 1023/817/2 1036/810/2
f 1037/819/2 1022/820/2 1023/817/2
f 993/821/2 1055/815/2 992/818/2
f 1037/819/2 1021/822/2 1022/820/2
f 1037/819/2 1020/823/2 1021/822/2
f 994/824/2 1055/815/2 993/821/2
f 994/824/2 1054/825/2 1055/815/2
f 1037/819/2 1019/826/2 1020/823/2
f 995/827/2 1054/825/2 994/824/2
f 1037/819/2 1018/828/2 1019/826/2
f 1038/829/2 1018/828/2 1037/819/2
f 996/830/2 1054/825/2 995/827/2
f 1038/829/2 1017/831/2 1018/828/2
f 997/832/2 1054/825/2 996/830/2
f 997/832/2 1053/833/2 1054/825/2
f 1038/829/2 1016/834/2 1017/831/2
f 998/835/2 1053/833/2 997/832/2
f 999/836/2 1053/833/2 998/835/2
f 1038/829/2 1015/837/2 1016/834/2
f 1000/838/2 1053/833/2 999/836/2
f 1038/829/2 1014/839/2 1015/837/2
f 1039/840/2 1014/839/2 1038/829/2
f 1001/841/2 1053/833/2 1000/838/2
f 1039/840/2 1013/842/2 1014/839/2
f 1002/843/2 1053/833/2 1001/841/2
f 1039/840/2 1012/844/2 1013/842/2
f 1002/843/2 1052/845/2 1053/833/2
f 1003/846/2 1052/845/2 1002/843/2
f 1039/840/2 1011/847/2 1012/844/2
f 1004/848/2 1052/845/2 1003/846/2
f 1039/840/2 1010/849/2 1011/847/2
f 1005/850/2 1052/845/2 1004/848/2
f 1039/840/2 1009/851/2 1010/849/2
f 1006/852/2 1052/845/2 1005/850/2
f 1039/840/2 1008/853/2 1009/851/2
f 1007/854/2 1052/845/2 1006/852/2
f 1039/840/2 1007/854/2 1008/853/2
f 1039/840/2 1052/845/2 1007/854/2
f 1040/855/2 1052/845/2 1039/840/2
f 1040/855/2 1051/856/2 1052/845/2
f 1041/857/2 1051/856/2 1040/855/2
f 1041/857/2 1050/858/2 1051/856/2
f 1042/859/2 1050/858/2 1041/857/2
f 1042/859/2 1049/860/2 1050/858/2
f 1043/861/2 1049/860/2 1042/859/2
f 1043/861/2 1048/862/2 1049/860/2
f 1044/863/2 1048/862/2 1043/861/2
f 1044/863/2 1047/864/2 1048/862/2
f 1045/865/2 1047/864/2 1044/863/2
f 1045/865/2 1046/866/2 1047/864/2
f 1072/867/2 1070/868/2 1071/869/2
f 1072/867/2 1069/870/2 1070/868/2
f 1073/871/2 1069/870/2 1072/867/2
f 1073/871/2 1068/872/2 1069/870/2
f 1074/873/2 1068/872/2 1073/871/2
f 1074/873/2 1067/874/2 1068/872/2
f 1075/875/2 1067/874/2 1074/873/2
f 1076/876/2 1067/874/2 1075/875/2
f 1076/876/2 1066/877/2 1067/874/2
f 1077/878/2 1066/877/2 1076/876/2
f 1077/878/2 1143/879/2 1066/877/2
f 1143/879/2 1065/880/2 1066/877/2
f 1077/878/2 1142/881/2 1143/879/2
f 1144/882/2 1065/880/2 1143/879/2
f 1077/878/2 1141/883/2 1142/881/2
f 1145/884/2 1065/880/2 1144/882/2
f 1078/885/2 1141/883/2 1077/878/2
f 1145/884/2 1064/886/2 1065/880/2
f 1078/885/2 1140/887/2 1141/883/2
f 1146/888/2 1064/886/2 1145/884/2
f 1078/885/2 1139/889/2 1140/887/2
f 1147/890/2 1064/886/2 1146/888/2
f 1078/885/2 1138/891/2 1139/889/2
f 1148/892/2 1064/886/2 1147/890/2
f 1079/893/2 1138/891/2 1078/885/2
f 1148/892/2 1063/894/2 1064/886/2
f 1079/893/2 1137/895/2 1138/891/2
f 1149/896/2 1063/894/2 1148/892/2
f 1079/893/2 1136/897/2 1137/895/2
f 1150/898/2 1063/894/2 1149/896/2
f 1080/899/2 1136/897/2 1079/893/2
f 1150/898/2 1062/900/2 1063/894/2
f 1080/899/2 1135/901/2 1136/897/2
f 1151/902/2 1062/900/2 1150/898/2
f 1081/903/2 1135/901/2 1080/899/2
f 1151/902/2 1061/904/2 1062/900/2
f 1081/903/2 1134/905/2 1135/901/2
f 1152/906/2 1061/904/2 1151/902/2
f 1081/903/2 1133/907/2 1134/905/2
f 1153/908/2 1061/904/2 1152/906/2
f 1082/909/2 1133/907/2 1081/903/2
f 1153/908/2 1060/910/2 1061/904/2
f 1082/909/2 1132/911/2 1133/907/2
f 1154/912/2 1060/910/2 1153/908/2
f 1083/913/2 1132/911/2 1082/909/2
f 1154/912/2 1059/914/2 1060/910/2
f 1083/913/2 1131/915/2 1132/911/2
f 1107/916/2 1059/914/2 1154/912/2
f 1084/917/2 1131/915/2 1083/913/2
f 1084/917/2 1130/918/2 1131/915/2
f 1108/919/2 1059/914/2 1107/916/2
f 1108/919/2 1106/920/2 1059/914/2
f 1084/917/2 1129/921/2 1130/918/2
f 1109/922/2 1106/920/2 1108/919/2
f 1085/923/2 1129/921/2 1084/917/2
f 1109/922/2 1105/924/2 1106/920/2
f 1085/923/2 1128/925/2 1129/921/2
f 1110/926/2 1105/924/2 1109/922/2
f 1086/927/2 1128/925/2 1085/923/2
f 1110/926/2 1104/928/2 1105/924/2
f 1111/929/2 1104/928/2 1110/926/2
f 1086/927/2 1127/930/2 1128/925/2
f 1112/931/2 1104/928/2 1111/929/2
f 1086/927/2 1126/932/2 1127/930/2
f 1087/933/2 1126/932/2 1086/927/2
f 1112/931/2 1103/934/2 1104/928/2
f 1113/935/2 1103/934/2 1112/931/2
f 1087/933/2 1125/936/2 1126/932/2
f 1088/937/2 1125/936/2 1087/933/2
f 1113/935/2 1102/938/2 1103/934/2
f 1114/939/2 1102/938/2 1113/935/2
f 1088/937/2 1124/940/2 1125/936/2
f 1115/941/2 1102/938/2 1114/939/2
f 1088/937/2 1123/942/2 1124/940/2
f 1089/943/2 1123/942/2 1088/937/2
f 1115/941/2 1101/944/2 1102/938/2
f 1116/945/2 1101/944/2 1115/941/2
f 1089/943/2 1122/946/2 1123/942/2
f 1117/947/2 1101/944/2 1116/945/2
f 1089/943/2 1121/948/2 1122/946/2
f 1118/949/2 1101/944/2 1117/947/2
f 1089/943/2 1120/950/2 1121/948/2
f 1090/951/2 1120/950/2 1089/943/2
f 1118/949/2 1100/952/2 1101/944/2
f 1119/953/2 1100/952/2 1118/949/2
f 1090/951/2 1119/953/2 1120/950/2
f 1090/951/2 1100/952/2 1119/953/2
f 1091/954/2 1100/952/2 1090/951/2
f 1091/954/2 1099/955/2 1100/952/2
f 1092/956/2 1099/955/2 1091/954/2
f 1092/956/2 1098/957/2 1099/955/2
f 1093/958/2 1098/957/2 1092/956/2
f 1093/958/2 1097/959/2 1098/957/2
f 1094/960/2 1097/959/2 1093/958/2
f 1094/960/2 1096/961/2 1097/959/2
f 1095/962/2 1096/961/2 1094/960/2
f 1181/963/2 1179/964/2 1180/965/2
f 1182/966/2 1179/964/2 1181/963/2
f 1183/967/2 1179/964/2 1182/966/2
f 1183/967/2 1178/968/2 1179/964/2
f 1184/969/2 1178/968/2 1183/967/2
f 1184/969/2 1177/970/2 1178/968/2
f 1185/971/2 1177/970/2 1184/969/2
f 1186/972/2 1177/970/2 1185/971/2
f 1186/972/2 1176/973/2 1177/970/2
f 1187/974/2 1176/973/2 1186/972/2
f 1188/975/2 1176/973/2 1187/974/2
f 1188/975/2 1175/976/2 1176/973/2
f 1189/977/2 1175/976/2 1188/975/2
f 1190/978/2 1175/976/2 1189/977/2
f 1190/978/2 1174/979/2 1175/976/2
f 1191/980/2 1174/979/2 1190/978/2
f 1192/981/2 1174/979/2 1191/980/2
f 1192/981/2 1173/982/2 1174/979/2
f 1193/983/2 1194/984/2 1192/981/2
f 1194/984/2 1195/985/2 1192/981/2
f 1195/985/2 1196/986/2 1192/981/2
f 1196/986/2 1197/987/2 1192/981/2
f 1197/987/2 1198/988/2 1192/981/2
f 1198/988/2 1199/989/2 1192/981/2
f 1199/989/2 1200/990/2 1192/981/2
f 1200/990/2 1201/991/2 1192/981/2
f 1201/991/2 1202/992/2 1192/981/2
f 1202/992/2 1203/993/2 1192/981/2
f 1203/993/2 1204/994/2 1192/981/2
f 1204/994/2 1173/982/2 1192/981/2
f 1204/994/2 1205/995/2 1173/982/2
f 1205/995/2 1172/996/2 1173/982/2
f 1206/997/2 1172/996/2 1205/995/2
f 1207/998/2 1172/996/2 1206/997/2
f 1208/999/2 1172/996/2 1207/998/2
f 1208/999/2 1171/1000/2 1172/996/2
f 1209/1001/2 1171/1000/2 1208/999/2
f 1210/1002/2 1171/1000/2 1209/1001/2
f 1211/1003/2 1171/1000/2 1210/1002/2
f 1211/1003/2 1170/1004/2 1171/1000/2
f 1212/1005/2 1170/1004/2 1211/1003/2
f 1213/1006/2 1170/1004/2 1212/1005/2
f 1213/1006/2 1169/1007/2 1170/1004/2
f 1214/1008/2 1169/1007/2 1213/1006/2
f 1215/1009/2 1169/1007/2 1214/1008/2
f 1215/1009/2 1168/1010/2 1169/1007/2
f 1216/1011/2 1168/1010/2 1215/1009/2
f 1217/1012/2 1168/1010/2 1216/1011/2
f 1217/1012/2 1167/1013/2 1168/1010/2
f 1218/1014/2 1167/1013/2 1217/1012/2
f 1219/1015/2 1167/1013/2 1218/1014/2
f 1219/1015/2 1166/1016/2 1167/1013/2
f 1220/1017/2 1166/1016/2 1219/1015/2
f 1221/1018/2 1166/1016/2 1220/1017/2
f 1221/1018/2 1165/1019/2 1166/1016/2
f 1222/1020/2 1165/1019/2 1221/1018/2
f 1223/1021/2 1165/1019/2 1222/1020/2
f 1223/1021/2 1164/1022/2 1165/1019/2
f 1224/1023/2 1164/1022/2 1223/1021/2
f 1225/1024/2 1164/1022/2 1224/1023/2
f 1226/1025/2 1164/1022/2 1225/1024/2
f 1226/1025/2 1163/1026/2 1164/1022/2
f 1227/1027/2 1163/1026/2 1226/1025/2
f 1228/1028/2 1163/1026/2 1227/1027/2
f 1228/1028/2 1162/1029/2 1163/1026/2
f 1229/1030/2 1162/1029/2 1228/1028/2
f 1230/1031/2 1162/1029/2 1229/1030/2
f 1230/1031/2 1161/1032/2 1162/1029/2
f 1231/1033/2 1161/1032/2 1230/1031/2
f 1231/1033/2 1160/1034/2 1161/1032/2
f 1232/1035/2 1160/1034/2 1231/1033/2
f 1232/1035/2 1159/1036/2 1160/1034/2
f 1233/1037/2 1159/1036/2 1232/1035/2
f 1234/1038/2 1159/1036/2 1233/1037/2
f 1234/1038/2 1158/1039/2 1159/1036/2
f 1235/1040/2 1158/1039/2 1234/1038/2
f 1235/1040/2 1157/1041/2 1158/1039/2
f 1236/1042/2 1157/1041/2 1235/1040/2
f 1236/1042/2 1156/1043/2 1157/1041/2
f 1237/1044/2 1156/1043/2 1236/1042/2
f 1238/1045/2 1156/1043/2 1237/1044/2
f 1238/1045/2 1155/1046/2 1156/1043/2
f 1238/1045/2 1243/1047/2 1155/1046/2
f 1239/1048/2 1243/1047/2 1238/1045/2
f 1240/1049/2 1243/1047/2 1239/1048/2
f 1241/1050/2 1243/1047/2 1240/1049/2
f 1242/1051/2 1243/1047/2 1241/1050/2
f 1245/1052/2 1316/1053/2 1244/1054/2
f 1246/1055/2 1316/1053/2 1245/1052/2
f 1247/1056/2 1316/1053/2 1246/1055/2
f 1247/1056/2 1315/1057/2 1316/1053/2
f 1247/1056/2 1314/1058/2 1315/1057/2
f 1248/1059/2 1314/1058/2 1247/1056/2
f 1248/1059/2 1313/1060/2 1314/1058/2
f 1248/1059/2 1312/1061/2 1313/1060/2
f 1249/1062/2 1312/1061/2 1248/1059/2
f 1249/1062/2 1311/1063/2 1312/1061/2
f 1249/1062/2 1310/1064/2 1311/1063/2
f 1250/1065/2 1310/1064/2 1249/1062/2
f 1250/1065/2 1309/1066/2 1310/1064/2
f 1250/1065/2 1308/1067/2 1309/1066/2
f 1251/1068/2 1308/1067/2 1250/1065/2
f 1251/1068/2 1307/1069/2 1308/1067/2
f 1252/1070/2 1307/1069/2 1251/1068/2
f 1252/1070/2 1306/1071/2 1307/1069/2
f 1252/1070/2 1305/1072/2 1306/1071/2
f 1253/1073/2 1305/1072/2 1252/1070/2
f 1293/1074/2 1291/1075/2 1292/1076/2
f 1294/1077/2 1291/1075/2 1293/1074/2
f 1295/1078/2 1291/1075/2 1294/1077/2
f 1295/1078/2 1290/1079/2 1291/1075/2
f 1296/1080/2 1290/1079/2 1295/1078/2
f 1297/1081/2 1290/1079/2 1296/1080/2
f 1253/1073/2 1304/1082/2 1305/1072/2
f 1298/1083/2 1290/1079/2 1297/1081/2
f 1298/1083/2 1289/1084/2 1290/1079/2
f 1299/1085/2 1289/1084/2 1298/1083/2
f 1300/1086/2 1289/1084/2 1299/1085/2
f 1301/1087/2 1289/1084/2 1300/1086/2
f 1301/1087/2 1288/1088/2 1289/1084/2
f 1302/1089/2 1288/1088/2 1301/1087/2
f 1303/1090/2 1288/1088/2 1302/1089/2
f 1304/1082/2 1288/1088/2 1303/1090/2
f 1304/1082/2 1287/1091/2 1288/1088/2
f 1253/1073/2 1287/1091/2 1304/1082/2
f 1254/1092/2 1287/1091/2 1253/1073/2
f 1254/1092/2 1286/1093/2 1287/1091/2
f 1254/1092/2 1285/1094/2 1286/1093/2
f 1255/1095/2 1326/1096/2 1254/1092/2
f 1326/1096/2 1327/1097/2 1254/1092/2
f 1327/1097/2 1285/1094/2 1254/1092/2
f 1327/1097/2 1328/1098/2 1285/1094/2
f 1328/1098/2 1329/1099/2 1285/1094/2
f 1329/1099/2 1284/1100/2 1285/1094/2
f 1330/1101/2 1284/1100/2 1329/1099/2
f 1331/1102/2 1284/1100/2 1330/1101/2
f 1255/1095/2 1325/1103/2 1326/1096/2
f 1255/1095/2 1324/1104/2 1325/1103/2
f 1332/1105/2 1284/1100/2 1331/1102/2
f 1332/1105/2 1283/1106/2 1284/1100/2
f 1255/1095/2 1323/1107/2 1324/1104/2
f 1255/1095/2 1322/1108/2 1323/1107/2
f 1333/1109/2 1283/1106/2 1332/1105/2
f 1255/1095/2 1321/1110/2 1322/1108/2
f 1334/1111/2 1283/1106/2 1333/1109/2
f 1255/1095/2 1320/1112/2 1321/1110/2
f 1255/1095/2 1319/1113/2 1320/1112/2
f 1335/1114/2 1283/1106/2 1334/1111/2
f 1255/1095/2 1318/1115/2 1319/1113/2
f 1256/1116/2 1318/1115/2 1255/1095/2
f 1335/1114/2 1282/1117/2 1283/1106/2
f 1256/1116/2 1317/1118/2 1318/1115/2
f 1336/1119/2 1282/1117/2 1335/1114/2
f 1256/1116/2 1364/1120/2 1317/1118/2
f 1337/1121/2 1282/1117/2 1336/1119/2
f 1338/1122/2 1282/1117/2 1337/1121/2
f 1338/1122/2 1281/1123/2 1282/1117/2
f 1256/1116/2 1363/1124/2 1364/1120/2
f 1339/1125/2 1281/1123/2 1338/1122/2
f 1257/1126/2 1363/1124/2 1256/1116/2
f 1340/1127/2 1281/1123/2 1339/1125/2
f 1340/1127/2 1280/1128/2 1281/1123/2
f 1257/1126/2 1362/1129/2 1363/1124/2
f 1341/1130/2 1280/1128/2 1340/1127/2
f 1258/1131/2 1362/1129/2 1257/1126/2
f 1342/1132/2 1280/1128/2 1341/1130/2
f 1342/1132/2 1279/1133/2 1280/1128/2
f 1258/1131/2 1361/1134/2 1362/1129/2
f 1343/1135/2 1279/1133/2 1342/1132/2
f 1258/1131/2 1360/1136/2 1361/1134/2
f 1343/1135/2 1278/1137/2 1279/1133/2
f 1259/1138/2 1360/1136/2 1258/1131/2
f 1344/1139/2 1278/1137/2 1343/1135/2
f 1345/1140/2 1278/1137/2 1344/1139/2
f 1259/1138/2 1359/1141/2 1360/1136/2
f 1345/1140/2 1277/1142/2 1278/1137/2
f 1346/1143/2 1277/1142/2 1345/1140/2
f 1260/1144/2 1359/1141/2 1259/1138/2
f 1260/1144/2 1358/1145/2 1359/1141/2
f 1347/1146/2 1277/1142/2 1346/1143/2
f 1260/1144/2 1357/1147/2 1358/1145/2
f 1347/1146/2 1276/1148/2 1277/1142/2
f 1348/1149/2 1276/1148/2 1347/1146/2
f 1261/1150/2 1357/1147/2 1260/1144/2
f 1261/1150/2 1356/1151/2 1357/1147/2
f 1349/1152/2 1276/1148/2 1348/1149/2
f 1350/1153/2 1276/1148/2 1349/1152/2
f 1261/1150/2 1355/1154/2 1356/1151/2
f 1350/1153/2 1275/1155/2 1276/1148/2
f 1351/1156/2 1275/1155/2 1350/1153/2
f 1261/1150/2 1354/1157/2 1355/1154/2
f 1352/1158/2 1275/1155/2 1351/1156/2
f 1261/1150/2 1353/1159/2 1354/1157/2
f 1353/1159/2 1275/1155/2 1352/1158/2
f 1261/1150/2 1275/1155/2 1353/1159/2
f 1262/1160/2 1275/1155/2 1261/1150/2
f 1262/1160/2 1274/1161/2 1275/1155/2
f 1263/1162/2 1274/1161/2 1262/1160/2
f 1263/1162/2 1273/1163/2 1274/1161/2
f 1264/1164/2 1273/1163/2 1263/1162/2
f 1264/1164/2 1272/1165/2 1273/1163/2
f 1265/1166/2 1272/1165/2 1264/1164/2
f 1265/1166/2 1271/1167/2 1272/1165/2
f 1266/1168/2 1271/1167/2 1265/1166/2
f 1266/1168/2 1270/1169/2 1271/1167/2
f 1267/1170/2 1270/1169/2 1266/1168/2
f 1267/1170/2 1269/1171/2 1270/1169/2
f 1268/1172/2 1269/1171/2 1267/1170/2
f 720/1173/2 718/1174/2 719/1175/2
f 721/1176/2 718/1174/2 720/1173/2
f 721/1176/2 717/1177/2 718/1174/2
f 722/1178/2 717/1177/2 721/1176/2
f 722/1178/2 716/1179/2 717/1177/2
f 723/1180/2 716/1179/2 722/1178/2
f 723/1180/2 715/1181/2 716/1179/2
f 724/1182/2 715/1181/2 723/1180/2
f 724/1182/2 714/1183/2 715/1181/2
f 725/1184/2 714/1183/2 724/1182/2
f 725/1184/2 713/1185/2 714/1183/2
f 726/1186/2 713/1185/2 725/1184/2
f 726/1186/2 712/1187/2 713/1185/2
f 727/1188/2 712/1187/2 726/1186/2
f 727/1188/2 815/1189/2 712/1187/2
f 815/1189/2 711/1190/2 712/1187/2
f 727/1188/2 814/1191/2 815/1189/2
f 816/1192/2 711/1190/2 815/1189/2
f 727/1188/2 813/1193/2 814/1191/2
f 817/1194/2 711/1190/2 816/1192/2
f 728/1195/2 813/1193/2 727/1188/2
f 728/1195/2 812/1196/2 813/1193/2
f 817/1194/2 710/1197/2 711/1190/2
f 818/1198/2 710/1197/2 817/1194/2
f 728/1195/2 811/1199/2 812/1196/2
f 819/1200/2 710/1197/2 818/1198/2
f 728/1195/2 810/1201/2 811/1199/2
f 820/1202/2 710/1197/2 819/1200/2
f 728/1195/2 809/1203/2 810/1201/2
f 821/1204/2 710/1197/2 820/1202/2
f 729/1205/2 809/1203/2 728/1195/2
f 821/1204/2 709/1206/2 710/1197/2
f 729/1205/2 808/1207/2 809/1203/2
f 822/1208/2 709/1206/2 821/1204/2
f 729/1205/2 807/1209/2 808/1207/2
f 823/1210/2 709/1206/2 822/1208/2
f 729/1205/2 806/1211/2 807/1209/2
f 730/1212/2 806/1211/2 729/1205/2
f 824/1213/2 709/1206/2 823/1210/2
f 824/1213/2 708/1214/2 709/1206/2
f 730/1212/2 805/1215/2 806/1211/2
f 825/1216/2 708/1214/2 824/1213/2
f 730/1212/2 804/1217/2 805/1215/2
f 826/1218/2 708/1214/2 825/1216/2
f 731/1219/2 804/1217/2 730/1212/2
f 826/1218/2 707/1220/2 708/1214/2
f 731/1219/2 803/1221/2 804/1217/2
f 779/1222/2 707/1220/2 826/1218/2
f 731/1219/2 802/1223/2 803/1221/2
f 732/1224/2 802/1223/2 731/1219/2
f 780/1225/2 707/1220/2 779/1222/2
f 780/1225/2 706/1226/2 707/1220/2
f 732/1224/2 801/1227/2 802/1223/2
f 781/1228/2 706/1226/2 780/1225/2
f 733/1229/2 801/1227/2 732/1224/2
f 781/1228/2 705/1230/2 706/1226/2
f 733/1229/2 800/1231/2 801/1227/2
f 782/1232/2 705/1230/2 781/1228/2
f 782/1232/2 704/1233/2 705/1230/2
f 734/1234/2 800/1231/2 733/1229/2
f 734/1234/2 799/1235/2 800/1231/2
f 783/1236/2 704/1233/2 782/1232/2
f 783/1236/2 703/1237/2 704/1233/2
f 735/1238/2 799/1235/2 734/1234/2
f 735/1238/2 798/1239/2 799/1235/2
f 784/1240/2 703/1237/2 783/1236/2
f 736/1241/2 798/1239/2 735/1238/2
f 784/1240/2 702/1242/2 703/1237/2
f 736/1241/2 797/1243/2 798/1239/2
f 785/1244/2 702/1242/2 784/1240/2
f 737/1245/2 797/1243/2 736/1241/2
f 785/1244/2 701/1246/2 702/1242/2
f 737/1245/2 796/1247/2 797/1243/2
f 786/1248/2 701/1246/2 785/1244/2
f 737/1245/2 795/1249/2 796/1247/2
f 787/1250/2 701/1246/2 786/1248/2
f 738/1251/2 795/1249/2 737/1245/2
f 787/1250/2 700/1252/2 701/1246/2
f 738/1251/2 794/1253/2 795/1249/2
f 788/1254/2 700/1252/2 787/1250/2
f 739/1255/2 794/1253/2 738/1251/2
f 739/1255/2 793/1256/2 794/1253/2
f 789/1257/2 700/1252/2 788/1254/2
f 789/1257/2 699/1258/2 700/1252/2
f 739/1255/2 792/1259/2 793/1256/2
f 790/1260/2 699/1258/2 789/1257/2
f 739/1255/2 791/1261/2 792/1259/2
f 791/1261/2 699/1258/2 790/1260/2
f 739/1255/2 699/1258/2 791/1261/2
f 740/1262/2 699/1258/2 739/1255/2
f 740/1262/2 698/1263/2 699/1258/2
f 741/1264/2 698/1263/2 740/1262/2
f 741/1264/2 697/1265/2 698/1263/2
f 742/1266/2 697/1265/2 741/1264/2
f 742/1266/2 696/1267/2 697/1265/2
f 743/1268/2 696/1267/2 742/1266/2
f 743/1268/2 695/1269/2 696/1267/2
f 744/1270/2 695/1269/2 743/1268/2
f 744/1270/2 694/1271/2 695/1269/2
f 745/1272/2 694/1271/2 744/1270/2
f 745/1272/2 693/1273/2 694/1271/2
f 746/1274/2 693/1273/2 745/1272/2
f 746/1274/2 692/1275/2 693/1273/2
f 747/1276/2 692/1275/2 746/1274/2
f 747/1276/2 691/1277/2 692/1275/2
f 748/1278/2 863/1279/2 747/1276/2
f 863/1279/2 691/1277/2 747/1276/2
f 863/1279/2 690/1280/2 691/1277/2
f 748/1278/2 862/1281/2 863/1279/2
f 864/1282/2 690/1280/2 863/1279/2
f 748/1278/2 861/1283/2 862/1281/2
f 865/1284/2 690/1280/2 864/1282/2
f 748/1278/2 860/1285/2 861/1283/2
f 866/1286/2 690/1280/2 865/1284/2
f 749/1287/2 860/1285/2 748/1278/2
f 749/1287/2 859/1288/2 860/1285/2
f 867/1289/2 690/1280/2 866/1286/2
f 867/1289/2 689/1290/2 690/1280/2
f 749/1287/2 858/1291/2 859/1288/2
f 868/1292/2 689/1290/2 867/1289/2
f 750/1293/2 858/1291/2 749/1287/2
f 750/1293/2 857/1294/2 858/1291/2
f 869/1295/2 689/1290/2 868/1292/2
f 869/1295/2 688/1296/2 689/1290/2
f 750/1293/2 856/1297/2 857/1294/2
f 870/1298/2 688/1296/2 869/1295/2
f 751/1299/2 856/1297/2 750/1293/2
f 870/1298/2 687/1300/2 688/1296/2
f 751/1299/2 855/1301/2 856/1297/2
f 871/1302/2 687/1300/2 870/1298/2
f 752/1303/2 855/1301/2 751/1299/2
f 752/1303/2 854/1304/2 855/1301/2
f 871/1302/2 686/1305/2 687/1300/2
f 872/1306/2 686/1305/2 871/1302/2
f 752/1303/2 853/1307/2 854/1304/2
f 753/1308/2 853/1307/2 752/1303/2
f 873/1309/2 686/1305/2 872/1306/2
f 873/1309/2 685/1310/2 686/1305/2
f 753/1308/2 852/1311/2 853/1307/2
f 874/1312/2 685/1310/2 873/1309/2
f 754/1313/2 852/1311/2 753/1308/2
f 874/1312/2 684/1314/2 685/1310/2
f 754/1313/2 851/1315/2 852/1311/2
f 827/1316/2 684/1314/2 874/1312/2
f 755/1317/2 851/1315/2 754/1313/2
f 827/1316/2 683/1318/2 684/1314/2
f 755/1317/2 850/1319/2 851/1315/2
f 828/1320/2 683/1318/2 827/1316/2
f 756/1321/2 850/1319/2 755/1317/2
f 828/1320/2 778/1322/2 683/1318/2
f 829/1323/2 778/1322/2 828/1320/2
f 756/1321/2 849/1324/2 850/1319/2
f 830/1325/2 778/1322/2 829/1323/2
f 756/1321/2 848/1326/2 849/1324/2
f 757/1327/2 848/1326/2 756/1321/2
f 830/1325/2 777/1328/2 778/1322/2
f 831/1329/2 777/1328/2 830/1325/2
f 757/1327/2 847/1330/2 848/1326/2
f 832/1331/2 777/1328/2 831/1329/2
f 757/1327/2 846/1332/2 847/1330/2
f 758/1333/2 846/1332/2 757/1327/2
f 832/1331/2 776/1334/2 777/1328/2
f 833/1335/2 776/1334/2 832/1331/2
f 758/1333/2 845/1336/2 846/1332/2
f 834/1337/2 776/1334/2 833/1335/2
f 758/1333/2 844/1338/2 845/1336/2
f 759/1339/2 844/1338/2 758/1333/2
f 834/1337/2 775/1340/2 776/1334/2
f 835/1341/2 775/1340/2 834/1337/2
f 759/1339/2 843/1342/2 844/1338/2
f 836/1343/2 775/1340/2 835/1341/2
f 759/1339/2 842/1344/2 843/1342/2
f 837/1345/2 775/1340/2 836/1343/2
f 759/1339/2 841/1346/2 842/1344/2
f 838/1347/2 775/1340/2 837/1345/2
f 759/1339/2 840/1348/2 841/1346/2
f 760/1349/2 840/1348/2 759/1339/2
f 838/1347/2 774/1350/2 775/1340/2
f 839/1351/2 774/1350/2 838/1347/2
f 760/1349/2 839/1351/2 840/1348/2
f 760/1349/2 774/1350/2 839/1351/2
f 761/1352/2 774/1350/2 760/1349/2
f 761/1352/2 773/1353/2 774/1350/2
f 762/1354/2 773/1353/2 761/1352/2
f 762/1354/2 772/1355/2 773/1353/2
f 763/1356/2 772/1355/2 762/1354/2
f 763/1356/2 771/1357/2 772/1355/2
f 764/1358/2 771/1357/2 763/1356/2
f 764/1358/2 770/1359/2 771/1357/2
f 765/1360/2 770/1359/2 764/1358/2
f 765/1360/2 769/1361/2 770/1359/2
f 766/1362/2 769/1361/2 765/1360/2
f 766/1362/2 768/1363/2 769/1361/2
f 767/1364/2 768/1363/2 766/1362/2
f 168/1365/3 169/1366/3 851/1367/3 850/1368/3
f 143/1369/4 144/1370/4 826/1371/4 825/1372/4
f 270/1373/5 271/1374/5 953/1375/5 952/1376/5
f 486/1377/6 487/1378/6 1169/1379/6 1168/1380/6
f 451/1381/7 452/1382/7 1134/1383/7 1133/1384/7
f 145/1385/8 146/1386/8 828/1387/8 827/1388/8
f 346/1389/9 347/1390/9 1029/1391/9 1028/1392/9
f 636/1393/10 637/1394/10 1319/1395/10 1318/1396/10
f 533/1397/11 534/1398/11 1216/1399/11 1215/1400/11
f 470/1401/12 471/1402/12 1153/1403/12 1152/1404/12
f 304/1405/13 305/1406/13 987/1407/13 986/1408/13
f 48/1409/14 49/1410/14 731/1411/14 730/1412/14
f 269/1413/15 270/1373/15 952/1376/15 951/1414/15
f 573/1415/16 574/1416/16 1256/1417/16 1255/1418/16
f 73/1419/17 74/1420/17 756/1421/17 755/1422/17
f 534/1398/18 535/1423/18 1217/1424/18 1216/1399/18
f 399/1425/19 400/1426/19 1082/1427/19 1081/1428/19
f 268/1429/20 269/1413/20 951/1414/20 950/1430/20
f 345/1431/21 346/1389/21 1028/1392/21 1027/1432/21
f 25/1433/22 26/1434/22 708/1435/22 707/1436/22
f 600/1437/23 601/1438/23 1283/1439/23 1282/1440/23
f 96/1441/24 1/1442/24 683/1443/24 778/1444/24
f 267/1445/25 268/1429/25 950/1430/25 949/1446/25
f 485/1447/26 486/1377/26 1168/1380/26 1167/1448/26
f 378/1449/27 379/1450/27 1061/1451/27 1060/1452/27
f 146/1386/28 147/1453/28 829/1454/28 828/1387/28
f 374/1455/29 375/1456/29 1057/1457/29 1056/1458/29
f 121/1459/30 122/1460/30 804/1461/30 803/1462/30
f 635/1463/31 636/1393/31 1318/1396/31 1317/1464/31
f 535/1423/32 536/1465/32 1218/1466/32 1217/1424/32
f 305/1406/33 306/1467/33 988/1468/33 987/1407/33
f 144/1370/34 97/1469/34 779/1470/34 826/1371/34
f 266/1471/35 267/1445/35 949/1446/35 948/1472/35
f 653/1473/36 654/1474/36 1336/1475/36 1335/1476/36
f 450/1477/37 451/1381/37 1133/1384/37 1132/1478/37
f 536/1465/38 537/1479/38 1219/1480/38 1218/1466/38
f 471/1402/39 472/1481/39 1154/1482/39 1153/1403/39
f 167/1483/40 168/1365/40 850/1368/40 849/1484/40
f 265/1485/41 266/1471/41 948/1472/41 947/1486/41
f 147/1453/42 148/1487/42 830/1488/42 829/1454/42
f 344/1489/43 345/1431/43 1027/1432/43 1026/1490/43
f 120/1491/44 121/1459/44 803/1462/44 802/1492/44
f 682/1493/45 635/1494/45 1317/1495/45 1364/1496/45
f 400/1426/46 401/1497/46 1083/1498/46 1082/1427/46
f 353/1499/47 354/1500/47 1036/1501/47 1035/1502/47
f 49/1410/48 50/1503/48 732/1504/48 731/1411/48
f 264/1505/49 265/1485/49 947/1486/49 946/1506/49
f 654/1474/50 655/1507/50 1337/1508/50 1336/1475/50
f 484/1509/51 485/1447/51 1167/1448/51 1166/1510/51
f 272/1511/52 273/1512/52 955/1513/52 954/1514/52
f 537/1479/53 538/1515/53 1220/1516/53 1219/1480/53
f 166/1517/54 167/1483/54 849/1484/54 848/1518/54
f 306/1467/55 307/1519/55 989/1520/55 988/1468/55
f 97/1469/56 98/1521/56 780/1522/56 779/1470/56
f 655/1507/57 656/1523/57 1338/1524/57 1337/1508/57
f 377/1525/58 378/1449/58 1060/1452/58 1059/1526/58
f 74/1420/59 75/1527/59 757/1528/59 756/1421/59
f 538/1515/60 539/1529/60 1221/1530/60 1220/1516/60
f 263/1531/61 264/1532/61 946/1533/61 945/1534/61
f 449/1535/62 450/1477/62 1132/1478/62 1131/1536/62
f 343/1537/63 344/1489/63 1026/1490/63 1025/1538/63
f 24/1539/64 25/1433/64 707/1436/64 706/1540/64
f 599/1541/65 600/1437/65 1282/1440/65 1281/1542/65
f 472/1481/66 425/1543/66 1107/1544/66 1154/1482/66
f 95/1545/67 96/1441/67 778/1444/67 777/1546/67
f 307/1519/68 308/1547/68 990/1548/68 989/1520/68
f 298/1549/69 272/1550/69 954/1551/69 980/1552/69
f 483/1553/70 484/1509/70 1166/1510/70 1165/1554/70
f 148/1487/71 149/1555/71 831/1556/71 830/1488/71
f 119/1557/72 120/1491/72 802/1492/72 801/1558/72
f 273/1512/73 274/1559/73 956/1560/73 955/1513/73
f 681/1561/74 682/1493/74 1364/1496/74 1363/1562/74
f 539/1529/75 540/1563/75 1222/1564/75 1221/1530/75
f 401/1497/76 402/1565/76 1084/1566/76 1083/1498/76
f 98/1521/77 99/1567/77 781/1568/77 780/1522/77
f 656/1523/78 657/1569/78 1339/1570/78 1338/1524/78
f 342/1571/79 343/1537/79 1025/1538/79 1024/1572/79
f 274/1559/80 275/1573/80 957/1574/80 956/1560/80
f 540/1563/81 541/1575/81 1223/1576/81 1222/1564/81
f 165/1577/82 166/1517/82 848/1518/82 847/1578/82
f 50/1503/83 51/1579/83 733/1580/83 732/1504/83
f 574/1416/84 575/1581/84 1257/1582/84 1256/1417/84
f 448/1583/85 449/1535/85 1131/1536/85 1130/1584/85
f 149/1555/86 150/1585/86 832/1586/86 831/1556/86
f 373/1587/87 374/1455/87 1056/1458/87 1055/1588/87
f 275/1573/88 276/1589/88 958/1590/88 957/1574/88
f 425/1543/89 426/1591/89 1108/1592/89 1107/1544/89
f 308/1547/90 309/1593/90 991/1594/90 990/1548/90
f 657/1569/91 658/1595/91 1340/1596/91 1339/1570/91
f 482/1597/92 483/1553/92 1165/1554/92 1164/1598/92
f 23/1599/93 24/1539/93 706/1540/93 705/1600/93
f 541/1575/94 542/1601/94 1224/1602/94 1223/1576/94
f 164/1603/95 165/1577/95 847/1578/95 846/1604/95
f 262/1605/96 263/1531/96 945/1534/96 944/1606/96
f 424/1607/97 377/1525/97 1059/1526/97 1106/1608/97
f 75/1527/98 76/1609/98 758/1610/98 757/1528/98
f 341/1611/99 342/1571/99 1024/1572/99 1023/1612/99
f 118/1613/100 119/1557/100 801/1558/100 800/1614/100
f 276/1589/101 277/1615/101 959/1616/101 958/1590/101
f 598/1617/102 599/1541/102 1281/1542/102 1280/1618/102
f 542/1601/103 543/1619/103 1225/1620/103 1224/1602/103
f 309/1593/104 310/1621/104 992/1622/104 991/1594/104
f 99/1567/105 100/1623/105 782/1624/105 781/1568/105
f 447/1625/106 448/1583/106 1130/1584/106 1129/1626/106
f 277/1615/107 278/1627/107 960/1628/107 959/1616/107
f 680/1629/108 681/1561/108 1363/1562/108 1362/1630/108
f 543/1619/109 544/1631/109 1226/1632/109 1225/1620/109
f 426/1591/110 427/1633/110 1109/1634/110 1108/1592/110
f 94/1635/111 95/1545/111 777/1546/111 776/1636/111
f 354/1500/112 355/1637/112 1037/1638/112 1036/1501/112
f 658/1595/113 659/1639/113 1341/1640/113 1340/1596/113
f 150/1585/114 151/1641/114 833/1642/114 832/1586/114
f 22/1643/115 23/1599/115 705/1600/115 704/1644/115
f 278/1627/116 279/1645/116 961/1646/116 960/1628/116
f 402/1565/117 403/1647/117 1085/1648/117 1084/1566/117
f 51/1579/118 52/1649/118 734/1650/118 733/1580/118
f 575/1581/119 576/1651/119 1258/1652/119 1257/1582/119
f 481/1653/120 482/1597/120 1164/1598/120 1163/1654/120
f 340/1655/121 341/1611/121 1023/1612/121 1022/1656/121
f 544/1631/122 545/1657/122 1227/1658/122 1226/1632/122
f 163/1659/123 164/1603/123 846/1604/123 845/1660/123
f 310/1621/124 311/1661/124 993/1662/124 992/1622/124
f 261/1663/125 262/1605/125 944/1606/125 943/1664/125
f 659/1639/126 660/1665/126 1342/1666/126 1341/1640/126
f 423/1667/127 424/1607/127 1106/1608/127 1105/1668/127
f 151/1669/128 152/1670/128 834/1671/128 833/1672/128
f 117/1673/129 118/1613/129 800/1614/129 799/1674/129
f 279/1645/130 280/1675/130 962/1676/130 961/1646/130
f 545/1657/131 546/1677/131 1228/1678/131 1227/1658/131
f 100/1623/132 101/1679/132 783/1680/132 782/1624/132
f 446/1681/133 447/1625/133 1129/1626/133 1128/1682/133
f 339/1683/134 340/1655/134 1022/1656/134 1021/1684/134
f 280/1685/135 281/1686/135 963/1687/135 962/1688/135
f 597/1689/136 598/1617/136 1280/1618/136 1279/1690/136
f 427/1633/137 428/1691/137 1110/1692/137 1109/1634/137
f 162/1693/138 163/1694/138 845/1695/138 844/1696/138
f 480/1697/139 481/1653/139 1163/1654/139 1162/1698/139
f 76/1609/140 77/1699/140 759/1700/140 758/1610/140
f 338/1701/141 339/1683/141 1021/1684/141 1020/1702/141
f 21/1703/142 22/1643/142 704/1644/142 703/1704/142
f 281/1686/143 282/1705/143 964/1706/143 963/1687/143
f 679/1707/144 680/1629/144 1362/1630/144 1361/1708/144
f 546/1677/145 547/1709/145 1229/1710/145 1228/1678/145
f 403/1647/146 404/1711/146 1086/1712/146 1085/1648/146
f 311/1661/147 312/1713/147 994/1714/147 993/1662/147
f 52/1649/148 53/1715/148 735/1716/148 734/1650/148
f 660/1665/149 661/1717/149 1343/1718/149 1342/1666/149
f 547/1709/150 548/1719/150 1230/1720/150 1229/1710/150
f 93/1721/151 94/1635/151 776/1636/151 775/1722/151
f 260/1723/152 261/1663/152 943/1664/152 942/1724/152
f 422/1725/153 423/1667/153 1105/1668/153 1104/1726/153
f 152/1670/154 153/1727/154 835/1728/154 834/1671/154
f 372/1729/155 373/1587/155 1055/1588/155 1054/1730/155
f 116/1731/156 117/1673/156 799/1674/156 798/1732/156
f 282/1705/157 283/1733/157 965/1734/157 964/1706/157
f 678/1735/158 679/1707/158 1361/1708/158 1360/1736/158
f 428/1691/159 429/1737/159 1111/1738/159 1110/1692/159
f 101/1679/160 102/1739/160 784/1740/160 783/1680/160
f 479/1741/161 480/1697/161 1162/1698/161 1161/1742/161
f 337/1743/162 338/1701/162 1020/1702/162 1019/1744/162
f 283/1733/163 284/1745/163 966/1746/163 965/1734/163
f 596/1747/164 597/1689/164 1279/1690/164 1278/1748/164
f 548/1719/165 549/1749/165 1231/1750/165 1230/1720/165
f 161/1751/166 162/1693/166 844/1696/166 843/1752/166
f 312/1713/167 313/1753/167 995/1754/167 994/1714/167
f 53/1715/168 54/1755/168 736/1756/168 735/1716/168
f 576/1651/169 577/1757/169 1259/1758/169 1258/1652/169
f 445/1759/170 446/1681/170 1128/1682/170 1127/1760/170
f 153/1727/171 154/1761/171 836/1762/171 835/1728/171
f 429/1737/172 430/1763/172 1112/1764/172 1111/1738/172
f 259/1765/173 260/1723/173 942/1724/173 941/1766/173
f 661/1717/174 662/1767/174 1344/1768/174 1343/1718/174
f 478/1769/175 479/1741/175 1161/1742/175 1160/1770/175
f 336/1771/176 337/1772/176 1019/1773/176 1018/1774/176
f 20/1775/177 21/1703/177 703/1704/177 702/1776/177
f 284/1745/178 285/1777/178 967/1778/178 966/1746/178
f 549/1749/179 550/1779/179 1232/1780/179 1231/1750/179
f 160/1781/180 161/1751/180 843/1752/180 842/1782/180
f 355/1637/181 356/1783/181 1038/1784/181 1037/1638/181
f 662/1767/182 663/1785/182 1345/1786/182 1344/1768/182
f 444/1787/183 445/1759/183 1127/1760/183 1126/1788/183
f 154/1761/184 155/1789/184 837/1790/184 836/1762/184
f 115/1791/185 116/1731/185 798/1732/185 797/1792/185
f 285/1777/186 286/1793/186 968/1794/186 967/1778/186
f 404/1711/187 405/1795/187 1087/1796/187 1086/1712/187
f 313/1797/188 314/1798/188 996/1799/188 995/1800/188
f 102/1739/189 103/1801/189 785/1802/189 784/1740/189
f 477/1803/190 478/1769/190 1160/1770/190 1159/1804/190
f 677/1805/191 678/1735/191 1360/1736/191 1359/1806/191
f 550/1779/192 551/1807/192 1233/1808/192 1232/1780/192
f 159/1809/193 160/1781/193 842/1782/193 841/1810/193
f 54/1755/194 55/1811/194 737/1812/194 736/1756/194
f 258/1813/195 259/1765/195 941/1766/195 940/1814/195
f 421/1815/196 422/1725/196 1104/1726/196 1103/1816/196
f 155/1789/197 156/1817/197 838/1818/197 837/1790/197
f 335/1819/198 336/1771/198 1018/1774/198 1017/1820/198
f 286/1793/199 287/1821/199 969/1822/199 968/1794/199
f 595/1823/200 596/1747/200 1278/1748/200 1277/1824/200
f 551/1807/201 552/1825/201 1234/1826/201 1233/1808/201
f 430/1763/202 431/1827/202 1113/1828/202 1112/1764/202
f 314/1798/203 315/1829/203 997/1830/203 996/1799/203
f 663/1785/204 664/1831/204 1346/1832/204 1345/1786/204
f 19/1833/205 20/1775/205 702/1776/205 701/1834/205
f 158/1835/206 159/1809/206 841/1810/206 840/1836/206
f 257/1837/207 258/1813/207 940/1814/207 939/1838/207
f 577/1757/208 578/1839/208 1260/1840/208 1259/1758/208
f 476/1841/209 477/1803/209 1159/1804/209 1158/1842/209
f 443/1843/210 444/1787/210 1126/1788/210 1125/1844/210
f 77/1699/211 78/1845/211 760/1846/211 759/1700/211
f 371/1847/212 372/1729/212 1054/1730/212 1053/1848/212
f 114/1849/213 115/1850/213 797/1851/213 796/1852/213
f 287/1821/214 288/1853/214 970/1854/214 969/1822/214
f 552/1825/215 553/1855/215 1235/1856/215 1234/1826/215
f 405/1795/216 406/1857/216 1088/1858/216 1087/1796/216
f 103/1859/217 104/1860/217 786/1861/217 785/1862/217
f 334/1863/218 335/1819/218 1017/1820/218 1016/1864/218
f 288/1853/219 289/1865/219 971/1866/219 970/1854/219
f 676/1867/220 677/1805/220 1359/1806/220 1358/1868/220
f 92/1869/221 93/1721/221 775/1722/221 774/1870/221
f 315/1829/222 316/1871/222 998/1872/222 997/1830/222
f 664/1831/223 665/1873/223 1347/1874/223 1346/1832/223
f 475/1875/224 476/1841/224 1158/1842/224 1157/1876/224
f 420/1877/225 421/1815/225 1103/1816/225 1102/1878/225
f 156/1817/226 157/1879/226 839/1880/226 838/1818/226
f 113/1881/227 114/1849/227 796/1852/227 795/1882/227
f 553/1855/228 554/1883/228 1236/1884/228 1235/1856/228
f 431/1827/229 432/1885/229 1114/1886/229 1113/1828/229
f 316/1871/230 317/1887/230 999/1888/230 998/1872/230
f 104/1860/231 105/1889/231 787/1890/231 786/1861/231
f 256/1891/232 257/1837/232 939/1838/232 938/1892/232
f 289/1865/233 290/1893/233 972/1894/233 971/1866/233
f 675/1895/234 676/1896/234 1358/1897/234 1357/1898/234
f 157/1879/235 158/1835/235 840/1836/235 839/1880/235
f 55/1811/236 56/1899/236 738/1900/236 737/1812/236
f 474/1901/237 475/1875/237 1157/1876/237 1156/1902/237
f 442/1903/238 443/1843/238 1125/1844/238 1124/1904/238
f 333/1905/239 334/1863/239 1016/1864/239 1015/1906/239
f 594/1907/240 595/1823/240 1277/1824/240 1276/1908/240
f 554/1883/241 555/1909/241 1237/1910/241 1236/1884/241
f 432/1885/242 433/1911/242 1115/1912/242 1114/1886/242
f 78/1913/243 79/1914/243 761/1915/243 760/1916/243
f 317/1887/244 318/1917/244 1000/1918/244 999/1888/244
f 255/1919/245 256/1891/245 938/1892/245 937/1920/245
f 665/1921/246 666/1922/246 1348/1923/246 1347/1924/246
f 18/1925/247 19/1833/247 701/1834/247 700/1926/247
f 290/1893/248 291/1927/248 973/1928/248 972/1894/248
f 555/1909/249 556/1929/249 1238/1930/249 1237/1910/249
f 578/1839/250 579/1931/250 1261/1932/250 1260/1840/250
f 441/1933/251 442/1903/251 1124/1904/251 1123/1934/251
f 91/1935/252 92/1869/252 774/1870/252 773/1936/252
f 332/1937/253 333/1905/253 1015/1906/253 1014/1938/253
f 112/1939/254 113/1881/254 795/1882/254 794/1940/254
f 406/1857/255 407/1941/255 1089/1942/255 1088/1858/255
f 79/1914/256 80/1943/256 762/1944/256 761/1915/256
f 356/1783/257 357/1945/257 1039/1946/257 1038/1784/257
f 105/1889/258 106/1947/258 788/1948/258 787/1890/258
f 254/1949/259 255/1919/259 937/1920/259 936/1950/259
f 473/1951/260 474/1952/260 1156/1953/260 1155/1954/260
f 291/1955/261 292/1956/261 974/1957/261 973/1958/261
f 674/1959/262 675/1895/262 1357/1898/262 1356/1960/262
f 318/1917/263 319/1961/263 1001/1962/263 1000/1918/263
f 56/1899/264 57/1963/264 739/1964/264 738/1900/264
f 666/1922/265 667/1965/265 1349/1966/265 1348/1923/265
f 561/1967/69 473/1968/69 1155/1969/69 1243/1970/69
f 419/1971/266 420/1877/266 1102/1878/266 1101/1972/266
f 90/1973/267 91/1974/267 773/1975/267 772/1976/267
f 292/1956/268 293/1977/268 975/1978/268 974/1957/268
f 556/1929/269 557/1979/269 1239/1980/269 1238/1930/269
f 433/1981/270 434/1982/270 1116/1983/270 1115/1984/270
f 80/1943/271 81/1985/271 763/1986/271 762/1944/271
f 667/1965/272 668/1987/272 1350/1988/272 1349/1966/272
f 331/1989/273 332/1937/273 1014/1938/273 1013/1990/273
f 111/1991/274 112/1939/274 794/1940/274 793/1992/274
f 557/1979/275 558/1993/275 1240/1994/275 1239/1980/275
f 319/1961/276 320/1995/276 1002/1996/276 1001/1962/276
f 106/1947/277 107/1997/277 789/1998/277 788/1948/277
f 253/1999/278 254/1949/278 936/1950/278 935/2000/278
f 440/2001/279 441/2002/279 1123/2003/279 1122/2004/279
f 89/2005/280 90/1973/280 772/1976/280 771/2006/280
f 293/1977/281 294/2007/281 976/2008/281 975/1978/281
f 673/2009/282 674/1959/282 1356/1960/282 1355/2010/282
f 558/1993/283 559/2011/283 1241/2012/283 1240/1994/283
f 434/1982/284 435/2013/284 1117/2014/284 1116/1983/284
f 81/1985/285 82/2015/285 764/2016/285 763/1986/285
f 330/2017/286 331/1989/286 1013/1990/286 1012/2018/286
f 17/2019/287 18/1925/287 700/1926/287 699/2020/287
f 294/2007/288 295/2021/288 977/2022/288 976/2008/288
f 593/2023/289 594/1907/289 1276/1908/289 1275/2024/289
f 559/2011/290 560/2025/290 1242/2026/290 1241/2012/290
f 668/1987/291 669/2027/291 1351/2028/291 1350/1988/291
f 560/2029/52 561/2030/52 1243/2031/52 1242/2032/52
f 439/2033/292 440/2001/292 1122/2004/292 1121/2034/292
f 88/2035/293 89/2005/293 771/2006/293 770/2036/293
f 370/2037/294 371/1847/294 1053/1848/294 1052/2038/294
f 110/2039/295 111/1991/295 793/1992/295 792/2040/295
f 562/2041/296 563/2042/296 1245/2043/296 1244/2044/296
f 435/2013/297 436/2045/297 1118/2046/297 1117/2014/297
f 82/2015/298 83/2047/298 765/2048/298 764/2016/298
f 320/1995/299 321/2049/299 1003/2050/299 1002/1996/299
f 107/1997/300 108/2051/300 790/2052/300 789/1998/300
f 252/2053/301 253/1999/301 935/2000/301 934/2054/301
f 295/2021/302 296/2055/302 978/2056/302 977/2022/302
f 672/2057/303 673/2009/303 1355/2010/303 1354/2058/303
f 634/2059/304 562/1473/304 1244/1476/304 1316/2060/304
f 669/2027/305 670/2061/305 1352/2062/305 1351/2028/305
f 563/2042/306 564/2063/306 1246/2064/306 1245/2043/306
f 438/2065/307 439/2033/307 1121/2034/307 1120/2066/307
f 87/2067/308 88/2035/308 770/2036/308 769/2068/308
f 329/2069/309 330/2017/309 1012/2018/309 1011/2070/309
f 109/2071/310 110/2039/310 792/2040/310 791/2072/310
f 296/2055/311 297/2073/311 979/2074/311 978/2056/311
f 407/1941/312 408/2075/312 1090/2076/312 1089/1942/312
f 83/2047/313 84/2077/313 766/2078/313 765/2048/313
f 321/2049/314 322/2079/314 1004/2080/314 1003/2050/314
f 108/2051/315 109/2071/315 791/2072/315 790/2052/315
f 564/2063/316 565/2081/316 1247/2082/316 1246/2064/316
f 671/2083/317 672/2057/317 1354/2058/317 1353/2084/317
f 670/2061/318 671/2083/318 1353/2084/318 1352/2062/318
f 418/2085/319 419/1971/319 1101/1972/319 1100/2086/319
f 86/2087/320 87/2067/320 769/2068/320 768/2088/320
f 328/2089/321 329/2069/321 1011/2070/321 1010/2090/321
f 57/1963/322 58/2091/322 740/2092/322 739/1964/322
f 633/2093/323 634/2094/323 1316/2095/323 1315/2096/323
f 436/2045/324 437/2097/324 1119/2098/324 1118/2046/324
f 84/2077/325 85/2099/325 767/2100/325 766/2078/325
f 322/2079/326 323/2101/326 1005/2102/326 1004/2080/326
f 297/2073/260 298/2103/260 980/2104/260 979/2074/260
f 85/2099/327 86/2087/327 768/2088/327 767/2100/327
f 579/1931/328 580/2105/328 1262/2106/328 1261/1932/328
f 632/2107/329 633/2093/329 1315/2096/329 1314/2108/329
f 16/2109/330 17/2019/330 699/2020/330 698/2110/330
f 565/2111/331 566/2112/331 1248/2113/331 1247/2114/331
f 437/2097/332 438/2065/332 1120/2066/332 1119/2098/332
f 327/2115/333 328/2089/333 1010/2090/333 1009/2116/333
f 58/2117/334 59/2118/334 741/2119/334 740/2120/334
f 251/2121/335 252/2053/335 934/2054/335 933/2122/335
f 323/2101/336 324/2123/336 1006/2124/336 1005/2102/336
f 592/2125/337 593/2023/337 1275/2024/337 1274/2126/337
f 408/2127/338 409/2128/338 1091/2129/338 1090/2130/338
f 250/2131/339 251/2132/339 933/2133/339 932/2134/339
f 580/1896/340 581/2135/340 1263/2136/340 1262/1897/340
f 631/2137/341 632/2107/341 1314/2108/341 1313/2138/341
f 15/2139/342 16/2109/342 698/2110/342 697/2140/342
f 326/2141/343 327/2115/343 1009/2116/343 1008/2142/343
f 59/2118/344 60/2143/344 742/2144/344 741/2119/344
f 249/2145/345 250/2131/345 932/2134/345 931/2146/345
f 630/2147/346 631/2137/346 1313/2138/346 1312/2148/346
f 417/2149/347 418/2085/347 1100/2086/347 1099/2150/347
f 324/2123/348 325/2151/348 1007/2152/348 1006/2124/348
f 591/2153/349 592/2154/349 1274/2155/349 1273/2156/349
f 566/2112/350 567/2157/350 1249/2158/350 1248/2113/350
f 409/2128/351 410/2159/351 1092/2160/351 1091/2129/351
f 248/2161/352 249/2145/352 931/2146/352 930/2162/352
f 581/2135/353 582/2163/353 1264/2164/353 1263/2136/353
f 14/2165/354 15/2139/354 697/2140/354 696/2166/354
f 325/2151/355 326/2141/355 1008/2142/355 1007/2152/355
f 60/2143/356 61/2167/356 743/2168/356 742/2144/356
f 247/2169/357 248/2161/357 930/2162/357 929/2170/357
f 629/2171/358 630/2172/358 1312/2173/358 1311/2174/358
f 416/2175/359 417/2176/359 1099/2177/359 1098/2178/359
f 590/2179/360 591/2153/360 1273/2156/360 1272/2180/360
f 410/2159/361 411/2181/361 1093/2182/361 1092/2160/361
f 357/2183/362 358/2184/362 1040/2185/362 1039/2186/362
f 246/2187/363 247/2188/363 929/2189/363 928/2190/363
f 582/2163/364 583/2191/364 1265/2192/364 1264/2164/364
f 628/2193/365 629/2171/365 1311/2174/365 1310/2194/365
f 13/2195/366 14/2196/366 696/2197/366 695/2198/366
f 567/2157/367 568/2199/367 1250/2200/367 1249/2158/367
f 61/2201/368 62/2202/368 744/2203/368 743/2204/368
f 245/2205/369 246/2187/369 928/2190/369 927/2206/369
f 415/2207/370 416/2175/370 1098/2178/370 1097/2208/370
f 369/2209/371 370/2210/371 1052/2211/371 1051/2212/371
f 208/2213/52 209/2214/52 891/2215/52 890/2216/52
f 589/2217/372 590/2179/372 1272/2180/372 1271/2218/372
f 411/2181/373 412/2219/373 1094/2220/373 1093/2182/373
f 358/2184/374 359/2221/374 1041/2222/374 1040/2185/374
f 583/2191/375 584/2223/375 1266/2224/375 1265/2192/375
f 627/2225/376 628/2193/376 1310/2194/376 1309/2226/376
f 12/2227/377 13/2228/377 695/2229/377 694/2230/377
f 209/2214/378 210/2231/378 892/2232/378 891/2215/378
f 62/2202/379 63/2233/379 745/2234/379 744/2203/379
f 626/2235/380 627/2225/380 1309/2226/380 1308/2236/380
f 414/2237/381 415/2207/381 1097/2208/381 1096/2238/381
f 368/2239/382 369/2209/382 1051/2212/382 1050/2240/382
f 588/2241/383 589/2217/383 1271/2218/383 1270/2242/383
f 568/2199/384 569/2243/384 1251/2244/384 1250/2200/384
f 412/2219/385 413/2245/385 1095/2246/385 1094/2220/385
f 359/2221/386 360/2247/386 1042/2248/386 1041/2222/386
f 244/2249/387 245/2205/387 927/2206/387 926/2250/387
f 584/2223/388 585/2251/388 1267/2252/388 1266/2224/388
f 413/2245/389 414/2237/389 1096/2238/389 1095/2246/389
f 11/2253/390 12/2254/390 694/2255/390 693/2256/390
f 206/2257/52 207/2258/52 889/2259/52 888/2260/52
f 498/2261/391 499/2262/391 1181/2263/391 1180/2264/391
f 63/2233/392 64/2265/392 746/2266/392 745/2234/392
f 207/2267/69 208/2268/69 890/2269/69 889/2270/69
f 625/2271/393 626/2235/393 1308/2236/393 1307/2272/393
f 367/2273/394 368/2239/394 1050/2240/394 1049/2274/394
f 210/2231/395 211/2275/395 893/2276/395 892/2232/395
f 587/2277/396 588/2241/396 1270/2242/396 1269/2278/396
f 569/2243/397 570/2279/397 1252/2280/397 1251/2244/397
f 497/2281/398 498/2261/398 1180/2264/398 1179/2282/398
f 360/2247/399 361/2283/399 1043/2284/399 1042/2248/399
f 585/2251/400 586/2285/400 1268/2286/400 1267/2252/400
f 499/2262/401 500/2287/401 1182/2288/401 1181/2263/401
f 10/2289/402 11/2253/402 693/2256/402 692/2290/402
f 211/2275/403 212/2291/403 894/2292/403 893/2276/403
f 586/2285/404 587/2277/404 1269/2278/404 1268/2286/404
f 64/2293/405 65/2294/405 747/2295/405 746/2296/405
f 37/2297/406 38/2298/406 720/2299/406 719/2300/406
f 624/2301/407 625/2271/407 1307/2272/407 1306/2302/407
f 500/2287/408 501/2303/408 1183/2304/408 1182/2288/408
f 366/2305/409 367/2273/409 1049/2274/409 1048/2306/409
f 212/2291/410 213/2307/410 895/2308/410 894/2292/410
f 361/2283/411 362/2309/411 1044/2310/411 1043/2284/411
f 36/2311/412 37/2297/412 719/2300/412 718/2312/412
f 623/2313/413 624/2301/413 1306/2302/413 1305/2314/413
f 9/2315/414 10/2289/414 692/2290/414 691/2316/414
f 38/2298/415 39/2317/415 721/2318/415 720/2299/415
f 570/2279/416 571/2319/416 1253/2320/416 1252/2280/416
f 496/2321/417 497/2281/417 1179/2282/417 1178/2322/417
f 65/2294/418 66/2323/418 748/2324/418 747/2295/418
f 243/2325/419 244/2326/419 926/2327/419 925/2328/419
f 501/2303/420 502/2329/420 1184/2330/420 1183/2304/420
f 365/2331/421 366/2305/421 1048/2306/421 1047/2332/421
f 213/2307/422 214/2333/422 896/2334/422 895/2308/422
f 610/2335/423 611/2336/423 1293/2337/423 1292/2338/423
f 362/2309/424 363/2339/424 1045/2340/424 1044/2310/424
f 35/2341/425 36/2311/425 718/2312/425 717/2342/425
f 214/2333/426 215/2343/426 897/2344/426 896/2334/426
f 39/2317/427 40/2345/427 722/2346/427 721/2318/427
f 609/2347/428 610/2335/428 1292/2338/428 1291/2348/428
f 495/2349/429 496/2321/429 1178/2322/429 1177/2350/429
f 363/2339/430 364/2351/430 1046/2352/430 1045/2340/430
f 611/2336/431 612/2353/431 1294/2354/431 1293/2337/431
f 502/2329/432 503/2355/432 1185/2356/432 1184/2330/432
f 364/2351/433 365/2331/433 1047/2332/433 1046/2352/433
f 8/2357/434 9/2315/434 691/2316/434 690/2358/434
f 389/2359/435 390/2360/435 1072/2361/435 1071/2362/435
f 242/2363/436 243/2325/436 925/2328/436 924/2364/436
f 34/2365/437 35/2341/437 717/2342/437 716/2366/437
f 612/2353/438 613/2367/438 1295/2368/438 1294/2354/438
f 503/2355/439 504/2369/439 1186/2370/439 1185/2356/439
f 180/2371/440 181/2372/440 863/2373/440 862/2374/440
f 215/2343/441 216/2375/441 898/2376/441 897/2344/441
f 40/2345/442 41/2377/442 723/2378/442 722/2346/442
f 388/2379/443 389/2359/443 1071/2362/443 1070/2380/443
f 181/2372/444 182/2381/444 864/2382/444 863/2373/444
f 608/2383/445 609/2347/445 1291/2348/445 1290/2384/445
f 494/2385/446 495/2349/446 1177/2350/446 1176/2386/446
f 387/2387/447 388/2379/447 1070/2380/447 1069/2388/447
f 241/2389/448 242/2363/448 924/2364/448 923/2390/448
f 33/2391/449 34/2365/449 716/2366/449 715/2392/449
f 613/2367/450 614/2393/450 1296/2394/450 1295/2368/450
f 504/2369/451 505/2395/451 1187/2396/451 1186/2370/451
f 390/2360/452 391/2397/452 1073/2398/452 1072/2361/452
f 179/2399/453 180/2371/453 862/2374/453 861/2400/453
f 216/2375/454 217/2401/454 899/2402/454 898/2376/454
f 41/2377/455 42/2403/455 724/2404/455 723/2378/455
f 182/2381/456 183/2405/456 865/2406/456 864/2382/456
f 614/2393/457 615/2407/457 1297/2408/457 1296/2394/457
f 505/2395/458 506/2409/458 1188/2410/458 1187/2396/458
f 386/2411/459 387/2387/459 1069/2388/459 1068/2412/459
f 240/2413/460 241/2389/460 923/2390/460 922/2414/460
f 32/2415/461 33/2391/461 715/2392/461 714/2416/461
f 391/2397/462 392/2417/462 1074/2418/462 1073/2398/462
f 178/2419/463 179/2399/463 861/2400/463 860/2420/463
f 217/2421/464 218/2422/464 900/2423/464 899/2424/464
f 42/2403/465 43/2425/465 725/2426/465 724/2404/465
f 622/2427/466 623/2313/466 1305/2314/466 1304/2428/466
f 493/2429/467 494/2385/467 1176/2386/467 1175/2430/467
f 183/2405/468 184/2431/468 866/2432/468 865/2406/468
f 615/2407/469 616/2433/469 1298/2434/469 1297/2408/469
f 506/2409/470 507/2435/470 1189/2436/470 1188/2410/470
f 385/2437/471 386/2411/471 1068/2412/471 1067/2438/471
f 66/2323/472 67/2439/472 749/2440/472 748/2324/472
f 239/2441/473 240/2413/473 922/2414/473 921/2442/473
f 31/2443/474 32/2415/474 714/2416/474 713/2444/474
f 507/2435/475 508/2445/475 1190/2446/475 1189/2436/475
f 392/2417/476 393/2447/476 1075/2448/476 1074/2418/476
f 218/2422/477 219/2449/477 901/2450/477 900/2423/477
f 43/2451/478 44/2452/478 726/2453/478 725/2454/478
f 607/2455/479 608/2383/479 1290/2384/479 1289/2456/479
f 616/2433/480 617/2457/480 1299/2458/480 1298/2434/480
f 393/2459/481 394/2460/481 1076/2461/481 1075/2462/481
f 177/2463/482 178/2419/482 860/2420/482 859/2464/482
f 492/2465/483 493/2429/483 1175/2430/483 1174/2466/483
f 184/2431/484 185/2467/484 867/2468/484 866/2432/484
f 238/2469/485 239/2441/485 921/2442/485 920/2470/485
f 30/2471/486 31/2472/486 713/2326/486 712/2473/486
f 617/2457/487 618/2474/487 1300/2475/487 1299/2458/487
f 508/2445/488 509/2476/488 1191/2477/488 1190/2446/488
f 219/2449/489 220/2478/489 902/2479/489 901/2450/489
f 44/2452/490 45/2480/490 727/2481/490 726/2453/490
f 384/2482/491 385/2437/491 1067/2438/491 1066/2483/491
f 618/2474/492 619/2484/492 1301/2485/492 1300/2475/492
f 509/2476/493 510/2486/493 1192/2487/493 1191/2477/493
f 394/2460/494 395/2488/494 1077/2489/494 1076/2461/494
f 7/2490/495 8/2357/495 690/2358/495 689/2491/495
f 237/2492/496 238/2469/496 920/2470/496 919/2493/496
f 176/2494/497 177/2463/497 859/2464/497 858/2495/497
f 606/2496/498 607/2455/498 1289/2456/498 1288/2497/498
f 491/2498/499 492/2499/499 1174/2500/499 1173/2501/499
f 185/2467/500 186/2502/500 868/2503/500 867/2468/500
f 236/2504/501 237/2492/501 919/2493/501 918/2505/501
f 29/2506/502 30/2471/502 712/2473/502 711/2507/502
f 619/2484/503 620/2508/503 1302/2509/503 1301/2485/503
f 510/2510/290 511/2165/290 1193/2166/290 1192/2511/290
f 220/2478/504 221/2512/504 903/2513/504 902/2479/504
f 511/2514/505 512/2515/505 1194/2516/505 1193/2517/505
f 383/2518/506 384/2029/506 1066/2519/506 1065/2520/506
f 67/2439/507 68/2521/507 750/2522/507 749/2440/507
f 132/2523/508 133/2524/508 815/2525/508 814/2526/508
f 620/2508/509 621/2527/509 1303/2528/509 1302/2509/509
f 133/2524/510 134/2529/510 816/2530/510 815/2525/510
f 512/2515/511 513/2531/511 1195/2532/511 1194/2516/511
f 460/2533/512 461/2534/512 1143/2535/512 1142/2536/512
f 235/2537/513 236/2504/513 918/2505/513 917/2538/513
f 621/2527/514 622/2443/514 1304/2444/514 1303/2528/514
f 461/2534/515 462/2539/515 1144/2540/515 1143/2535/515
f 175/2541/516 176/2494/516 858/2495/516 857/2542/516
f 221/2512/517 222/1797/517 904/1800/517 903/2513/517
f 513/2531/518 514/2543/518 1196/2544/518 1195/2532/518
f 186/2502/519 187/2545/519 869/2546/519 868/2503/519
f 131/2547/520 132/2523/520 814/2526/520 813/2548/520
f 134/2529/521 135/2549/521 817/2550/521 816/2530/521
f 605/2551/522 606/2496/522 1288/2497/522 1287/2552/522
f 514/2553/523 515/2554/523 1197/2555/523 1196/2556/523
f 459/2557/524 460/2533/524 1142/2536/524 1141/2558/524
f 234/2559/525 235/2537/525 917/2538/525 916/2560/525
f 462/2539/526 463/2561/526 1145/2562/526 1144/2540/526
f 6/2563/527 7/2490/527 689/2491/527 688/2564/527
f 45/2480/528 46/2565/528 728/2566/528 727/2481/528
f 571/2319/529 572/2567/529 1254/2568/529 1253/2320/529
f 515/2554/530 516/2569/530 1198/2570/530 1197/2555/530
f 233/2571/531 234/2559/531 916/2560/531 915/2572/531
f 395/2488/532 396/2573/532 1078/2574/532 1077/2489/532
f 174/2575/533 175/2576/533 857/2577/533 856/2578/533
f 516/2569/534 517/2579/534 1199/2580/534 1198/2570/534
f 187/2581/535 188/2582/535 870/2583/535 869/2584/535
f 232/2585/536 233/2571/536 915/2572/536 914/2586/536
f 130/2587/537 131/2547/537 813/2548/537 812/2588/537
f 604/2589/538 605/2551/538 1287/2552/538 1286/2590/538
f 517/2579/539 518/2591/539 1200/2592/539 1199/2580/539
f 382/2593/540 383/2518/540 1065/2520/540 1064/2594/540
f 68/2521/541 69/2595/541 751/2596/541 750/2522/541
f 231/2597/542 232/2585/542 914/2586/542 913/2598/542
f 28/2599/543 29/2506/543 711/2507/543 710/2600/543
f 603/2601/544 604/2602/544 1286/2603/544 1285/2604/544
f 135/2549/545 136/2605/545 818/2606/545 817/2550/545
f 572/2567/546 573/1415/546 1255/1418/546 1254/2568/546
f 518/2591/547 519/2607/547 1201/2608/547 1200/2592/547
f 458/2609/548 459/2557/548 1141/2558/548 1140/2610/548
f 230/2611/549 231/2597/549 913/2598/549 912/2612/549
f 463/2561/550 464/2613/550 1146/2614/550 1145/2562/550
f 5/2615/551 6/2563/551 688/2564/551 687/2616/551
f 519/2607/308 520/2617/308 1202/2618/308 1201/2608/308
f 229/2619/552 230/2611/552 912/2612/552 911/2620/552
f 129/2621/553 130/2587/553 812/2588/553 811/2622/553
f 644/2623/554 645/2624/554 1327/2625/554 1326/2626/554
f 173/2627/555 174/2575/555 856/2578/555 855/2628/555
f 136/2605/556 137/2629/556 819/2630/556 818/2606/556
f 520/2617/557 521/2631/557 1203/2632/557 1202/2618/557
f 457/2633/558 458/2609/558 1140/2610/558 1139/2634/558
f 188/2582/559 189/2635/559 871/2636/559 870/2583/559
f 228/2637/560 229/2619/560 911/2620/560 910/2638/560
f 464/2613/561 465/2639/561 1147/2640/561 1146/2614/561
f 645/2624/562 646/2641/562 1328/2642/562 1327/2625/562
f 521/2631/563 522/2643/563 1204/2644/563 1203/2632/563
f 69/2595/564 70/2645/564 752/2646/564 751/2596/564
f 227/2647/565 228/2637/565 910/2638/565 909/2648/565
f 128/2649/566 129/2621/566 811/2622/566 810/2650/566
f 137/2629/567 138/2651/567 820/2652/567 819/2630/567
f 646/2641/568 647/2653/568 1329/2654/568 1328/2642/568
f 456/2655/569 457/2656/569 1139/2657/569 1138/2658/569
f 226/2659/570 227/2647/570 909/2648/570 908/2660/570
f 522/2643/571 523/2661/571 1205/2662/571 1204/2644/571
f 465/2663/572 466/2664/572 1148/2665/572 1147/2666/572
f 172/2667/573 173/2627/573 855/2628/573 854/2668/573
f 225/2669/574 226/2659/574 908/2660/574 907/2670/574
f 127/2671/575 128/2649/575 810/2650/575 809/2672/575
f 602/2673/576 603/2601/576 1285/2604/576 1284/2674/576
f 396/2573/577 397/2675/577 1079/2676/577 1078/2574/577
f 4/2677/578 5/2615/578 687/2616/578 686/2678/578
f 138/2651/579 139/2679/579 821/2680/579 820/2652/579
f 647/2653/580 648/2681/580 1330/2682/580 1329/2654/580
f 490/2683/581 491/2498/581 1173/2501/581 1172/2684/581
f 189/2635/582 190/2685/582 872/2686/582 871/2636/582
f 224/2687/583 225/2669/583 907/2670/583 906/2688/583
f 198/2689/290 199/2690/290 881/2691/290 880/2692/290
f 523/2661/584 524/2693/584 1206/2694/584 1205/2662/584
f 222/2695/52 223/2421/52 905/2424/52 904/2696/52
f 46/2565/585 47/2697/585 729/2698/585 728/2566/585
f 648/2681/586 649/2699/586 1331/2700/586 1330/2682/586
f 381/2701/587 382/2593/587 1064/2594/587 1063/2702/587
f 223/2703/588 224/2687/588 906/2688/588 905/2704/588
f 197/2705/260 198/2706/260 880/2707/260 879/2708/260
f 524/2693/589 525/2709/589 1207/2710/589 1206/2694/589
f 171/2711/590 172/2667/590 854/2668/590 853/2712/590
f 351/2713/290 352/2714/290 1034/2715/290 1033/2716/290
f 455/2717/591 456/2655/591 1138/2658/591 1137/2718/591
f 70/2645/592 71/2719/592 753/2720/592 752/2646/592
f 27/2721/593 28/2599/593 710/2600/593 709/2722/593
f 196/2723/69 197/2724/69 879/2725/69 878/2726/69
f 643/2727/594 644/2623/594 1326/2626/594 1325/2728/594
f 525/2709/595 526/2729/595 1208/2730/595 1207/2710/595
f 466/2664/596 467/2731/596 1149/2732/596 1148/2665/596
f 350/2733/260 351/2734/260 1033/2735/260 1032/2736/260
f 194/2737/290 195/2738/290 877/2739/290 876/2740/290
f 190/2685/597 191/2741/597 873/2742/597 872/2686/597
f 126/2743/598 127/1955/598 809/1958/598 808/2744/598
f 642/2745/599 643/2727/599 1325/2728/599 1324/2746/599
f 349/2747/69 350/2748/69 1032/2749/69 1031/2750/69
f 139/2751/600 140/2752/600 822/2753/600 821/2754/600
f 193/2755/260 194/2756/260 876/2757/260 875/2758/260
f 649/2699/601 650/2759/601 1332/2760/601 1331/2700/601
f 489/2761/602 490/2683/602 1172/2684/602 1171/2762/602
f 454/2763/603 455/2717/603 1137/2718/603 1136/2764/603
f 300/2765/290 301/2766/290 983/2767/290 982/2689/290
f 526/2729/604 527/2768/604 1209/2769/604 1208/2730/604
f 467/2731/605 468/2770/605 1150/2771/605 1149/2732/605
f 3/2772/606 4/2677/606 686/2678/606 685/2773/606
f 204/2774/69 193/2775/69 875/2776/69 886/2777/69
f 299/2778/260 300/2779/260 982/2780/260 981/2781/260
f 125/2782/607 126/2743/607 808/2744/607 807/2783/607
f 601/1438/608 602/2673/608 1284/2674/608 1283/1439/608
f 527/2768/609 528/2784/609 1210/2785/609 1209/2769/609
f 397/2675/610 398/2786/610 1080/2787/610 1079/2676/610
f 170/2788/611 171/2711/611 853/2712/611 852/2789/611
f 140/2752/612 141/2790/612 823/2791/612 822/2753/612
f 191/2741/47 192/2792/47 874/2793/47 873/2742/47
f 376/2794/69 299/2795/69 981/2796/69 1058/2797/69
f 641/2798/613 642/2745/613 1324/2746/613 1323/2799/613
f 528/2784/614 529/2800/614 1211/2801/614 1210/2785/614
f 301/2766/615 302/2802/615 984/2803/615 983/2767/615
f 195/2804/260 196/2805/260 878/2806/260 877/2807/260
f 380/2808/616 381/2701/616 1063/2702/616 1062/2809/616
f 71/2719/617 72/2810/617 754/2811/617 753/2720/617
f 124/2812/618 125/2782/618 807/2783/618 806/2813/618
f 201/2814/52 202/2815/52 884/2816/52 883/2817/52
f 640/2818/619 641/2798/619 1323/2799/619 1322/2819/619
f 47/2697/620 48/1409/620 730/1412/620 729/2698/620
f 650/2759/621 651/2820/621 1333/2821/621 1332/2760/621
f 488/2822/622 489/2761/622 1171/2762/622 1170/2823/622
f 453/2824/623 454/2763/623 1136/2764/623 1135/2825/623
f 348/2826/624 349/2747/624 1031/2750/624 1030/2827/624
f 529/2828/625 530/2829/625 1212/2830/625 1211/2459/625
f 468/2770/626 469/2831/626 1151/2832/626 1150/2771/626
f 2/2833/627 3/2772/627 685/2773/627 684/2834/627
f 302/2802/628 303/2835/628 985/2836/628 984/2803/628
f 141/2790/629 142/2837/629 824/2838/629 823/2791/629
f 199/2839/52 200/2257/52 882/2260/52 881/2840/52
f 200/2172/69 201/2841/69 883/2842/69 882/2173/69
f 639/2843/630 640/2818/630 1322/2819/630 1321/2844/630
f 530/2829/631 531/2845/631 1213/2846/631 1212/2830/631
f 398/2786/632 399/1425/632 1081/1428/632 1080/2787/632
f 169/1366/633 170/2788/633 852/2789/633 851/1367/633
f 202/2847/290 203/2848/290 885/2849/290 884/2850/290
f 651/2820/634 652/2851/634 1334/2852/634 1333/2821/634
f 192/2792/635 145/1385/635 827/1388/635 874/2793/635
f 375/1456/636 376/2794/636 1058/2797/636 1057/1457/636
f 26/1434/637 27/2721/637 709/2722/637 708/1435/637
f 203/2853/52 204/2854/52 886/2855/52 885/2856/52
f 205/2857/290 206/2858/290 888/2859/290 887/2860/290
f 487/1378/638 488/2822/638 1170/2823/638 1169/1379/638
f 379/1450/639 380/2808/639 1062/2809/639 1061/1451/639
f 72/2810/640 73/1419/640 755/1422/640 754/2811/640
f 347/1390/641 348/2826/641 1030/2827/641 1029/1391/641
f 123/2861/642 124/2812/642 806/2813/642 805/2862/642
f 638/2863/643 639/2843/643 1321/2844/643 1320/2864/643
f 531/2845/644 532/2865/644 1214/2866/644 1213/2846/644
f 352/2714/645 353/1499/645 1035/1502/645 1034/2715/645
f 142/2837/646 143/1369/646 825/1372/646 824/2838/646
f 452/1382/647 453/2824/647 1135/2825/647 1134/1383/647
f 637/1394/648 638/2863/648 1320/2864/648 1319/1395/648
f 532/2865/649 533/1397/649 1215/1400/649 1214/2866/649
f 469/2831/650 470/1401/650 1152/1404/650 1151/2832/650
f 1/1442/651 2/2833/651 684/2834/651 683/1443/651
f 303/2835/652 304/1405/652 986/1408/652 985/2836/652
f 271/1374/260 205/2867/260 887/2868/260 953/1375/260
f 652/2851/653 653/2869/653 1335/2800/653 1334/2852/653
f 122/1460/654 123/2861/654 805/2862/654 804/1461/654
