# Blender 4.3.2
# www.blender.org
mtllib hru0268.mtl
o Text
v 4.009000 0.184000 0.000000
v 4.010118 0.200929 0.000000
v 4.013054 0.217204 0.000000
v 4.017181 0.232806 0.000000
v 4.021875 0.247715 0.000000
v 4.026508 0.261913 0.000000
v 4.030455 0.275379 0.000000
v 4.033089 0.288096 0.000000
v 4.033784 0.300043 0.000000
v 4.031915 0.311202 0.000000
v 4.026855 0.321554 0.000000
v 4.017978 0.331079 0.000000
v 4.004658 0.339758 0.000000
v 4.016730 0.349782 0.000000
v 4.024377 0.360762 0.000000
v 4.028242 0.372562 0.000000
v 4.028968 0.385043 0.000000
v 4.027199 0.398070 0.000000
v 4.023579 0.411504 0.000000
v 4.018750 0.425209 0.000000
v 4.013356 0.439048 0.000000
v 4.008040 0.452884 0.000000
v 4.003447 0.466579 0.000000
v 4.000219 0.479997 0.000000
v 3.999000 0.493000 0.000000
v 3.997241 0.520634 0.000000
v 3.992097 0.546903 0.000000
v 3.983766 0.571609 0.000000
v 3.972445 0.594556 0.000000
v 3.958332 0.615543 0.000000
v 3.941625 0.634375 0.000000
v 3.922523 0.650852 0.000000
v 3.901222 0.664778 0.000000
v 3.877922 0.675953 0.000000
v 3.852820 0.684181 0.000000
v 3.826113 0.689262 0.000000
v 3.798000 0.691000 0.000000
v 3.768890 0.689282 0.000000
v 3.741199 0.684259 0.000000
v 3.715141 0.676125 0.000000
v 3.690926 0.665074 0.000000
v 3.668767 0.651301 0.000000
v 3.648875 0.635000 0.000000
v 3.631463 0.616366 0.000000
v 3.616741 0.595593 0.000000
v 3.604922 0.572875 0.000000
v 3.596218 0.548407 0.000000
v 3.590840 0.522384 0.000000
v 3.589000 0.495000 0.000000
v 3.589620 0.480630 0.000000
v 3.591459 0.466542 0.000000
v 3.594485 0.452766 0.000000
v 3.598667 0.439333 0.000000
v 3.603974 0.426276 0.000000
v 3.610375 0.413625 0.000000
v 3.617839 0.401412 0.000000
v 3.626333 0.389667 0.000000
v 3.635828 0.378422 0.000000
v 3.646292 0.367708 0.000000
v 3.657693 0.357557 0.000000
v 3.670000 0.348000 0.000000
v 3.654437 0.338185 0.000000
v 3.640245 0.327731 0.000000
v 3.627422 0.316625 0.000000
v 3.615963 0.304852 0.000000
v 3.605865 0.292398 0.000000
v 3.597125 0.279250 0.000000
v 3.589739 0.265394 0.000000
v 3.583704 0.250815 0.000000
v 3.579016 0.235500 0.000000
v 3.575671 0.219435 0.000000
v 3.573667 0.202606 0.000000
v 3.573000 0.185000 0.000000
v 3.574961 0.158285 0.000000
v 3.580685 0.132782 0.000000
v 3.589938 0.108703 0.000000
v 3.602482 0.086259 0.000000
v 3.618081 0.065663 0.000000
v 3.636500 0.047125 0.000000
v 3.657502 0.030858 0.000000
v 3.680852 0.017074 0.000000
v 3.706313 0.005984 0.000000
v 3.733648 -0.002199 -0.000000
v 3.762623 -0.007264 -0.000000
v 3.793000 -0.009000 -0.000000
v 3.822879 -0.007284 -0.000000
v 3.851361 -0.002273 -0.000000
v 3.878219 0.005828 0.000000
v 3.903222 0.016815 0.000000
v 3.926142 0.030482 0.000000
v 3.946750 0.046625 0.000000
v 3.964816 0.065039 0.000000
v 3.980111 0.085519 0.000000
v 3.992407 0.107859 0.000000
v 4.001472 0.131857 0.000000
v 4.007080 0.157305 0.000000
v 3.901000 0.495000 0.000000
v 3.900022 0.481439 0.000000
v 3.897171 0.468347 0.000000
v 3.892578 0.455859 0.000000
v 3.886371 0.444111 0.000000
v 3.878677 0.433238 0.000000
v 3.869625 0.423375 0.000000
v 3.859345 0.414658 0.000000
v 3.847963 0.407222 0.000000
v 3.835610 0.401203 0.000000
v 3.822412 0.396736 0.000000
v 3.808500 0.393957 0.000000
v 3.794000 0.393000 0.000000
v 3.779711 0.393977 0.000000
v 3.765935 0.396815 0.000000
v 3.752812 0.401375 0.000000
v 3.740481 0.407519 0.000000
v 3.729081 0.415106 0.000000
v 3.718750 0.424000 0.000000
v 3.709627 0.434060 0.000000
v 3.701852 0.445148 0.000000
v 3.695563 0.457125 0.000000
v 3.690898 0.469852 0.000000
v 3.687998 0.483190 0.000000
v 3.687000 0.497000 0.000000
v 3.687903 0.511802 0.000000
v 3.690560 0.525662 0.000000
v 3.694891 0.538516 0.000000
v 3.700815 0.550296 0.000000
v 3.708253 0.560938 0.000000
v 3.717125 0.570375 0.000000
v 3.727351 0.578541 0.000000
v 3.738852 0.585370 0.000000
v 3.751547 0.590797 0.000000
v 3.765357 0.594755 0.000000
v 3.780201 0.597178 0.000000
v 3.796000 0.598000 0.000000
v 3.810880 0.597100 0.000000
v 3.824959 0.594468 0.000000
v 3.838141 0.590203 0.000000
v 3.850333 0.584407 0.000000
v 3.861443 0.577181 0.000000
v 3.871375 0.568625 0.000000
v 3.880037 0.558840 0.000000
v 3.887333 0.547926 0.000000
v 3.893172 0.535984 0.000000
v 3.897459 0.523116 0.000000
v 3.900099 0.509421 0.000000
v 3.911000 0.192000 0.000000
v 3.910148 0.177901 0.000000
v 3.907598 0.164208 0.000000
v 3.903360 0.151078 0.000000
v 3.897445 0.138667 0.000000
v 3.889863 0.127130 0.000000
v 3.880625 0.116625 0.000000
v 3.869741 0.107307 0.000000
v 3.857222 0.099333 0.000000
v 3.843078 0.092859 0.000000
v 3.827319 0.088042 0.000000
v 3.809957 0.085036 0.000000
v 3.791000 0.084000 0.000000
v 3.773934 0.084922 0.000000
v 3.757806 0.087625 0.000000
v 3.742719 0.092016 0.000000
v 3.728778 0.098000 0.000000
v 3.716087 0.105484 0.000000
v 3.704750 0.114375 0.000000
v 3.694871 0.124578 0.000000
v 3.686555 0.136000 0.000000
v 3.679906 0.148547 0.000000
v 3.675028 0.162125 0.000000
v 3.672024 0.176641 0.000000
v 3.671000 0.192000 0.000000
v 3.671988 0.207569 0.000000
v 3.674898 0.222222 0.000000
v 3.679657 0.235875 0.000000
v 3.686185 0.248444 0.000000
v 3.694409 0.259847 0.000000
v 3.704250 0.270000 0.000000
v 3.715633 0.278819 0.000000
v 3.728482 0.286222 0.000000
v 3.742719 0.292125 0.000000
v 3.758268 0.296444 0.000000
v 3.775054 0.299097 0.000000
v 3.793000 0.300000 0.000000
v 3.809817 0.299059 0.000000
v 3.825699 0.296306 0.000000
v 3.840547 0.291844 0.000000
v 3.854259 0.285778 0.000000
v 3.866736 0.278212 0.000000
v 3.877875 0.269250 0.000000
v 3.887577 0.258997 0.000000
v 3.895741 0.247556 0.000000
v 3.902266 0.235031 0.000000
v 3.907051 0.221528 0.000000
v 3.909996 0.207149 0.000000
v 0.653000 0.682000 0.000000
v 0.555000 0.682000 0.000000
v 0.555000 0.385000 0.000000
v 0.173000 0.385000 0.000000
v 0.173000 0.682000 0.000000
v 0.075000 0.682000 0.000000
v 0.075000 0.000000 0.000000
v 0.173000 0.000000 0.000000
v 0.173000 0.297000 0.000000
v 0.555000 0.297000 0.000000
v 0.555000 0.000000 0.000000
v 0.653000 0.000000 0.000000
v 0.806000 0.682000 0.000000
v 0.806000 0.000000 0.000000
v 0.904000 0.000000 0.000000
v 0.904000 0.296000 0.000000
v 0.945000 0.296000 0.000000
v 0.957346 0.295604 0.000000
v 0.969519 0.294167 0.000000
v 0.981719 0.291313 0.000000
v 0.994148 0.286667 0.000000
v 1.007008 0.279854 0.000000
v 1.020500 0.270500 0.000000
v 1.034825 0.258229 0.000000
v 1.050185 0.242667 0.000000
v 1.066781 0.223437 0.000000
v 1.084815 0.200167 0.000000
v 1.104488 0.172479 0.000000
v 1.126000 0.140000 0.000000
v 1.216000 0.000000 0.000000
v 1.333000 0.000000 0.000000
v 1.321847 0.015411 0.000000
v 1.311793 0.029298 0.000000
v 1.302693 0.041891 0.000000
v 1.294405 0.053420 0.000000
v 1.286782 0.064116 0.000000
v 1.279683 0.074209 0.000000
v 1.272962 0.083929 0.000000
v 1.266476 0.093507 0.000000
v 1.260080 0.103172 0.000000
v 1.253632 0.113156 0.000000
v 1.246987 0.123689 0.000000
v 1.240000 0.135000 0.000000
v 1.227270 0.155792 0.000000
v 1.214991 0.175667 0.000000
v 1.203031 0.194625 0.000000
v 1.191259 0.212667 0.000000
v 1.179543 0.229792 0.000000
v 1.167750 0.246000 0.000000
v 1.155749 0.261292 0.000000
v 1.143407 0.275667 0.000000
v 1.130594 0.289125 0.000000
v 1.117176 0.301667 0.000000
v 1.103022 0.313292 0.000000
v 1.088000 0.324000 0.000000
v 1.105578 0.331869 0.000000
v 1.121792 0.340954 0.000000
v 1.136609 0.351219 0.000000
v 1.150000 0.362630 0.000000
v 1.161932 0.375152 0.000000
v 1.172375 0.388750 0.000000
v 1.181297 0.403390 0.000000
v 1.188667 0.419037 0.000000
v 1.194453 0.435656 0.000000
v 1.198625 0.453213 0.000000
v 1.201151 0.471673 0.000000
v 1.202000 0.491000 0.000000
v 1.200228 0.519546 0.000000
v 1.194991 0.546120 0.000000
v 1.186406 0.570625 0.000000
v 1.174593 0.592963 0.000000
v 1.159668 0.613037 0.000000
v 1.141750 0.630750 0.000000
v 1.120957 0.646005 0.000000
v 1.097407 0.658704 0.000000
v 1.071219 0.668750 0.000000
v 1.042509 0.676046 0.000000
v 1.011397 0.680495 0.000000
v 0.978000 0.682000 0.000000
v 0.904000 0.598000 0.000000
v 0.967000 0.598000 0.000000
v 0.989572 0.597196 0.000000
v 1.009834 0.594815 0.000000
v 1.027858 0.590906 0.000000
v 1.043714 0.585518 0.000000
v 1.057472 0.578700 0.000000
v 1.069204 0.570499 0.000000
v 1.078980 0.560966 0.000000
v 1.086872 0.550147 0.000000
v 1.092948 0.538093 0.000000
v 1.097282 0.524851 0.000000
v 1.099942 0.510471 0.000000
v 1.101000 0.495000 0.000000
v 1.100579 0.480842 0.000000
v 1.098713 0.466986 0.000000
v 1.095250 0.453609 0.000000
v 1.090037 0.440889 0.000000
v 1.082921 0.429002 0.000000
v 1.073750 0.418125 0.000000
v 1.062370 0.408436 0.000000
v 1.048630 0.400111 0.000000
v 1.032375 0.393328 0.000000
v 1.013454 0.388264 0.000000
v 0.991713 0.385095 0.000000
v 0.967000 0.384000 0.000000
v 0.904000 0.384000 0.000000
v 1.981000 0.682000 0.000000
v 1.883000 0.682000 0.000000
v 1.883000 0.285000 0.000000
v 1.882823 0.269292 0.000000
v 1.882246 0.254171 0.000000
v 1.881203 0.239641 0.000000
v 1.879630 0.225704 0.000000
v 1.877459 0.212364 0.000000
v 1.874625 0.199625 0.000000
v 1.871062 0.187490 0.000000
v 1.866704 0.175963 0.000000
v 1.861485 0.165047 0.000000
v 1.855338 0.154745 0.000000
v 1.848199 0.145062 0.000000
v 1.840000 0.136000 0.000000
v 1.831772 0.128406 0.000000
v 1.822593 0.121162 0.000000
v 1.812469 0.114328 0.000000
v 1.801407 0.107963 0.000000
v 1.789416 0.102126 0.000000
v 1.776500 0.096875 0.000000
v 1.762668 0.092270 0.000000
v 1.747926 0.088370 0.000000
v 1.732281 0.085234 0.000000
v 1.715741 0.082921 0.000000
v 1.698311 0.081490 0.000000
v 1.680000 0.081000 0.000000
v 1.665458 0.081396 0.000000
v 1.651333 0.082588 0.000000
v 1.637625 0.084578 0.000000
v 1.624333 0.087370 0.000000
v 1.611458 0.090968 0.000000
v 1.599000 0.095375 0.000000
v 1.586958 0.100594 0.000000
v 1.575333 0.106630 0.000000
v 1.564125 0.113484 0.000000
v 1.553333 0.121162 0.000000
v 1.542958 0.129666 0.000000
v 1.533000 0.139000 0.000000
v 1.525681 0.146796 0.000000
v 1.519199 0.154787 0.000000
v 1.513516 0.163125 0.000000
v 1.508593 0.171963 0.000000
v 1.504392 0.181454 0.000000
v 1.500875 0.191750 0.000000
v 1.498004 0.203005 0.000000
v 1.495741 0.215370 0.000000
v 1.494047 0.229000 0.000000
v 1.492885 0.244046 0.000000
v 1.492215 0.260662 0.000000
v 1.492000 0.279000 0.000000
v 1.492000 0.682000 0.000000
v 1.394000 0.682000 0.000000
v 1.394000 0.258000 0.000000
v 1.396838 0.213674 0.000000
v 1.405037 0.173639 0.000000
v 1.418125 0.137812 0.000000
v 1.435630 0.106111 0.000000
v 1.457079 0.078451 0.000000
v 1.482000 0.054750 0.000000
v 1.509921 0.034924 0.000000
v 1.540370 0.018889 0.000000
v 1.572875 0.006562 0.000000
v 1.606963 -0.002139 -0.000000
v 1.642162 -0.007299 -0.000000
v 1.678000 -0.009000 -0.000000
v 1.726606 -0.006739 -0.000000
v 1.770931 -0.000079 -0.000000
v 1.810984 0.010797 0.000000
v 1.846778 0.025704 0.000000
v 1.878321 0.044458 0.000000
v 1.905625 0.066875 0.000000
v 1.928700 0.092771 0.000000
v 1.947556 0.121963 0.000000
v 1.962203 0.154266 0.000000
v 1.972653 0.189495 0.000000
v 1.978915 0.227468 0.000000
v 1.981000 0.268000 0.000000
v 2.511000 0.341000 0.000000
v 2.509192 0.392001 0.000000
v 2.503870 0.439843 0.000000
v 2.495188 0.484281 0.000000
v 2.483296 0.525074 0.000000
v 2.468350 0.561978 0.000000
v 2.450500 0.594750 0.000000
v 2.429901 0.623147 0.000000
v 2.406704 0.646926 0.000000
v 2.381063 0.665844 0.000000
v 2.353130 0.679658 0.000000
v 2.323058 0.688124 0.000000
v 2.291000 0.691000 0.000000
v 2.258942 0.688124 0.000000
v 2.228871 0.679657 0.000000
v 2.200938 0.665844 0.000000
v 2.175297 0.646926 0.000000
v 2.152100 0.623147 0.000000
v 2.131500 0.594750 0.000000
v 2.113651 0.561978 0.000000
v 2.098704 0.525074 0.000000
v 2.086813 0.484281 0.000000
v 2.078130 0.439843 0.000000
v 2.072808 0.392001 0.000000
v 2.071000 0.341000 0.000000
v 2.072808 0.289999 0.000000
v 2.078130 0.242157 0.000000
v 2.086813 0.197719 0.000000
v 2.098704 0.156926 0.000000
v 2.113651 0.120022 0.000000
v 2.131500 0.087250 0.000000
v 2.152100 0.058853 0.000000
v 2.175296 0.035074 0.000000
v 2.200938 0.016156 0.000000
v 2.228870 0.002343 0.000000
v 2.258942 -0.006124 -0.000000
v 2.291000 -0.009000 -0.000000
v 2.323058 -0.006124 -0.000000
v 2.353130 0.002343 0.000000
v 2.381063 0.016156 0.000000
v 2.406704 0.035074 0.000000
v 2.429900 0.058853 0.000000
v 2.450500 0.087250 0.000000
v 2.468349 0.120022 0.000000
v 2.483296 0.156926 0.000000
v 2.495187 0.197719 0.000000
v 2.503870 0.242157 0.000000
v 2.509192 0.289999 0.000000
v 2.413000 0.341000 0.000000
v 2.412051 0.302332 0.000000
v 2.409241 0.266407 0.000000
v 2.404625 0.233344 0.000000
v 2.398259 0.203259 0.000000
v 2.390199 0.176272 0.000000
v 2.380500 0.152500 0.000000
v 2.369217 0.132061 0.000000
v 2.356407 0.115074 0.000000
v 2.342125 0.101656 0.000000
v 2.326426 0.091926 0.000000
v 2.309365 0.086001 0.000000
v 2.291000 0.084000 0.000000
v 2.272635 0.086001 0.000000
v 2.255574 0.091926 0.000000
v 2.239875 0.101656 0.000000
v 2.225593 0.115074 0.000000
v 2.212782 0.132061 0.000000
v 2.201500 0.152500 0.000000
v 2.191801 0.176272 0.000000
v 2.183741 0.203259 0.000000
v 2.177375 0.233344 0.000000
v 2.172759 0.266407 0.000000
v 2.169949 0.302332 0.000000
v 2.169000 0.341000 0.000000
v 2.169949 0.379668 0.000000
v 2.172760 0.415593 0.000000
v 2.177375 0.448656 0.000000
v 2.183741 0.478741 0.000000
v 2.191801 0.505728 0.000000
v 2.201500 0.529500 0.000000
v 2.212783 0.549939 0.000000
v 2.225593 0.566926 0.000000
v 2.239876 0.580344 0.000000
v 2.255575 0.590074 0.000000
v 2.272635 0.595999 0.000000
v 2.291000 0.598000 0.000000
v 2.309366 0.595999 0.000000
v 2.326426 0.590074 0.000000
v 2.342125 0.580344 0.000000
v 2.356408 0.566926 0.000000
v 2.369218 0.549939 0.000000
v 2.380500 0.529500 0.000000
v 2.390199 0.505728 0.000000
v 2.398260 0.478741 0.000000
v 2.404625 0.448656 0.000000
v 2.409241 0.415593 0.000000
v 2.412051 0.379668 0.000000
v 3.007000 0.093000 0.000000
v 2.746000 0.093000 0.000000
v 2.782102 0.136478 0.000000
v 2.814481 0.176657 0.000000
v 2.843250 0.213906 0.000000
v 2.868519 0.248593 0.000000
v 2.890398 0.281085 0.000000
v 2.909000 0.311750 0.000000
v 2.924435 0.340957 0.000000
v 2.936815 0.369074 0.000000
v 2.946250 0.396469 0.000000
v 2.952852 0.423509 0.000000
v 2.956732 0.450564 0.000000
v 2.958000 0.478000 0.000000
v 2.956257 0.508660 0.000000
v 2.951134 0.537528 0.000000
v 2.942797 0.564438 0.000000
v 2.931407 0.589222 0.000000
v 2.917129 0.611715 0.000000
v 2.900125 0.631750 0.000000
v 2.880558 0.649160 0.000000
v 2.858593 0.663778 0.000000
v 2.834391 0.675438 0.000000
v 2.808116 0.683972 0.000000
v 2.779931 0.689215 0.000000
v 2.750000 0.691000 0.000000
v 2.736329 0.690561 0.000000
v 2.722796 0.689241 0.000000
v 2.709375 0.687031 0.000000
v 2.696037 0.683926 0.000000
v 2.682755 0.679918 0.000000
v 2.669500 0.675000 0.000000
v 2.656245 0.669166 0.000000
v 2.642963 0.662407 0.000000
v 2.629625 0.654719 0.000000
v 2.616204 0.646093 0.000000
v 2.602671 0.636522 0.000000
v 2.589000 0.626000 0.000000
v 2.589000 0.503000 0.000000
v 2.602648 0.519515 0.000000
v 2.616102 0.534120 0.000000
v 2.629375 0.546906 0.000000
v 2.642482 0.557963 0.000000
v 2.655436 0.567381 0.000000
v 2.668250 0.575250 0.000000
v 2.680940 0.581661 0.000000
v 2.693519 0.586704 0.000000
v 2.706000 0.590469 0.000000
v 2.718399 0.593046 0.000000
v 2.730727 0.594527 0.000000
v 2.743000 0.595000 0.000000
v 2.759377 0.593914 0.000000
v 2.774931 0.590727 0.000000
v 2.789547 0.585547 0.000000
v 2.803111 0.578481 0.000000
v 2.815509 0.569638 0.000000
v 2.826625 0.559125 0.000000
v 2.836346 0.547049 0.000000
v 2.844556 0.533518 0.000000
v 2.851141 0.518641 0.000000
v 2.855986 0.502523 0.000000
v 2.858978 0.485274 0.000000
v 2.860000 0.467000 0.000000
v 2.859670 0.453202 0.000000
v 2.858678 0.440206 0.000000
v 2.857023 0.427861 0.000000
v 2.854704 0.416016 0.000000
v 2.851717 0.404517 0.000000
v 2.848062 0.393214 0.000000
v 2.843737 0.381954 0.000000
v 2.838741 0.370587 0.000000
v 2.833070 0.358959 0.000000
v 2.826725 0.346920 0.000000
v 2.819702 0.334318 0.000000
v 2.812000 0.321000 0.000000
v 2.796585 0.295763 0.000000
v 2.779514 0.269685 0.000000
v 2.761047 0.242969 0.000000
v 2.741445 0.215815 0.000000
v 2.720967 0.188425 0.000000
v 2.699875 0.161000 0.000000
v 2.678429 0.133742 0.000000
v 2.656889 0.106852 0.000000
v 2.635516 0.080531 0.000000
v 2.614569 0.054981 0.000000
v 2.594311 0.030404 0.000000
v 2.575000 0.007000 0.000000
v 2.575000 0.000000 0.000000
v 3.007000 0.000000 0.000000
v 3.358000 0.691000 0.000000
v 3.315446 0.660466 0.000000
v 3.276320 0.627977 0.000000
v 3.240672 0.593703 0.000000
v 3.208556 0.557815 0.000000
v 3.180023 0.520482 0.000000
v 3.155125 0.481875 0.000000
v 3.133915 0.442164 0.000000
v 3.116444 0.401519 0.000000
v 3.102766 0.360109 0.000000
v 3.092931 0.318107 0.000000
v 3.086991 0.275680 0.000000
v 3.085000 0.233000 0.000000
v 3.086827 0.197988 0.000000
v 3.092199 0.165074 0.000000
v 3.100953 0.134438 0.000000
v 3.112926 0.106259 0.000000
v 3.127954 0.080720 0.000000
v 3.145875 0.058000 0.000000
v 3.166525 0.038280 0.000000
v 3.189741 0.021741 0.000000
v 3.215359 0.008563 0.000000
v 3.243217 -0.001074 -0.000000
v 3.273152 -0.006988 -0.000000
v 3.305000 -0.009000 -0.000000
v 3.331852 -0.007106 -0.000000
v 3.357736 -0.001597 -0.000000
v 3.382391 0.007266 0.000000
v 3.405556 0.019222 0.000000
v 3.426971 0.034012 0.000000
v 3.446375 0.051375 0.000000
v 3.463509 0.071050 0.000000
v 3.478111 0.092778 0.000000
v 3.489922 0.116297 0.000000
v 3.498681 0.141347 0.000000
v 3.504127 0.167668 0.000000
v 3.506000 0.195000 0.000000
v 3.504323 0.222653 0.000000
v 3.499421 0.248977 0.000000
v 3.491484 0.273766 0.000000
v 3.480704 0.296815 0.000000
v 3.467270 0.317920 0.000000
v 3.451375 0.336875 0.000000
v 3.433209 0.353476 0.000000
v 3.412963 0.367518 0.000000
v 3.390828 0.378797 0.000000
v 3.366996 0.387106 0.000000
v 3.341656 0.392242 0.000000
v 3.315000 0.394000 0.000000
v 3.303957 0.393716 0.000000
v 3.293324 0.392898 0.000000
v 3.283094 0.391594 0.000000
v 3.273259 0.389852 0.000000
v 3.263814 0.387721 0.000000
v 3.254750 0.385250 0.000000
v 3.246061 0.382487 0.000000
v 3.237741 0.379482 0.000000
v 3.229781 0.376281 0.000000
v 3.222176 0.372935 0.000000
v 3.214918 0.369492 0.000000
v 3.208000 0.366000 0.000000
v 3.216161 0.389806 0.000000
v 3.226537 0.413616 0.000000
v 3.238969 0.437266 0.000000
v 3.253296 0.460593 0.000000
v 3.269360 0.483433 0.000000
v 3.287000 0.505625 0.000000
v 3.306057 0.527004 0.000000
v 3.326371 0.547407 0.000000
v 3.347782 0.566672 0.000000
v 3.370130 0.584634 0.000000
v 3.393256 0.601131 0.000000
v 3.417000 0.616000 0.000000
v 3.187000 0.265000 0.000000
v 3.197356 0.271590 0.000000
v 3.207014 0.277389 0.000000
v 3.216110 0.282438 0.000000
v 3.224778 0.286778 0.000000
v 3.233155 0.290451 0.000000
v 3.241375 0.293500 0.000000
v 3.249575 0.295965 0.000000
v 3.257889 0.297889 0.000000
v 3.266453 0.299313 0.000000
v 3.275403 0.300278 0.000000
v 3.284873 0.300826 0.000000
v 3.295000 0.301000 0.000000
v 3.310878 0.300080 0.000000
v 3.325940 0.297389 0.000000
v 3.340078 0.293031 0.000000
v 3.353185 0.287111 0.000000
v 3.365153 0.279733 0.000000
v 3.375875 0.271000 0.000000
v 3.385242 0.261017 0.000000
v 3.393148 0.249889 0.000000
v 3.399484 0.237719 0.000000
v 3.404144 0.224611 0.000000
v 3.407018 0.210670 0.000000
v 3.408000 0.196000 0.000000
v 3.407097 0.179722 0.000000
v 3.404440 0.164440 0.000000
v 3.400110 0.150234 0.000000
v 3.394185 0.137185 0.000000
v 3.386747 0.125372 0.000000
v 3.377875 0.114875 0.000000
v 3.367649 0.105774 0.000000
v 3.356148 0.098148 0.000000
v 3.343453 0.092078 0.000000
v 3.329643 0.087644 0.000000
v 3.314799 0.084924 0.000000
v 3.299000 0.084000 0.000000
v 3.281385 0.085422 0.000000
v 3.264246 0.089630 0.000000
v 3.247891 0.096531 0.000000
v 3.232630 0.106037 0.000000
v 3.218772 0.118057 0.000000
v 3.206625 0.132500 0.000000
v 3.196500 0.149277 0.000000
v 3.188704 0.168296 0.000000
v 3.183547 0.189469 0.000000
v 3.181338 0.212704 0.000000
v 3.182386 0.237911 0.000000
v 4.009000 0.184000 0.322715
v 4.010118 0.200929 0.322715
v 4.013054 0.217204 0.322715
v 4.017181 0.232806 0.322715
v 4.021875 0.247715 0.322715
v 4.026508 0.261913 0.322715
v 4.030455 0.275379 0.322715
v 4.033089 0.288096 0.322715
v 4.033784 0.300043 0.322715
v 4.031915 0.311202 0.322715
v 4.026855 0.321554 0.322715
v 4.017978 0.331079 0.322715
v 4.004658 0.339758 0.322715
v 4.016730 0.349782 0.322715
v 4.024377 0.360762 0.322715
v 4.028242 0.372562 0.322715
v 4.028968 0.385043 0.322715
v 4.027199 0.398070 0.322715
v 4.023579 0.411504 0.322715
v 4.018750 0.425209 0.322715
v 4.013356 0.439048 0.322715
v 4.008040 0.452884 0.322715
v 4.003447 0.466579 0.322715
v 4.000219 0.479997 0.322715
v 3.999000 0.493000 0.322715
v 3.997241 0.520634 0.322715
v 3.992097 0.546903 0.322715
v 3.983766 0.571609 0.322715
v 3.972445 0.594556 0.322715
v 3.958332 0.615543 0.322715
v 3.941625 0.634375 0.322715
v 3.922523 0.650852 0.322715
v 3.901222 0.664778 0.322715
v 3.877922 0.675953 0.322715
v 3.852820 0.684181 0.322715
v 3.826113 0.689262 0.322715
v 3.798000 0.691000 0.322715
v 3.768890 0.689282 0.322715
v 3.741199 0.684259 0.322715
v 3.715141 0.676125 0.322715
v 3.690926 0.665074 0.322715
v 3.668767 0.651301 0.322715
v 3.648875 0.635000 0.322715
v 3.631463 0.616366 0.322715
v 3.616741 0.595593 0.322715
v 3.604922 0.572875 0.322715
v 3.596218 0.548407 0.322715
v 3.590840 0.522384 0.322715
v 3.589000 0.495000 0.322715
v 3.589620 0.480630 0.322715
v 3.591459 0.466542 0.322715
v 3.594485 0.452766 0.322715
v 3.598667 0.439333 0.322715
v 3.603974 0.426276 0.322715
v 3.610375 0.413625 0.322715
v 3.617839 0.401412 0.322715
v 3.626333 0.389667 0.322715
v 3.635828 0.378422 0.322715
v 3.646292 0.367708 0.322715
v 3.657693 0.357557 0.322715
v 3.670000 0.348000 0.322715
v 3.654437 0.338185 0.322715
v 3.640245 0.327731 0.322715
v 3.627422 0.316625 0.322715
v 3.615963 0.304852 0.322715
v 3.605865 0.292398 0.322715
v 3.597125 0.279250 0.322715
v 3.589739 0.265394 0.322715
v 3.583704 0.250815 0.322715
v 3.579016 0.235500 0.322715
v 3.575671 0.219435 0.322715
v 3.573667 0.202606 0.322715
v 3.573000 0.185000 0.322715
v 3.574961 0.158285 0.322715
v 3.580685 0.132782 0.322715
v 3.589938 0.108703 0.322715
v 3.602482 0.086259 0.322715
v 3.618081 0.065663 0.322715
v 3.636500 0.047125 0.322715
v 3.657502 0.030858 0.322715
v 3.680852 0.017074 0.322715
v 3.706313 0.005984 0.322715
v 3.733648 -0.002199 0.322715
v 3.762623 -0.007264 0.322715
v 3.793000 -0.009000 0.322715
v 3.822879 -0.007284 0.322715
v 3.851361 -0.002273 0.322715
v 3.878219 0.005828 0.322715
v 3.903222 0.016815 0.322715
v 3.926142 0.030482 0.322715
v 3.946750 0.046625 0.322715
v 3.964816 0.065039 0.322715
v 3.980111 0.085519 0.322715
v 3.992407 0.107859 0.322715
v 4.001472 0.131856 0.322715
v 4.007080 0.157305 0.322715
v 3.901000 0.495000 0.322715
v 3.900022 0.481439 0.322715
v 3.897171 0.468347 0.322715
v 3.892578 0.455859 0.322715
v 3.886371 0.444111 0.322715
v 3.878677 0.433238 0.322715
v 3.869625 0.423375 0.322715
v 3.859345 0.414658 0.322715
v 3.847963 0.407222 0.322715
v 3.835610 0.401203 0.322715
v 3.822412 0.396736 0.322715
v 3.808500 0.393957 0.322715
v 3.794000 0.393000 0.322715
v 3.779711 0.393977 0.322715
v 3.765935 0.396815 0.322715
v 3.752812 0.401375 0.322715
v 3.740481 0.407519 0.322715
v 3.729081 0.415106 0.322715
v 3.718750 0.424000 0.322715
v 3.709627 0.434060 0.322715
v 3.701852 0.445148 0.322715
v 3.695563 0.457125 0.322715
v 3.690898 0.469852 0.322715
v 3.687998 0.483190 0.322715
v 3.687000 0.497000 0.322715
v 3.687903 0.511802 0.322715
v 3.690560 0.525662 0.322715
v 3.694891 0.538516 0.322715
v 3.700815 0.550296 0.322715
v 3.708253 0.560938 0.322715
v 3.717125 0.570375 0.322715
v 3.727351 0.578541 0.322715
v 3.738852 0.585370 0.322715
v 3.751547 0.590797 0.322715
v 3.765357 0.594755 0.322715
v 3.780201 0.597178 0.322715
v 3.796000 0.598000 0.322715
v 3.810880 0.597100 0.322715
v 3.824959 0.594468 0.322715
v 3.838141 0.590203 0.322715
v 3.850333 0.584407 0.322715
v 3.861443 0.577181 0.322715
v 3.871375 0.568625 0.322715
v 3.880037 0.558840 0.322715
v 3.887333 0.547926 0.322715
v 3.893172 0.535984 0.322715
v 3.897459 0.523116 0.322715
v 3.900099 0.509421 0.322715
v 3.911000 0.192000 0.322715
v 3.910148 0.177901 0.322715
v 3.907598 0.164208 0.322715
v 3.903360 0.151078 0.322715
v 3.897445 0.138667 0.322715
v 3.889863 0.127130 0.322715
v 3.880625 0.116625 0.322715
v 3.869741 0.107307 0.322715
v 3.857222 0.099333 0.322715
v 3.843078 0.092859 0.322715
v 3.827319 0.088042 0.322715
v 3.809957 0.085036 0.322715
v 3.791000 0.084000 0.322715
v 3.773934 0.084922 0.322715
v 3.757806 0.087625 0.322715
v 3.742719 0.092016 0.322715
v 3.728778 0.098000 0.322715
v 3.716087 0.105484 0.322715
v 3.704750 0.114375 0.322715
v 3.694871 0.124578 0.322715
v 3.686555 0.136000 0.322715
v 3.679906 0.148547 0.322715
v 3.675028 0.162125 0.322715
v 3.672024 0.176641 0.322715
v 3.671000 0.192000 0.322715
v 3.671988 0.207569 0.322715
v 3.674898 0.222222 0.322715
v 3.679657 0.235875 0.322715
v 3.686185 0.248444 0.322715
v 3.694409 0.259847 0.322715
v 3.704250 0.270000 0.322715
v 3.715633 0.278819 0.322715
v 3.728482 0.286222 0.322715
v 3.742719 0.292125 0.322715
v 3.758268 0.296444 0.322715
v 3.775054 0.299097 0.322715
v 3.793000 0.300000 0.322715
v 3.809817 0.299059 0.322715
v 3.825699 0.296306 0.322715
v 3.840547 0.291844 0.322715
v 3.854259 0.285778 0.322715
v 3.866736 0.278212 0.322715
v 3.877875 0.269250 0.322715
v 3.887577 0.258997 0.322715
v 3.895741 0.247556 0.322715
v 3.902266 0.235031 0.322715
v 3.907051 0.221528 0.322715
v 3.909996 0.207149 0.322715
v 0.653000 0.682000 0.322715
v 0.555000 0.682000 0.322715
v 0.555000 0.385000 0.322715
v 0.173000 0.385000 0.322715
v 0.173000 0.682000 0.322715
v 0.075000 0.682000 0.322715
v 0.075000 -0.000000 0.322715
v 0.173000 -0.000000 0.322715
v 0.173000 0.297000 0.322715
v 0.555000 0.297000 0.322715
v 0.555000 -0.000000 0.322715
v 0.653000 -0.000000 0.322715
v 0.806000 0.682000 0.322715
v 0.806000 -0.000000 0.322715
v 0.904000 -0.000000 0.322715
v 0.904000 0.296000 0.322715
v 0.945000 0.296000 0.322715
v 0.957346 0.295604 0.322715
v 0.969519 0.294167 0.322715
v 0.981719 0.291313 0.322715
v 0.994148 0.286667 0.322715
v 1.007008 0.279854 0.322715
v 1.020500 0.270500 0.322715
v 1.034825 0.258229 0.322715
v 1.050185 0.242667 0.322715
v 1.066781 0.223437 0.322715
v 1.084815 0.200167 0.322715
v 1.104488 0.172479 0.322715
v 1.126000 0.140000 0.322715
v 1.216000 -0.000000 0.322715
v 1.333000 -0.000000 0.322715
v 1.321847 0.015411 0.322715
v 1.311793 0.029298 0.322715
v 1.302693 0.041891 0.322715
v 1.294405 0.053420 0.322715
v 1.286782 0.064116 0.322715
v 1.279683 0.074209 0.322715
v 1.272962 0.083929 0.322715
v 1.266476 0.093507 0.322715
v 1.260080 0.103172 0.322715
v 1.253632 0.113156 0.322715
v 1.246987 0.123689 0.322715
v 1.240000 0.135000 0.322715
v 1.227270 0.155792 0.322715
v 1.214991 0.175667 0.322715
v 1.203031 0.194625 0.322715
v 1.191259 0.212667 0.322715
v 1.179543 0.229792 0.322715
v 1.167750 0.246000 0.322715
v 1.155749 0.261292 0.322715
v 1.143407 0.275667 0.322715
v 1.130594 0.289125 0.322715
v 1.117176 0.301667 0.322715
v 1.103022 0.313292 0.322715
v 1.088000 0.324000 0.322715
v 1.105578 0.331869 0.322715
v 1.121792 0.340954 0.322715
v 1.136609 0.351219 0.322715
v 1.150000 0.362630 0.322715
v 1.161932 0.375152 0.322715
v 1.172375 0.388750 0.322715
v 1.181297 0.403390 0.322715
v 1.188667 0.419037 0.322715
v 1.194453 0.435656 0.322715
v 1.198625 0.453213 0.322715
v 1.201151 0.471673 0.322715
v 1.202000 0.491000 0.322715
v 1.200228 0.519546 0.322715
v 1.194991 0.546120 0.322715
v 1.186406 0.570625 0.322715
v 1.174593 0.592963 0.322715
v 1.159668 0.613037 0.322715
v 1.141750 0.630750 0.322715
v 1.120957 0.646005 0.322715
v 1.097407 0.658704 0.322715
v 1.071219 0.668750 0.322715
v 1.042509 0.676046 0.322715
v 1.011397 0.680495 0.322715
v 0.978000 0.682000 0.322715
v 0.904000 0.598000 0.322715
v 0.967000 0.598000 0.322715
v 0.989572 0.597196 0.322715
v 1.009834 0.594815 0.322715
v 1.027858 0.590906 0.322715
v 1.043714 0.585518 0.322715
v 1.057472 0.578700 0.322715
v 1.069204 0.570499 0.322715
v 1.078980 0.560966 0.322715
v 1.086872 0.550147 0.322715
v 1.092948 0.538093 0.322715
v 1.097282 0.524851 0.322715
v 1.099942 0.510471 0.322715
v 1.101000 0.495000 0.322715
v 1.100579 0.480842 0.322715
v 1.098713 0.466986 0.322715
v 1.095250 0.453609 0.322715
v 1.090037 0.440889 0.322715
v 1.082921 0.429002 0.322715
v 1.073750 0.418125 0.322715
v 1.062370 0.408436 0.322715
v 1.048630 0.400111 0.322715
v 1.032375 0.393328 0.322715
v 1.013454 0.388264 0.322715
v 0.991713 0.385095 0.322715
v 0.967000 0.384000 0.322715
v 0.904000 0.384000 0.322715
v 1.981000 0.682000 0.322715
v 1.883000 0.682000 0.322715
v 1.883000 0.285000 0.322715
v 1.882823 0.269292 0.322715
v 1.882246 0.254171 0.322715
v 1.881203 0.239641 0.322715
v 1.879630 0.225704 0.322715
v 1.877459 0.212364 0.322715
v 1.874625 0.199625 0.322715
v 1.871062 0.187490 0.322715
v 1.866704 0.175963 0.322715
v 1.861485 0.165047 0.322715
v 1.855338 0.154745 0.322715
v 1.848199 0.145062 0.322715
v 1.840000 0.136000 0.322715
v 1.831772 0.128406 0.322715
v 1.822593 0.121162 0.322715
v 1.812469 0.114328 0.322715
v 1.801407 0.107963 0.322715
v 1.789416 0.102126 0.322715
v 1.776500 0.096875 0.322715
v 1.762668 0.092270 0.322715
v 1.747926 0.088370 0.322715
v 1.732281 0.085234 0.322715
v 1.715741 0.082921 0.322715
v 1.698311 0.081490 0.322715
v 1.680000 0.081000 0.322715
v 1.665458 0.081396 0.322715
v 1.651333 0.082588 0.322715
v 1.637625 0.084578 0.322715
v 1.624333 0.087370 0.322715
v 1.611458 0.090968 0.322715
v 1.599000 0.095375 0.322715
v 1.586958 0.100594 0.322715
v 1.575333 0.106630 0.322715
v 1.564125 0.113484 0.322715
v 1.553333 0.121162 0.322715
v 1.542958 0.129666 0.322715
v 1.533000 0.139000 0.322715
v 1.525681 0.146796 0.322715
v 1.519199 0.154787 0.322715
v 1.513516 0.163125 0.322715
v 1.508593 0.171963 0.322715
v 1.504392 0.181454 0.322715
v 1.500875 0.191750 0.322715
v 1.498004 0.203005 0.322715
v 1.495741 0.215370 0.322715
v 1.494047 0.229000 0.322715
v 1.492885 0.244046 0.322715
v 1.492215 0.260662 0.322715
v 1.492000 0.279000 0.322715
v 1.492000 0.682000 0.322715
v 1.394000 0.682000 0.322715
v 1.394000 0.258000 0.322715
v 1.396838 0.213674 0.322715
v 1.405037 0.173639 0.322715
v 1.418125 0.137812 0.322715
v 1.435630 0.106111 0.322715
v 1.457079 0.078451 0.322715
v 1.482000 0.054750 0.322715
v 1.509921 0.034924 0.322715
v 1.540370 0.018889 0.322715
v 1.572875 0.006562 0.322715
v 1.606963 -0.002139 0.322715
v 1.642162 -0.007299 0.322715
v 1.678000 -0.009000 0.322715
v 1.726606 -0.006739 0.322715
v 1.770931 -0.000079 0.322715
v 1.810984 0.010797 0.322715
v 1.846778 0.025704 0.322715
v 1.878321 0.044458 0.322715
v 1.905625 0.066875 0.322715
v 1.928700 0.092771 0.322715
v 1.947556 0.121963 0.322715
v 1.962203 0.154266 0.322715
v 1.972653 0.189495 0.322715
v 1.978915 0.227468 0.322715
v 1.981000 0.268000 0.322715
v 2.511000 0.341000 0.322715
v 2.509192 0.392001 0.322715
v 2.503870 0.439843 0.322715
v 2.495188 0.484281 0.322715
v 2.483296 0.525074 0.322715
v 2.468350 0.561978 0.322715
v 2.450500 0.594750 0.322715
v 2.429901 0.623147 0.322715
v 2.406704 0.646926 0.322715
v 2.381063 0.665844 0.322715
v 2.353130 0.679658 0.322715
v 2.323058 0.688124 0.322715
v 2.291000 0.691000 0.322715
v 2.258942 0.688124 0.322715
v 2.228871 0.679657 0.322715
v 2.200938 0.665844 0.322715
v 2.175297 0.646926 0.322715
v 2.152100 0.623147 0.322715
v 2.131500 0.594750 0.322715
v 2.113651 0.561978 0.322715
v 2.098704 0.525074 0.322715
v 2.086813 0.484281 0.322715
v 2.078130 0.439843 0.322715
v 2.072808 0.392001 0.322715
v 2.071000 0.341000 0.322715
v 2.072808 0.289999 0.322715
v 2.078130 0.242157 0.322715
v 2.086813 0.197719 0.322715
v 2.098704 0.156926 0.322715
v 2.113651 0.120022 0.322715
v 2.131500 0.087250 0.322715
v 2.152100 0.058853 0.322715
v 2.175296 0.035074 0.322715
v 2.200938 0.016156 0.322715
v 2.228870 0.002343 0.322715
v 2.258942 -0.006124 0.322715
v 2.291000 -0.009000 0.322715
v 2.323058 -0.006124 0.322715
v 2.353130 0.002343 0.322715
v 2.381063 0.016156 0.322715
v 2.406704 0.035074 0.322715
v 2.429900 0.058853 0.322715
v 2.450500 0.087250 0.322715
v 2.468349 0.120022 0.322715
v 2.483296 0.156926 0.322715
v 2.495187 0.197719 0.322715
v 2.503870 0.242157 0.322715
v 2.509192 0.289999 0.322715
v 2.413000 0.341000 0.322715
v 2.412051 0.302332 0.322715
v 2.409241 0.266407 0.322715
v 2.404625 0.233344 0.322715
v 2.398259 0.203259 0.322715
v 2.390199 0.176272 0.322715
v 2.380500 0.152500 0.322715
v 2.369217 0.132061 0.322715
v 2.356407 0.115074 0.322715
v 2.342125 0.101656 0.322715
v 2.326426 0.091926 0.322715
v 2.309365 0.086001 0.322715
v 2.291000 0.084000 0.322715
v 2.272635 0.086001 0.322715
v 2.255574 0.091926 0.322715
v 2.239875 0.101656 0.322715
v 2.225593 0.115074 0.322715
v 2.212782 0.132061 0.322715
v 2.201500 0.152500 0.322715
v 2.191801 0.176272 0.322715
v 2.183741 0.203259 0.322715
v 2.177375 0.233344 0.322715
v 2.172759 0.266407 0.322715
v 2.169949 0.302332 0.322715
v 2.169000 0.341000 0.322715
v 2.169949 0.379668 0.322715
v 2.172760 0.415593 0.322715
v 2.177375 0.448656 0.322715
v 2.183741 0.478741 0.322715
v 2.191801 0.505728 0.322715
v 2.201500 0.529500 0.322715
v 2.212783 0.549939 0.322715
v 2.225593 0.566926 0.322715
v 2.239876 0.580344 0.322715
v 2.255575 0.590074 0.322715
v 2.272635 0.595999 0.322715
v 2.291000 0.598000 0.322715
v 2.309366 0.595999 0.322715
v 2.326426 0.590074 0.322715
v 2.342125 0.580344 0.322715
v 2.356408 0.566926 0.322715
v 2.369218 0.549939 0.322715
v 2.380500 0.529500 0.322715
v 2.390199 0.505728 0.322715
v 2.398260 0.478741 0.322715
v 2.404625 0.448656 0.322715
v 2.409241 0.415593 0.322715
v 2.412051 0.379668 0.322715
v 3.007000 0.093000 0.322715
v 2.746000 0.093000 0.322715
v 2.782102 0.136478 0.322715
v 2.814481 0.176657 0.322715
v 2.843250 0.213906 0.322715
v 2.868519 0.248593 0.322715
v 2.890398 0.281085 0.322715
v 2.909000 0.311750 0.322715
v 2.924435 0.340957 0.322715
v 2.936815 0.369074 0.322715
v 2.946250 0.396469 0.322715
v 2.952852 0.423509 0.322715
v 2.956732 0.450564 0.322715
v 2.958000 0.478000 0.322715
v 2.956257 0.508660 0.322715
v 2.951134 0.537528 0.322715
v 2.942797 0.564438 0.322715
v 2.931407 0.589222 0.322715
v 2.917129 0.611715 0.322715
v 2.900125 0.631750 0.322715
v 2.880558 0.649160 0.322715
v 2.858593 0.663778 0.322715
v 2.834391 0.675438 0.322715
v 2.808116 0.683972 0.322715
v 2.779931 0.689215 0.322715
v 2.750000 0.691000 0.322715
v 2.736329 0.690561 0.322715
v 2.722796 0.689241 0.322715
v 2.709375 0.687031 0.322715
v 2.696037 0.683926 0.322715
v 2.682755 0.679918 0.322715
v 2.669500 0.675000 0.322715
v 2.656245 0.669166 0.322715
v 2.642963 0.662407 0.322715
v 2.629625 0.654719 0.322715
v 2.616204 0.646093 0.322715
v 2.602671 0.636522 0.322715
v 2.589000 0.626000 0.322715
v 2.589000 0.503000 0.322715
v 2.602648 0.519515 0.322715
v 2.616102 0.534120 0.322715
v 2.629375 0.546906 0.322715
v 2.642482 0.557963 0.322715
v 2.655436 0.567381 0.322715
v 2.668250 0.575250 0.322715
v 2.680940 0.581661 0.322715
v 2.693519 0.586704 0.322715
v 2.706000 0.590469 0.322715
v 2.718399 0.593046 0.322715
v 2.730727 0.594527 0.322715
v 2.743000 0.595000 0.322715
v 2.759377 0.593914 0.322715
v 2.774931 0.590727 0.322715
v 2.789547 0.585547 0.322715
v 2.803111 0.578481 0.322715
v 2.815509 0.569638 0.322715
v 2.826625 0.559125 0.322715
v 2.836346 0.547049 0.322715
v 2.844556 0.533518 0.322715
v 2.851141 0.518641 0.322715
v 2.855986 0.502523 0.322715
v 2.858978 0.485274 0.322715
v 2.860000 0.467000 0.322715
v 2.859670 0.453202 0.322715
v 2.858678 0.440206 0.322715
v 2.857023 0.427861 0.322715
v 2.854704 0.416016 0.322715
v 2.851717 0.404517 0.322715
v 2.848062 0.393214 0.322715
v 2.843737 0.381954 0.322715
v 2.838741 0.370587 0.322715
v 2.833070 0.358959 0.322715
v 2.826725 0.346920 0.322715
v 2.819702 0.334318 0.322715
v 2.812000 0.321000 0.322715
v 2.796585 0.295763 0.322715
v 2.779514 0.269685 0.322715
v 2.761047 0.242969 0.322715
v 2.741445 0.215815 0.322715
v 2.720967 0.188425 0.322715
v 2.699875 0.161000 0.322715
v 2.678429 0.133742 0.322715
v 2.656889 0.106852 0.322715
v 2.635516 0.080531 0.322715
v 2.614569 0.054981 0.322715
v 2.594311 0.030404 0.322715
v 2.575000 0.007000 0.322715
v 2.575000 -0.000000 0.322715
v 3.007000 -0.000000 0.322715
v 3.358000 0.691000 0.322715
v 3.315446 0.660466 0.322715
v 3.276320 0.627977 0.322715
v 3.240672 0.593703 0.322715
v 3.208556 0.557815 0.322715
v 3.180023 0.520482 0.322715
v 3.155125 0.481875 0.322715
v 3.133915 0.442164 0.322715
v 3.116444 0.401519 0.322715
v 3.102766 0.360109 0.322715
v 3.092931 0.318107 0.322715
v 3.086991 0.275680 0.322715
v 3.085000 0.233000 0.322715
v 3.086827 0.197988 0.322715
v 3.092199 0.165074 0.322715
v 3.100953 0.134437 0.322715
v 3.112926 0.106259 0.322715
v 3.127954 0.080720 0.322715
v 3.145875 0.058000 0.322715
v 3.166525 0.038280 0.322715
v 3.189741 0.021741 0.322715
v 3.215359 0.008563 0.322715
v 3.243217 -0.001074 0.322715
v 3.273152 -0.006988 0.322715
v 3.305000 -0.009000 0.322715
v 3.331852 -0.007106 0.322715
v 3.357736 -0.001597 0.322715
v 3.382391 0.007266 0.322715
v 3.405556 0.019222 0.322715
v 3.426971 0.034012 0.322715
v 3.446375 0.051375 0.322715
v 3.463509 0.071050 0.322715
v 3.478111 0.092778 0.322715
v 3.489922 0.116297 0.322715
v 3.498681 0.141347 0.322715
v 3.504127 0.167668 0.322715
v 3.506000 0.195000 0.322715
v 3.504323 0.222653 0.322715
v 3.499421 0.248977 0.322715
v 3.491484 0.273766 0.322715
v 3.480704 0.296815 0.322715
v 3.467270 0.317920 0.322715
v 3.451375 0.336875 0.322715
v 3.433209 0.353476 0.322715
v 3.412963 0.367518 0.322715
v 3.390828 0.378797 0.322715
v 3.366996 0.387106 0.322715
v 3.341656 0.392242 0.322715
v 3.315000 0.394000 0.322715
v 3.303957 0.393716 0.322715
v 3.293324 0.392898 0.322715
v 3.283094 0.391594 0.322715
v 3.273259 0.389852 0.322715
v 3.263814 0.387721 0.322715
v 3.254750 0.385250 0.322715
v 3.246061 0.382487 0.322715
v 3.237741 0.379482 0.322715
v 3.229781 0.376281 0.322715
v 3.222176 0.372935 0.322715
v 3.214918 0.369492 0.322715
v 3.208000 0.366000 0.322715
v 3.216161 0.389806 0.322715
v 3.226537 0.413616 0.322715
v 3.238969 0.437266 0.322715
v 3.253296 0.460593 0.322715
v 3.269360 0.483433 0.322715
v 3.287000 0.505625 0.322715
v 3.306057 0.527004 0.322715
v 3.326371 0.547407 0.322715
v 3.347782 0.566672 0.322715
v 3.370130 0.584634 0.322715
v 3.393256 0.601131 0.322715
v 3.417000 0.616000 0.322715
v 3.187000 0.265000 0.322715
v 3.197356 0.271590 0.322715
v 3.207014 0.277389 0.322715
v 3.216110 0.282438 0.322715
v 3.224778 0.286778 0.322715
v 3.233155 0.290451 0.322715
v 3.241375 0.293500 0.322715
v 3.249575 0.295965 0.322715
v 3.257889 0.297889 0.322715
v 3.266453 0.299313 0.322715
v 3.275403 0.300278 0.322715
v 3.284873 0.300826 0.322715
v 3.295000 0.301000 0.322715
v 3.310878 0.300080 0.322715
v 3.325940 0.297389 0.322715
v 3.340078 0.293031 0.322715
v 3.353185 0.287111 0.322715
v 3.365153 0.279733 0.322715
v 3.375875 0.271000 0.322715
v 3.385242 0.261017 0.322715
v 3.393148 0.249889 0.322715
v 3.399484 0.237719 0.322715
v 3.404144 0.224611 0.322715
v 3.407018 0.210670 0.322715
v 3.408000 0.196000 0.322715
v 3.407097 0.179722 0.322715
v 3.404440 0.164440 0.322715
v 3.400110 0.150234 0.322715
v 3.394185 0.137185 0.322715
v 3.386747 0.125372 0.322715
v 3.377875 0.114875 0.322715
v 3.367649 0.105774 0.322715
v 3.356148 0.098148 0.322715
v 3.343453 0.092078 0.322715
v 3.329643 0.087644 0.322715
v 3.314799 0.084924 0.322715
v 3.299000 0.084000 0.322715
v 3.281385 0.085422 0.322715
v 3.264246 0.089630 0.322715
v 3.247891 0.096531 0.322715
v 3.232630 0.106037 0.322715
v 3.218772 0.118057 0.322715
v 3.206625 0.132500 0.322715
v 3.196500 0.149277 0.322715
v 3.188704 0.168296 0.322715
v 3.183547 0.189469 0.322715
v 3.181338 0.212704 0.322715
v 3.182386 0.237911 0.322715
vn -0.0000 -0.0000 -1.0000
vn -0.0000 -0.0000 1.0000
vn 0.9978 0.0665 -0.0000
vn -0.9819 -0.1893 -0.0000
vn 0.0450 0.9990 -0.0000
vn 0.9984 0.0568 -0.0000
vn 0.9904 -0.1383 -0.0000
vn -0.9982 0.0603 -0.0000
vn 0.9970 0.0770 -0.0000
vn 0.5148 -0.8573 -0.0000
vn -0.9853 -0.1709 -0.0000
vn -0.9904 -0.1383 -0.0000
vn -0.9937 0.1122 -0.0000
vn -0.9978 0.0670 -0.0000
vn 0.1416 0.9899 -0.0000
vn -0.9989 0.0466 -0.0000
vn -0.9973 -0.0732 -0.0000
vn -0.9984 -0.0559 -0.0000
vn -0.9939 0.1106 -0.0000
vn 0.2463 0.9692 -0.0000
vn 0.9924 0.1233 -0.0000
vn 0.9980 0.0635 -0.0000
vn 0.9524 0.3049 -0.0000
vn 0.9974 -0.0717 -0.0000
vn 0.3582 0.9337 -0.0000
vn 0.9989 -0.0462 -0.0000
vn 0.9939 0.1106 -0.0000
vn -0.9831 0.1831 -0.0000
vn 0.9867 -0.1627 -0.0000
vn 0.9981 -0.0609 -0.0000
vn 0.5369 -0.8437 -0.0000
vn -0.9997 0.0239 -0.0000
vn -0.9870 0.1606 -0.0000
vn -0.9981 -0.0624 -0.0000
vn 0.4746 0.8802 -0.0000
vn -0.7292 -0.6843 -0.0000
vn 0.9970 -0.0780 -0.0000
vn -0.9971 0.0761 -0.0000
vn -0.9970 -0.0780 -0.0000
vn 0.9793 0.2026 -0.0000
vn 0.5915 0.8063 -0.0000
vn -0.9517 0.3072 -0.0000
vn 0.9837 0.1800 -0.0000
vn 0.9974 0.0721 -0.0000
vn 0.9858 -0.1679 -0.0000
vn -0.9994 0.0354 -0.0000
vn -0.9797 -0.2006 -0.0000
vn -0.9991 -0.0431 -0.0000
vn 0.7030 0.7112 -0.0000
vn -0.8152 -0.5791 -0.0000
vn 0.9899 -0.1419 -0.0000
vn -0.0000 -1.0000 -0.0000
vn -0.9911 0.1329 -0.0000
vn 0.9411 0.3381 -0.0000
vn -0.9761 0.2172 -0.0000
vn -0.9974 0.0720 -0.0000
vn -0.8870 -0.4618 -0.0000
vn 0.9994 0.0354 -0.0000
vn -0.9757 -0.2190 -0.0000
vn -0.9814 0.1922 -0.0000
vn 0.8025 0.5966 -0.0000
vn 0.9997 -0.0245 -0.0000
vn 0.9690 0.2472 -0.0000
vn 0.9956 0.0934 -0.0000
vn 0.9831 0.1831 -0.0000
vn -0.9997 -0.0245 -0.0000
vn 0.9766 -0.2152 -0.0000
vn -0.9595 0.2817 -0.0000
vn 1.0000 -0.0000 -0.0000
vn 0.9715 -0.2372 -0.0000
vn -0.9027 0.4302 -0.0000
vn 0.9772 0.2125 -0.0000
vn -0.0356 -0.9994 -0.0000
vn 0.9991 -0.0416 -0.0000
vn -0.9679 0.2514 -0.0000
vn -0.9994 -0.0354 -0.0000
vn -0.9771 0.2127 -0.0000
vn -0.9422 -0.3349 -0.0000
vn 0.9463 0.3232 -0.0000
vn -0.1167 -0.9932 -0.0000
vn -0.9515 0.3077 -0.0000
vn 0.8836 0.4683 -0.0000
vn -0.9916 -0.1294 -0.0000
vn -0.9986 -0.0521 -0.0000
vn 0.9997 0.0245 -0.0000
vn -0.8357 0.5492 -0.0000
vn 0.9587 -0.2844 -0.0000
vn -0.2119 -0.9773 -0.0000
vn -0.9997 0.0245 -0.0000
vn -0.9354 0.3536 -0.0000
vn -0.9794 -0.2019 -0.0000
vn 0.9455 -0.3256 -0.0000
vn 0.9723 0.2339 -0.0000
vn -0.9335 0.3586 -0.0000
vn 0.8084 0.5886 -0.0000
vn 0.8840 0.4675 -0.0000
vn 0.9994 -0.0354 -0.0000
vn -0.9335 -0.3587 -0.0000
vn 0.9144 0.4047 -0.0000
vn 0.9389 0.3441 -0.0000
vn -0.3217 -0.9468 -0.0000
vn 0.9982 0.0605 -0.0000
vn -0.9155 0.4024 -0.0000
vn -0.9022 0.4314 -0.0000
vn -0.9385 0.3452 -0.0000
vn 0.9970 0.0780 -0.0000
vn -0.4440 -0.8960 -0.0000
vn 0.9955 0.0946 -0.0000
vn -0.8988 0.4383 -0.0000
vn -0.9970 0.0780 -0.0000
vn 0.9355 -0.3534 -0.0000
vn -0.9393 -0.3431 -0.0000
vn -0.9978 -0.0668 -0.0000
vn -0.7510 0.6603 -0.0000
vn 0.9481 0.3180 -0.0000
vn -0.5729 -0.8196 -0.0000
vn -0.9939 -0.1106 -0.0000
vn -0.9767 -0.2145 -0.0000
vn -0.9869 -0.1611 -0.0000
vn 0.9152 -0.4030 -0.0000
vn 0.8736 0.4866 -0.0000
vn -0.8846 0.4663 -0.0000
vn 0.7184 0.6956 -0.0000
vn -0.8588 0.5124 -0.0000
vn 0.9438 0.3306 -0.0000
vn -0.9985 0.0554 -0.0000
vn 0.9939 -0.1106 -0.0000
vn -0.6503 0.7596 -0.0000
vn 0.8854 0.4649 -0.0000
vn -0.6982 -0.7159 -0.0000
vn -0.8735 0.4868 -0.0000
vn -0.8842 0.4672 -0.0000
vn 0.9904 0.1383 -0.0000
vn 0.8263 0.5632 -0.0000
vn -0.8079 -0.5893 -0.0000
vn 0.9977 -0.0684 -0.0000
vn -0.9904 0.1383 -0.0000
vn 0.6171 0.7869 -0.0000
vn 0.8841 -0.4672 -0.0000
vn -0.8729 -0.4879 -0.0000
vn 0.7766 0.6300 -0.0000
vn 0.9335 0.3586 -0.0000
vn -0.8930 -0.4502 -0.0000
vn 0.9716 0.2366 -0.0000
vn -0.8657 0.5006 -0.0000
vn -0.9814 -0.1918 -0.0000
vn -0.8049 0.5934 -0.0000
vn -0.9548 -0.2973 -0.0000
vn -0.9852 0.1713 -0.0000
vn -0.8534 0.5213 -0.0000
vn 0.8761 -0.4822 -0.0000
vn 0.9811 0.1934 -0.0000
vn 0.9814 -0.1918 -0.0000
vn -0.5372 0.8434 -0.0000
vn 0.9107 -0.4130 -0.0000
vn 0.8187 0.5742 -0.0000
vn -0.9504 -0.3110 -0.0000
vn 0.9253 0.3793 -0.0000
vn -0.9783 0.2070 -0.0000
vn -0.8163 0.5776 -0.0000
vn 0.8550 -0.5186 -0.0000
vn 0.7291 0.6844 -0.0000
vn -0.9833 -0.1819 -0.0000
vn 0.9793 -0.2026 -0.0000
vn -0.8367 0.5477 -0.0000
vn 0.5080 0.8614 -0.0000
vn -0.7416 0.6709 -0.0000
vn -0.9264 -0.3765 -0.0000
vn -0.9615 -0.2747 -0.0000
vn 0.9783 0.2070 -0.0000
vn -0.4162 0.9093 -0.0000
vn -0.9582 0.2862 -0.0000
vn 0.9981 0.0620 -0.0000
vn -0.9565 0.2916 -0.0000
vn 0.8295 -0.5586 -0.0000
vn 0.6839 0.7296 -0.0000
vn 0.9317 0.3632 -0.0000
vn -0.9977 -0.0682 -0.0000
vn -0.8226 0.5686 -0.0000
vn 0.3945 0.9189 -0.0000
vn -0.8754 -0.4834 -0.0000
vn -0.9106 0.4134 -0.0000
vn 0.9582 0.2862 -0.0000
vn -0.2924 0.9563 -0.0000
vn 0.7408 0.6717 -0.0000
vn -0.9996 0.0297 -0.0000
vn -0.9600 -0.2799 -0.0000
vn -0.6782 0.7348 -0.0000
vn -0.7368 0.6762 -0.0000
vn 0.8083 -0.5888 -0.0000
vn 0.8561 0.5167 -0.0000
vn -0.8108 0.5853 -0.0000
vn 0.2794 0.9602 -0.0000
vn -0.8923 -0.4515 -0.0000
vn 0.9990 -0.0439 -0.0000
vn 0.9600 -0.2799 -0.0000
vn -0.1705 0.9853 -0.0000
vn 0.6339 0.7734 -0.0000
vn -0.9911 0.1335 -0.0000
vn 0.9440 -0.3301 -0.0000
vn -0.8009 0.5988 -0.0000
vn -0.9259 0.3778 -0.0000
vn -0.6195 0.7850 -0.0000
vn -0.8462 0.5328 -0.0000
vn 0.9432 0.3323 -0.0000
vn 0.1653 0.9862 -0.0000
vn 0.9908 -0.1356 -0.0000
vn -0.9204 -0.3911 -0.0000
vn 0.7914 -0.6113 -0.0000
vn 0.9259 0.3778 -0.0000
vn -0.7972 -0.6038 -0.0000
vn 0.8400 -0.5426 -0.0000
vn 0.6524 0.7579 -0.0000
vn -0.9681 0.2506 -0.0000
vn -0.7927 0.6096 -0.0000
vn -0.9269 -0.3754 -0.0000
vn -0.6467 0.7627 -0.0000
vn 0.5797 0.8148 -0.0000
vn -0.9253 0.3792 -0.0000
vn 0.7653 0.6436 -0.0000
vn 0.8012 -0.5984 -0.0000
vn -0.5595 0.8288 -0.0000
vn -0.7638 0.6455 -0.0000
vn 0.7786 -0.6275 -0.0000
vn 0.9269 -0.3754 -0.0000
vn -0.0546 0.9985 -0.0000
vn 0.5541 0.8325 -0.0000
vn -0.7859 0.6183 -0.0000
vn -0.8755 0.4833 -0.0000
vn -0.4988 0.8667 -0.0000
vn -0.5470 0.8372 -0.0000
vn 0.9729 -0.2312 -0.0000
vn -0.8580 0.5136 -0.0000
vn 0.6552 0.7554 -0.0000
vn 0.0539 0.9985 -0.0000
vn -0.8533 -0.5214 -0.0000
vn 0.7694 -0.6388 -0.0000
vn 0.8755 0.4833 -0.0000
vn 0.5217 0.8531 -0.0000
vn 0.8936 -0.4488 -0.0000
vn -0.7805 0.6252 -0.0000
vn -0.7984 0.6021 -0.0000
vn -0.7094 -0.7048 -0.0000
vn -0.4377 0.8991 -0.0000
vn 0.9444 -0.3288 -0.0000
vn -0.6648 0.7470 -0.0000
vn 0.9655 0.2602 -0.0000
vn -0.7645 0.6446 -0.0000
vn -0.7763 0.6304 -0.0000
vn -0.8619 -0.5071 -0.0000
vn 0.7984 0.6021 -0.0000
vn 0.7138 -0.7003 -0.0000
vn 0.4608 0.8875 -0.0000
vn 0.4459 0.8951 -0.0000
vn -0.8782 -0.4783 -0.0000
vn -0.6123 -0.7906 -0.0000
vn -0.7902 -0.6128 -0.0000
vn -0.4380 0.8990 -0.0000
vn 0.9047 -0.4261 -0.0000
vn -0.0000 1.0000 -0.0000
vn -0.6483 0.7614 -0.0000
vn 0.5287 0.8488 -0.0000
vn -0.3766 0.9264 -0.0000
vn -0.8103 -0.5861 -0.0000
vn -0.5526 0.8334 -0.0000
vn 0.8782 -0.4783 -0.0000
vn 0.6167 -0.7872 -0.0000
vn -0.5182 0.8553 -0.0000
vn -0.7733 0.6340 -0.0000
vn -0.6847 0.7288 -0.0000
vn -0.5084 -0.8611 -0.0000
vn -0.4314 0.9022 -0.0000
vn 0.3977 0.9175 -0.0000
vn 0.3282 0.9446 -0.0000
vn -0.7716 0.6360 -0.0000
vn -0.3159 0.9488 -0.0000
vn -0.3206 0.9472 -0.0000
vn 0.8539 -0.5204 -0.0000
vn 0.6847 0.7288 -0.0000
vn 0.5122 -0.8589 -0.0000
vn -0.3851 0.9229 -0.0000
vn 0.3888 0.9213 -0.0000
vn -0.7713 0.6364 -0.0000
vn -0.5268 0.8500 -0.0000
vn -0.3993 -0.9168 -0.0000
vn 0.3335 0.9428 -0.0000
vn 0.9909 0.1346 -0.0000
vn -0.2585 0.9660 -0.0000
vn 0.8300 -0.5578 -0.0000
vn -1.0000 -0.0000 -0.0000
vn -0.3057 0.9521 -0.0000
vn 0.5268 0.8500 -0.0000
vn 0.4023 -0.9155 -0.0000
vn 0.7466 -0.6653 -0.0000
vn 0.2018 0.9794 -0.0000
vn -0.5830 0.8125 -0.0000
vn -0.3281 0.9447 -0.0000
vn -0.2868 -0.9580 -0.0000
vn -0.2557 0.9667 -0.0000
vn -0.1959 0.9806 -0.0000
vn 0.7931 -0.6091 -0.0000
vn -0.1442 0.9895 -0.0000
vn 0.2384 0.9712 -0.0000
vn 0.7860 0.6183 -0.0000
vn -0.1802 0.9836 -0.0000
vn -0.6388 0.7693 -0.0000
vn 0.3281 0.9447 -0.0000
vn 0.2888 -0.9574 -0.0000
vn 0.2691 0.9631 -0.0000
vn 0.0682 0.9977 -0.0000
vn -0.0443 0.9990 -0.0000
vn -0.8094 -0.5872 -0.0000
vn -0.1722 -0.9851 -0.0000
vn -0.1965 0.9805 -0.0000
vn -0.0658 0.9978 -0.0000
vn -0.6931 0.7209 -0.0000
vn 0.0805 0.9968 -0.0000
vn -0.0584 0.9983 -0.0000
vn 0.8095 -0.5872 -0.0000
vn 0.1733 -0.9849 -0.0000
vn 0.2056 0.9786 -0.0000
vn -0.7641 -0.6451 -0.0000
vn 0.5307 -0.8475 -0.0000
vn -0.1083 0.9941 -0.0000
vn -0.0570 -0.9984 -0.0000
vn -0.1385 0.9904 -0.0000
vn 0.0573 -0.9984 -0.0000
vn -0.7852 -0.6193 -0.0000
vn 0.5807 -0.8141 -0.0000
vn 0.9983 -0.0581 -0.0000
vn -0.7452 0.6669 -0.0000
vn 0.1083 0.9941 -0.0000
vn 0.1437 0.9896 -0.0000
vn -0.7154 -0.6987 -0.0000
vn 0.7239 -0.6899 -0.0000
vn -0.0818 0.9966 -0.0000
vn 0.7541 -0.6567 -0.0000
vn -0.7158 -0.6983 -0.0000
vn 0.6486 -0.7611 -0.0000
vn -0.6906 -0.7232 -0.0000
vn 0.6265 -0.7794 -0.0000
vn 0.9503 -0.3113 -0.0000
vn 0.0841 0.9965 -0.0000
vn -0.6650 -0.7469 -0.0000
vn 0.5695 -0.8220 -0.0000
vn 0.6689 -0.7434 -0.0000
vn 0.7158 -0.6983 -0.0000
vn -0.0268 0.9996 -0.0000
vn 0.6668 -0.7452 -0.0000
vn -0.7945 0.6072 -0.0000
vn -0.5937 -0.8047 -0.0000
vn 0.4888 -0.8724 -0.0000
vn -0.5802 -0.8145 -0.0000
vn 0.8206 -0.5715 -0.0000
vn 0.0273 0.9996 -0.0000
vn -0.6133 -0.7898 -0.0000
vn 0.4086 -0.9127 -0.0000
vn 0.7087 -0.7055 -0.0000
vn 0.5937 -0.8047 -0.0000
vn 0.5683 -0.8228 -0.0000
vn -0.4433 -0.8964 -0.0000
vn -0.6891 -0.7246 -0.0000
vn 0.5805 0.8143 -0.0000
vn -0.4574 -0.8892 -0.0000
vn 0.7465 -0.6654 -0.0000
vn 0.6388 -0.7694 -0.0000
vn -0.8404 0.5420 -0.0000
vn -0.5334 0.8458 -0.0000
vn 0.6347 0.7728 -0.0000
vn 0.4433 -0.8964 -0.0000
vn 0.6346 -0.7729 -0.0000
vn 0.4587 -0.8886 -0.0000
vn -0.2710 -0.9626 -0.0000
vn -0.5790 -0.8154 -0.0000
vn -0.3269 -0.9451 -0.0000
vn 0.7828 -0.6223 -0.0000
vn 0.5459 0.8378 -0.0000
vn -0.0320 -0.9995 -0.0000
vn -0.5931 0.8051 -0.0000
vn 0.8180 -0.5753 -0.0000
vn 0.2710 -0.9626 -0.0000
vn 0.5110 -0.8596 -0.0000
vn 0.3383 -0.9410 -0.0000
vn -0.8821 0.4711 -0.0000
vn -0.0894 -0.9960 -0.0000
vn -0.4659 -0.8848 -0.0000
vn 0.6829 0.7306 -0.0000
vn -0.1938 -0.9810 -0.0000
vn 0.0894 -0.9960 -0.0000
vn 0.7316 0.6818 -0.0000
vn -0.0321 0.9995 -0.0000
vn -0.6547 0.7559 -0.0000
vn 0.8521 -0.5234 -0.0000
vn 0.3845 -0.9231 -0.0000
vn -0.1173 -0.9931 -0.0000
vn 0.2082 -0.9781 -0.0000
vn -0.9187 0.3949 -0.0000
vn 0.0595 0.9982 -0.0000
vn -0.3546 -0.9350 -0.0000
vn -0.0630 -0.9980 -0.0000
vn -0.0971 0.9953 -0.0000
vn 0.8984 0.4392 -0.0000
vn -0.2278 -0.9737 -0.0000
vn 0.0704 -0.9975 -0.0000
vn -0.7166 0.6975 -0.0000
vn -0.0589 0.9983 -0.0000
vn 0.8852 -0.4653 -0.0000
vn -0.1624 0.9867 -0.0000
vn 0.2620 -0.9651 -0.0000
vn -0.3501 -0.9367 -0.0000
vn -0.2473 -0.9689 -0.0000
vn 0.0617 0.9981 -0.0000
vn 0.9167 -0.3995 -0.0000
vn 0.9863 0.1652 -0.0000
vn -0.1785 0.9839 -0.0000
vn -0.9495 0.3137 -0.0000
vn 0.1829 0.9831 -0.0000
vn -0.7767 0.6298 -0.0000
vn 0.7242 0.6895 -0.0000
vn -0.2268 0.9740 -0.0000
vn 0.1486 -0.9889 -0.0000
vn -0.4681 -0.8837 -0.0000
vn -0.0257 0.9997 -0.0000
vn -0.1450 -0.9894 -0.0000
vn 0.1869 0.9824 -0.0000
vn -0.5698 -0.8218 -0.0000
vn -0.2980 0.9546 -0.0000
vn 0.0658 0.9978 -0.0000
vn 0.3089 0.9511 -0.0000
vn -0.0474 -0.9989 -0.0000
vn -0.0767 0.9971 -0.0000
vn -0.2889 0.9574 -0.0000
vn 0.0465 -0.9989 -0.0000
vn 0.9983 -0.0582 -0.0000
vn -0.0894 0.9960 -0.0000
vn 0.7587 0.6514 -0.0000
vn 0.3114 0.9503 -0.0000
vn -0.1265 0.9920 -0.0000
vn -0.3479 0.9375 -0.0000
vn 0.0502 -0.9987 -0.0000
vn -0.6505 -0.7595 -0.0000
vn -0.4152 0.9097 -0.0000
vn 0.0894 0.9960 -0.0000
vn -0.0559 -0.9984 -0.0000
vn 0.1986 0.9801 -0.0000
vn 0.4340 0.9009 -0.0000
vn 0.2710 0.9626 -0.0000
vn 0.7867 0.6174 -0.0000
vn 0.4325 0.9017 -0.0000
vn -0.1744 0.9847 -0.0000
vn -0.4029 0.9153 -0.0000
vn -0.2710 0.9626 -0.0000
vn 0.1561 -0.9877 -0.0000
vn -0.7117 -0.7025 -0.0000
vn -0.5279 0.8493 -0.0000
vn -0.1708 -0.9853 -0.0000
vn -0.2200 0.9755 -0.0000
vn -0.4535 0.8913 -0.0000
vn 0.4433 0.8964 -0.0000
vn 0.8086 0.5883 -0.0000
vn 0.5472 0.8370 -0.0000
vn -0.4433 0.8964 -0.0000
vn 0.2676 -0.9635 -0.0000
vn -0.7570 -0.6534 -0.0000
vn -0.6338 0.7735 -0.0000
vn 0.9460 -0.3243 -0.0000
vn 0.5540 0.8325 -0.0000
vn -0.2878 -0.9577 -0.0000
vn -0.2630 0.9648 -0.0000
vn -0.4994 0.8664 -0.0000
vn 0.5937 0.8047 -0.0000
vn -0.8328 0.5536 -0.0000
vn 0.8253 0.5647 -0.0000
vn 0.6532 0.7572 -0.0000
vn -0.5407 0.8412 -0.0000
vn -0.5937 0.8047 -0.0000
vn -0.7904 -0.6125 -0.0000
vn -0.7307 0.6827 -0.0000
vn 0.3292 0.9443 -0.0000
vn -0.3030 0.9530 -0.0000
vn -0.7158 0.6983 -0.0000
vn 0.3830 -0.9238 -0.0000
vn 0.6647 0.7471 -0.0000
vn -0.4046 -0.9145 -0.0000
vn 0.8375 0.5465 -0.0000
vn 0.7481 0.6636 -0.0000
vn -0.3398 0.9405 -0.0000
vn -0.5774 0.8164 -0.0000
vn -0.8152 -0.5792 -0.0000
vn -0.8159 0.5782 -0.0000
vn 0.7158 0.6983 -0.0000
vn -0.3730 0.9278 -0.0000
vn -0.6099 0.7925 -0.0000
vn -0.8094 0.5872 -0.0000
vn 0.9792 -0.2028 -0.0000
vn 0.8458 0.5335 -0.0000
vn 0.4992 -0.8665 -0.0000
vn 0.4540 0.8910 -0.0000
vn 0.7624 0.6471 -0.0000
vn -0.5185 -0.8551 -0.0000
vn 0.8507 0.5256 -0.0000
vn 0.8298 0.5580 -0.0000
vn -0.4027 0.9153 -0.0000
vn -0.8337 -0.5522 -0.0000
vn 0.7708 -0.6370 -0.0000
vn 0.8094 0.5872 -0.0000
vn -0.8825 0.4704 -0.0000
vn 0.0520 -0.9986 -0.0000
vn -0.4286 0.9035 -0.0000
vn -0.0604 -0.9982 -0.0000
vn 0.7355 -0.6775 -0.0000
vn 0.1083 -0.9941 -0.0000
vn 0.8528 0.5222 -0.0000
vn -0.4506 0.8927 -0.0000
vn -0.1083 -0.9941 -0.0000
vn 0.6125 -0.7905 -0.0000
vn -0.8412 -0.5408 -0.0000
vn 0.6938 -0.7202 -0.0000
vn -0.6268 -0.7792 -0.0000
vn 0.1611 -0.9869 -0.0000
vn -0.1838 -0.9830 -0.0000
vn 0.5699 0.8217 -0.0000
vn 0.6448 -0.7643 -0.0000
vn 0.3281 -0.9447 -0.0000
vn 0.8508 0.5255 -0.0000
vn -0.3281 -0.9447 -0.0000
vn 0.9596 -0.2813 -0.0000
vn -0.8871 0.4615 -0.0000
vn -0.9737 0.2280 -0.0000
vn 0.5880 -0.8088 -0.0000
vn 0.8457 0.5336 -0.0000
vn -0.8782 0.4783 -0.0000
vn 0.7180 -0.6960 -0.0000
vn 0.5233 -0.8522 -0.0000
vn -0.7264 -0.6873 -0.0000
vn 0.8400 0.5425 -0.0000
vn 0.2755 -0.9613 -0.0000
vn 0.6746 0.7382 -0.0000
vn 0.4509 -0.8926 -0.0000
vn 0.8782 0.4783 -0.0000
vn -0.9240 0.3825 -0.0000
vn 0.8340 0.5518 -0.0000
vn 0.8968 0.4424 -0.0000
vn 0.7663 0.6425 -0.0000
vn -0.3078 -0.9515 -0.0000
vn -0.9903 0.1386 -0.0000
vn 0.3721 -0.9282 -0.0000
vn 0.5268 -0.8500 -0.0000
vn 0.8280 0.5607 -0.0000
vn -0.5268 -0.8500 -0.0000
vn 0.9507 -0.3102 -0.0000
vn 0.8225 0.5687 -0.0000
vn 0.3931 -0.9195 -0.0000
vn 0.1072 -0.9942 -0.0000
vn 0.8111 -0.5849 -0.0000
vn -0.4293 -0.9032 -0.0000
vn 0.2035 -0.9791 -0.0000
vn 0.6847 -0.7288 -0.0000
vn -0.8140 -0.5808 -0.0000
vn 0.8179 0.5753 -0.0000
vn -0.6847 -0.7288 -0.0000
vn 0.0578 -0.9983 -0.0000
vn 0.1192 -0.9929 -0.0000
vn -0.9562 0.2927 -0.0000
vn 0.8144 0.5803 -0.0000
vn 0.5106 -0.8598 -0.0000
vn -0.5453 -0.8383 -0.0000
vn 0.0171 -0.9999 -0.0000
vn 0.7984 -0.6021 -0.0000
vn 0.8119 0.5837 -0.0000
vn 0.0385 -0.9993 -0.0000
vn -0.7984 -0.6021 -0.0000
vn 0.8874 -0.4609 -0.0000
vn 0.8105 0.5857 -0.0000
vn 0.6240 -0.7814 -0.0000
vn 0.8436 0.5370 -0.0000
vn -0.9269 0.3754 -0.0000
vn 0.9539 -0.3003 -0.0000
vn -0.6527 -0.7576 -0.0000
vn -0.0579 -0.9983 -0.0000
vn 0.8443 0.5359 -0.0000
vn -0.8869 -0.4620 -0.0000
vn 0.8100 0.5864 -0.0000
vn -0.0662 -0.9978 -0.0000
vn -0.9422 0.3352 -0.0000
vn -0.1759 -0.9844 -0.0000
vn 0.9269 0.3754 -0.0000
vn 0.8101 0.5863 -0.0000
vn -0.2007 -0.9796 -0.0000
vn 0.9443 -0.3291 -0.0000
vn 0.8755 -0.4833 -0.0000
vn -0.9790 0.2038 -0.0000
vn 0.9476 0.3195 -0.0000
vn 0.1640 -0.9865 -0.0000
vn -0.3340 -0.9426 -0.0000
vn -0.8755 -0.4833 -0.0000
vn -0.9426 -0.3340 -0.0000
vn 0.7286 -0.6850 -0.0000
vn 0.2254 -0.9743 -0.0000
vn -0.7488 -0.6628 -0.0000
vn -0.2946 -0.9556 -0.0000
vn 0.9086 0.4176 -0.0000
vn 0.9259 -0.3778 -0.0000
vn -0.4620 -0.8869 -0.0000
vn -0.9259 -0.3778 -0.0000
vn 0.9667 -0.2557 -0.0000
vn 0.8196 -0.5729 -0.0000
vn 0.9058 0.4237 -0.0000
vn -0.5807 -0.8141 -0.0000
vn -0.9600 0.2799 -0.0000
vn 0.9808 -0.1948 -0.0000
vn -0.8313 -0.5558 -0.0000
vn 0.2879 -0.9577 -0.0000
vn -0.6871 -0.7265 -0.0000
vn -0.9999 0.0113 -0.0000
vn 0.9600 0.2799 -0.0000
vn -0.9930 0.1182 -0.0000
vn 0.8934 -0.4493 -0.0000
vn 0.3477 -0.9376 -0.0000
vn -0.9793 0.2024 -0.0000
vn -0.4116 -0.9114 -0.0000
vn 0.9552 0.2960 -0.0000
vn 0.9582 -0.2862 -0.0000
vn 0.9999 0.0117 -0.0000
vn -0.7790 -0.6271 -0.0000
vn -0.9582 -0.2862 -0.0000
vn 0.9841 -0.1775 -0.0000
vn -0.9993 0.0381 -0.0000
vn -0.8984 -0.4392 -0.0000
vn 0.4016 -0.9158 -0.0000
vn -0.8549 -0.5188 -0.0000
vn -0.9814 0.1918 -0.0000
vn 0.9980 -0.0633 -0.0000
vn -0.5248 -0.8512 -0.0000
vn -0.9978 -0.0662 -0.0000
vn 0.9987 -0.0514 -0.0000
vn 0.9814 0.1922 -0.0000
vn 0.9846 0.1747 -0.0000
vn 0.9814 0.1918 -0.0000
vn -0.9993 0.0379 -0.0000
vn 0.9992 0.0403 -0.0000
vn 0.9477 -0.3193 -0.0000
vn 0.4477 -0.8942 -0.0000
vn -0.9144 -0.4047 -0.0000
vn -0.9980 -0.0639 -0.0000
vn -0.9488 -0.3160 -0.0000
vn 0.9783 -0.2070 -0.0000
vn 0.4853 -0.8743 -0.0000
vn -0.9577 -0.2879 -0.0000
vn -0.9783 -0.2070 -0.0000
vn 0.9978 -0.0659 -0.0000
vn -0.9974 0.0715 -0.0000
vn -0.6315 -0.7754 -0.0000
vn 0.9821 -0.1883 -0.0000
vt 0.290749 0.000000
vt 0.289280 0.000000
vt 0.287812 0.000000
vt 0.286344 0.000000
vt 0.284875 0.000000
vt 0.283407 0.000000
vt 0.281938 0.000000
vt 0.298091 0.000000
vt 0.293686 0.000000
vt 0.295154 0.000000
vt 0.292217 0.000000
vt 0.296623 0.000000
vt 0.301028 0.000000
vt 0.299559 0.000000
vt 0.397944 0.000000
vt 0.396476 0.000000
vt 0.395007 0.000000
vt 0.393539 0.000000
vt 0.392070 0.000000
vt 0.390602 0.000000
vt 0.389134 0.000000
vt 0.387665 0.000000
vt 0.386197 0.000000
vt 0.399413 0.000000
vt 0.384728 0.000000
vt 0.436123 0.000000
vt 0.400881 0.000000
vt 0.402349 0.000000
vt 0.403818 0.000000
vt 0.383260 0.000000
vt 0.405286 0.000000
vt 0.406755 0.000000
vt 0.408223 0.000000
vt 0.381791 0.000000
vt 0.409692 0.000000
vt 0.411160 0.000000
vt 0.412629 0.000000
vt 0.380323 0.000000
vt 0.414097 0.000000
vt 0.415565 0.000000
vt 0.378855 0.000000
vt 0.417034 0.000000
vt 0.418502 0.000000
vt 0.377386 0.000000
vt 0.419971 0.000000
vt 0.375918 0.000000
vt 0.421439 0.000000
vt 0.422908 0.000000
vt 0.374449 0.000000
vt 0.424376 0.000000
vt 0.372981 0.000000
vt 0.425844 0.000000
vt 0.371512 0.000000
vt 0.427313 0.000000
vt 0.428781 0.000000
vt 0.370044 0.000000
vt 0.430250 0.000000
vt 0.431718 0.000000
vt 0.368576 0.000000
vt 0.433187 0.000000
vt 0.434655 0.000000
vt 0.303965 0.000000
vt 0.367107 0.000000
vt 0.365639 0.000000
vt 0.364170 0.000000
vt 0.362702 0.000000
vt 0.361233 0.000000
vt 0.359765 0.000000
vt 0.358297 0.000000
vt 0.305433 0.000000
vt 0.306902 0.000000
vt 0.356828 0.000000
vt 0.302496 0.000000
vt 0.308370 0.000000
vt 0.309838 0.000000
vt 0.311307 0.000000
vt 0.355360 0.000000
vt 0.312775 0.000000
vt 0.314244 0.000000
vt 0.353891 0.000000
vt 0.315712 0.000000
vt 0.352423 0.000000
vt 0.317181 0.000000
vt 0.350954 0.000000
vt 0.318649 0.000000
vt 0.349486 0.000000
vt 0.320117 0.000000
vt 0.348018 0.000000
vt 0.321586 0.000000
vt 0.346549 0.000000
vt 0.345081 0.000000
vt 0.323054 0.000000
vt 0.343612 0.000000
vt 0.324523 0.000000
vt 0.342144 0.000000
vt 0.340675 0.000000
vt 0.339207 0.000000
vt 0.337739 0.000000
vt 0.336270 0.000000
vt 0.334802 0.000000
vt 0.333333 0.000000
vt 0.331865 0.000000
vt 0.330396 0.000000
vt 0.328928 0.000000
vt 0.327460 0.000000
vt 0.325991 0.000000
vt 0.515419 0.000000
vt 0.513950 0.000000
vt 0.512482 0.000000
vt 0.511013 0.000000
vt 0.440529 0.000000
vt 0.439060 0.000000
vt 0.437592 0.000000
vt 0.550661 0.000000
vt 0.441997 0.000000
vt 0.509545 0.000000
vt 0.443466 0.000000
vt 0.549192 0.000000
vt 0.508076 0.000000
vt 0.516887 0.000000
vt 0.444934 0.000000
vt 0.506608 0.000000
vt 0.446402 0.000000
vt 0.505140 0.000000
vt 0.547724 0.000000
vt 0.447871 0.000000
vt 0.503671 0.000000
vt 0.518355 0.000000
vt 0.449339 0.000000
vt 0.502203 0.000000
vt 0.450808 0.000000
vt 0.500734 0.000000
vt 0.546256 0.000000
vt 0.452276 0.000000
vt 0.499266 0.000000
vt 0.453745 0.000000
vt 0.519824 0.000000
vt 0.497797 0.000000
vt 0.455213 0.000000
vt 0.496329 0.000000
vt 0.494861 0.000000
vt 0.456681 0.000000
vt 0.544787 0.000000
vt 0.493392 0.000000
vt 0.458150 0.000000
vt 0.491924 0.000000
vt 0.521292 0.000000
vt 0.459618 0.000000
vt 0.490455 0.000000
vt 0.461087 0.000000
vt 0.543319 0.000000
vt 0.488987 0.000000
vt 0.462555 0.000000
vt 0.464024 0.000000
vt 0.487518 0.000000
vt 0.465492 0.000000
vt 0.486050 0.000000
vt 0.522761 0.000000
vt 0.466960 0.000000
vt 0.484582 0.000000
vt 0.468429 0.000000
vt 0.483113 0.000000
vt 0.541850 0.000000
vt 0.469897 0.000000
vt 0.481645 0.000000
vt 0.471366 0.000000
vt 0.480176 0.000000
vt 0.472834 0.000000
vt 0.478708 0.000000
vt 0.474303 0.000000
vt 0.477239 0.000000
vt 0.475771 0.000000
vt 0.524229 0.000000
vt 0.540382 0.000000
vt 0.525698 0.000000
vt 0.538913 0.000000
vt 0.527166 0.000000
vt 0.537445 0.000000
vt 0.528634 0.000000
vt 0.535977 0.000000
vt 0.530103 0.000000
vt 0.534508 0.000000
vt 0.531571 0.000000
vt 0.533040 0.000000
vt 0.571219 0.000000
vt 0.569750 0.000000
vt 0.568282 0.000000
vt 0.566814 0.000000
vt 0.572687 0.000000
vt 0.565345 0.000000
vt 0.574156 0.000000
vt 0.563877 0.000000
vt 0.575624 0.000000
vt 0.577093 0.000000
vt 0.562408 0.000000
vt 0.578561 0.000000
vt 0.675477 0.000000
vt 0.560940 0.000000
vt 0.674009 0.000000
vt 0.676946 0.000000
vt 0.672540 0.000000
vt 0.678414 0.000000
vt 0.580029 0.000000
vt 0.559471 0.000000
vt 0.671072 0.000000
vt 0.679883 0.000000
vt 0.669604 0.000000
vt 0.681351 0.000000
vt 0.668135 0.000000
vt 0.682819 0.000000
vt 0.581498 0.000000
vt 0.558003 0.000000
vt 0.666667 0.000000
vt 0.684288 0.000000
vt 0.665198 0.000000
vt 0.685756 0.000000
vt 0.582966 0.000000
vt 0.556535 0.000000
vt 0.663730 0.000000
vt 0.687225 0.000000
vt 0.584435 0.000000
vt 0.555066 0.000000
vt 0.662261 0.000000
vt 0.688693 0.000000
vt 0.660793 0.000000
vt 0.690162 0.000000
vt 0.585903 0.000000
vt 0.553598 0.000000
vt 0.659325 0.000000
vt 0.691630 0.000000
vt 0.587372 0.000000
vt 0.552129 0.000000
vt 0.657856 0.000000
vt 0.622614 0.000000
vt 0.588840 0.000000
vt 0.656388 0.000000
vt 0.624082 0.000000
vt 0.621145 0.000000
vt 0.654919 0.000000
vt 0.625551 0.000000
vt 0.590308 0.000000
vt 0.619677 0.000000
vt 0.653451 0.000000
vt 0.627019 0.000000
vt 0.591777 0.000000
vt 0.618209 0.000000
vt 0.628488 0.000000
vt 0.651982 0.000000
vt 0.629956 0.000000
vt 0.650514 0.000000
vt 0.593245 0.000000
vt 0.616740 0.000000
vt 0.631424 0.000000
vt 0.649046 0.000000
vt 0.594714 0.000000
vt 0.615272 0.000000
vt 0.632893 0.000000
vt 0.647577 0.000000
vt 0.634361 0.000000
vt 0.646109 0.000000
vt 0.596182 0.000000
vt 0.613803 0.000000
vt 0.635830 0.000000
vt 0.644640 0.000000
vt 0.637298 0.000000
vt 0.643172 0.000000
vt 0.638767 0.000000
vt 0.641703 0.000000
vt 0.597651 0.000000
vt 0.612335 0.000000
vt 0.640235 0.000000
vt 0.599119 0.000000
vt 0.610866 0.000000
vt 0.600587 0.000000
vt 0.609398 0.000000
vt 0.602056 0.000000
vt 0.607930 0.000000
vt 0.603524 0.000000
vt 0.606461 0.000000
vt 0.604993 0.000000
vt 0.731278 0.000000
vt 0.729809 0.000000
vt 0.728341 0.000000
vt 0.732746 0.000000
vt 0.734214 0.000000
vt 0.726872 0.000000
vt 0.735683 0.000000
vt 0.725404 0.000000
vt 0.737151 0.000000
vt 0.738620 0.000000
vt 0.723935 0.000000
vt 0.740088 0.000000
vt 0.741557 0.000000
vt 0.722467 0.000000
vt 0.743025 0.000000
vt 0.744493 0.000000
vt 0.720999 0.000000
vt 0.745962 0.000000
vt 0.747430 0.000000
vt 0.719530 0.000000
vt 0.748899 0.000000
vt 0.750367 0.000000
vt 0.751836 0.000000
vt 0.753304 0.000000
vt 0.754772 0.000000
vt 0.756241 0.000000
vt 0.757709 0.000000
vt 0.759178 0.000000
vt 0.760646 0.000000
vt 0.762115 0.000000
vt 0.763583 0.000000
vt 0.765051 0.000000
vt 0.766520 0.000000
vt 0.718062 0.000000
vt 0.767988 0.000000
vt 0.769457 0.000000
vt 0.770925 0.000000
vt 0.716593 0.000000
vt 0.772394 0.000000
vt 0.773862 0.000000
vt 0.775330 0.000000
vt 0.715125 0.000000
vt 0.776799 0.000000
vt 0.778267 0.000000
vt 0.713656 0.000000
vt 0.779736 0.000000
vt 0.781204 0.000000
vt 0.712188 0.000000
vt 0.782673 0.000000
vt 0.784141 0.000000
vt 0.710720 0.000000
vt 0.785609 0.000000
vt 0.787078 0.000000
vt 0.709251 0.000000
vt 0.788546 0.000000
vt 0.790015 0.000000
vt 0.707783 0.000000
vt 0.791483 0.000000
vt 0.792952 0.000000
vt 0.706314 0.000000
vt 0.794420 0.000000
vt 0.795888 0.000000
vt 0.797357 0.000000
vt 0.704846 0.000000
vt 0.798825 0.000000
vt 0.800294 0.000000
vt 0.703377 0.000000
vt 0.801762 0.000000
vt 0.803231 0.000000
vt 0.701909 0.000000
vt 0.804699 0.000000
vt 0.700441 0.000000
vt 0.806167 0.000000
vt 0.698972 0.000000
vt 0.807636 0.000000
vt 0.809104 0.000000
vt 0.697504 0.000000
vt 0.810573 0.000000
vt 0.696035 0.000000
vt 0.812041 0.000000
vt 0.694567 0.000000
vt 0.813510 0.000000
vt 0.814978 0.000000
vt 0.693098 0.000000
vt 0.822320 0.000000
vt 0.816446 0.000000
vt 0.817915 0.000000
vt 0.819383 0.000000
vt 0.820852 0.000000
vt 0.825257 0.000000
vt 0.823789 0.000000
vt 0.929515 0.000000
vt 0.826725 0.000000
vt 0.828194 0.000000
vt 0.928047 0.000000
vt 0.926579 0.000000
vt 0.829662 0.000000
vt 0.925110 0.000000
vt 0.923642 0.000000
vt 0.831131 0.000000
vt 0.922173 0.000000
vt 0.920705 0.000000
vt 0.832599 0.000000
vt 0.919236 0.000000
vt 0.917768 0.000000
vt 0.834068 0.000000
vt 0.916300 0.000000
vt 0.835536 0.000000
vt 0.914831 0.000000
vt 0.913363 0.000000
vt 0.837004 0.000000
vt 0.895742 0.000000
vt 0.894273 0.000000
vt 0.892805 0.000000
vt 0.897210 0.000000
vt 0.898678 0.000000
vt 0.891336 0.000000
vt 0.900147 0.000000
vt 0.901615 0.000000
vt 0.911894 0.000000
vt 0.903084 0.000000
vt 0.889868 0.000000
vt 0.904552 0.000000
vt 0.906021 0.000000
vt 0.907489 0.000000
vt 0.888399 0.000000
vt 0.908957 0.000000
vt 0.910426 0.000000
vt 0.886931 0.000000
vt 0.838473 0.000000
vt 0.885463 0.000000
vt 0.883994 0.000000
vt 0.839941 0.000000
vt 0.944200 0.000000
vt 0.945668 0.000000
vt 0.947137 0.000000
vt 0.948605 0.000000
vt 0.882526 0.000000
vt 0.950073 0.000000
vt 0.951542 0.000000
vt 0.942731 0.000000
vt 0.941263 0.000000
vt 0.953010 0.000000
vt 0.881057 0.000000
vt 0.939794 0.000000
vt 0.938326 0.000000
vt 0.954479 0.000000
vt 0.936858 0.000000
vt 0.955947 0.000000
vt 0.935389 0.000000
vt 0.933921 0.000000
vt 0.957416 0.000000
vt 0.932452 0.000000
vt 0.841410 0.000000
vt 0.879589 0.000000
vt 0.930984 0.000000
vt 0.958884 0.000000
vt 1.000000 0.000000
vt 0.960352 0.000000
vt 0.961821 0.000000
vt 0.878120 0.000000
vt 0.998532 0.000000
vt 0.963289 0.000000
vt 0.842878 0.000000
vt 0.964758 0.000000
vt 0.876652 0.000000
vt 0.997063 0.000000
vt 0.966226 0.000000
vt 0.844347 0.000000
vt 0.967695 0.000000
vt 0.875184 0.000000
vt 0.995595 0.000000
vt 0.969163 0.000000
vt 0.994126 0.000000
vt 0.873715 0.000000
vt 0.845815 0.000000
vt 0.970631 0.000000
vt 0.972100 0.000000
vt 0.992658 0.000000
vt 0.872247 0.000000
vt 0.973568 0.000000
vt 0.847283 0.000000
vt 0.991189 0.000000
vt 0.975037 0.000000
vt 0.989721 0.000000
vt 0.870778 0.000000
vt 0.976505 0.000000
vt 0.848752 0.000000
vt 0.988253 0.000000
vt 0.977974 0.000000
vt 0.979442 0.000000
vt 0.986784 0.000000
vt 0.869310 0.000000
vt 0.980910 0.000000
vt 0.985316 0.000000
vt 0.982379 0.000000
vt 0.983847 0.000000
vt 0.850220 0.000000
vt 0.867841 0.000000
vt 0.851689 0.000000
vt 0.866373 0.000000
vt 0.853157 0.000000
vt 0.864905 0.000000
vt 0.854626 0.000000
vt 0.863436 0.000000
vt 0.856094 0.000000
vt 0.861968 0.000000
vt 0.857562 0.000000
vt 0.860499 0.000000
vt 0.859031 0.000000
vt 0.054332 0.000000
vt 0.052863 0.000000
vt 0.051395 0.000000
vt 0.055800 0.000000
vt 0.049927 0.000000
vt 0.057269 0.000000
vt 0.048458 0.000000
vt 0.058737 0.000000
vt 0.046990 0.000000
vt 0.060206 0.000000
vt 0.045521 0.000000
vt 0.061674 0.000000
vt 0.044053 0.000000
vt 0.063142 0.000000
vt 0.042584 0.000000
vt 0.064611 0.000000
vt 0.193833 0.000000
vt 0.041116 0.000000
vt 0.192364 0.000000
vt 0.195301 0.000000
vt 0.190896 0.000000
vt 0.196769 0.000000
vt 0.066079 0.000000
vt 0.189427 0.000000
vt 0.039648 0.000000
vt 0.198238 0.000000
vt 0.187959 0.000000
vt 0.199706 0.000000
vt 0.186490 0.000000
vt 0.201175 0.000000
vt 0.185022 0.000000
vt 0.202643 0.000000
vt 0.067548 0.000000
vt 0.038179 0.000000
vt 0.183554 0.000000
vt 0.204112 0.000000
vt 0.182085 0.000000
vt 0.205580 0.000000
vt 0.180617 0.000000
vt 0.069016 0.000000
vt 0.207048 0.000000
vt 0.036711 0.000000
vt 0.179148 0.000000
vt 0.208517 0.000000
vt 0.177680 0.000000
vt 0.209985 0.000000
vt 0.070485 0.000000
vt 0.035242 0.000000
vt 0.176211 0.000000
vt 0.140969 0.000000
vt 0.174743 0.000000
vt 0.071953 0.000000
vt 0.142438 0.000000
vt 0.033774 0.000000
vt 0.173275 0.000000
vt 0.143906 0.000000
vt 0.073421 0.000000
vt 0.032305 0.000000
vt 0.171806 0.000000
vt 0.145374 0.000000
vt 0.030837 0.000000
vt 0.074890 0.000000
vt 0.170338 0.000000
vt 0.146843 0.000000
vt 0.029369 0.000000
vt 0.076358 0.000000
vt 0.168869 0.000000
vt 0.148311 0.000000
vt 0.077827 0.000000
vt 0.027900 0.000000
vt 0.167401 0.000000
vt 0.149780 0.000000
vt 0.079295 0.000000
vt 0.026432 0.000000
vt 0.165932 0.000000
vt 0.151248 0.000000
vt 0.164464 0.000000
vt 0.152717 0.000000
vt 0.080764 0.000000
vt 0.024963 0.000000
vt 0.162996 0.000000
vt 0.154185 0.000000
vt 0.082232 0.000000
vt 0.161527 0.000000
vt 0.155653 0.000000
vt 0.023495 0.000000
vt 0.160059 0.000000
vt 0.157122 0.000000
vt 0.158590 0.000000
vt 0.083700 0.000000
vt 0.022026 0.000000
vt 0.085169 0.000000
vt 0.020558 0.000000
vt 0.086637 0.000000
vt 0.019090 0.000000
vt 0.088106 0.000000
vt 0.017621 0.000000
vt 0.089574 0.000000
vt 0.016153 0.000000
vt 0.091043 0.000000
vt 0.014684 0.000000
vt 0.092511 0.000000
vt 0.013216 0.000000
vt 0.093979 0.000000
vt 0.011747 0.000000
vt 0.095448 0.000000
vt 0.264317 0.000000
vt 0.010279 0.000000
vt 0.262849 0.000000
vt 0.265786 0.000000
vt 0.261380 0.000000
vt 0.267254 0.000000
vt 0.259912 0.000000
vt 0.268722 0.000000
vt 0.096916 0.000000
vt 0.258443 0.000000
vt 0.270191 0.000000
vt 0.008811 0.000000
vt 0.256975 0.000000
vt 0.271659 0.000000
vt 0.098385 0.000000
vt 0.255507 0.000000
vt 0.273128 0.000000
vt 0.007342 0.000000
vt 0.254038 0.000000
vt 0.274596 0.000000
vt 0.099853 0.000000
vt 0.005874 0.000000
vt 0.252570 0.000000
vt 0.276065 0.000000
vt 0.101322 0.000000
vt 0.251101 0.000000
vt 0.004405 0.000000
vt 0.277533 0.000000
vt 0.249633 0.000000
vt 0.102790 0.000000
vt 0.279001 0.000000
vt 0.002937 0.000000
vt 0.248164 0.000000
vt 0.280470 0.000000
vt 0.104258 0.000000
vt 0.001468 0.000000
vt 0.246696 0.000000
vt 0.211454 0.000000
vt 0.105727 0.000000
vt 0.000000 0.000000
vt 0.245228 0.000000
vt 0.212922 0.000000
vt 0.107195 0.000000
vt 0.139501 0.000000
vt 0.214391 0.000000
vt 0.243759 0.000000
vt 0.215859 0.000000
vt 0.242291 0.000000
vt 0.108664 0.000000
vt 0.138032 0.000000
vt 0.217327 0.000000
vt 0.240822 0.000000
vt 0.218796 0.000000
vt 0.239354 0.000000
vt 0.110132 0.000000
vt 0.136564 0.000000
vt 0.220264 0.000000
vt 0.237885 0.000000
vt 0.221733 0.000000
vt 0.236417 0.000000
vt 0.111601 0.000000
vt 0.135095 0.000000
vt 0.223201 0.000000
vt 0.234949 0.000000
vt 0.224670 0.000000
vt 0.233480 0.000000
vt 0.226138 0.000000
vt 0.232012 0.000000
vt 0.227606 0.000000
vt 0.230543 0.000000
vt 0.113069 0.000000
vt 0.133627 0.000000
vt 0.229075 0.000000
vt 0.114537 0.000000
vt 0.132159 0.000000
vt 0.116006 0.000000
vt 0.130690 0.000000
vt 0.117474 0.000000
vt 0.129222 0.000000
vt 0.118943 0.000000
vt 0.127753 0.000000
vt 0.120411 0.000000
vt 0.126285 0.000000
vt 0.121880 0.000000
vt 0.124816 0.000000
vt 0.123348 0.000000
s 0
f 199/1/1 198/2/1 197/3/1
f 199/1/1 197/3/1 196/4/1
f 195/5/1 194/6/1 193/7/1
f 195/5/1 193/7/1 204/8/1
f 199/1/1 196/4/1 201/9/1
f 201/9/1 196/4/1 195/5/1
f 201/9/1 195/5/1 202/10/1
f 202/10/1 195/5/1 204/8/1
f 199/1/1 201/9/1 200/11/1
f 203/12/1 202/10/1 204/8/1
f 206/13/1 205/14/1 272/15/1
f 272/15/1 205/14/1 271/16/1
f 272/15/1 271/16/1 270/17/1
f 272/15/1 270/17/1 269/18/1
f 272/15/1 269/18/1 268/19/1
f 272/15/1 268/19/1 267/20/1
f 272/15/1 267/20/1 266/21/1
f 272/15/1 266/21/1 265/22/1
f 272/15/1 265/22/1 264/23/1
f 272/15/1 264/23/1 273/24/1
f 273/24/1 264/23/1 263/25/1
f 206/13/1 272/15/1 298/26/1
f 274/27/1 273/24/1 263/25/1
f 275/28/1 274/27/1 263/25/1
f 276/29/1 275/28/1 263/25/1
f 276/29/1 263/25/1 262/30/1
f 277/31/1 276/29/1 262/30/1
f 278/32/1 277/31/1 262/30/1
f 279/33/1 278/32/1 262/30/1
f 279/33/1 262/30/1 261/34/1
f 280/35/1 279/33/1 261/34/1
f 281/36/1 280/35/1 261/34/1
f 282/37/1 281/36/1 261/34/1
f 282/37/1 261/34/1 260/38/1
f 283/39/1 282/37/1 260/38/1
f 284/40/1 283/39/1 260/38/1
f 284/40/1 260/38/1 259/41/1
f 285/42/1 284/40/1 259/41/1
f 286/43/1 285/42/1 259/41/1
f 286/43/1 259/41/1 258/44/1
f 287/45/1 286/43/1 258/44/1
f 287/45/1 258/44/1 257/46/1
f 288/47/1 287/45/1 257/46/1
f 289/48/1 288/47/1 257/46/1
f 289/48/1 257/46/1 256/49/1
f 290/50/1 289/48/1 256/49/1
f 290/50/1 256/49/1 255/51/1
f 291/52/1 290/50/1 255/51/1
f 291/52/1 255/51/1 254/53/1
f 292/54/1 291/52/1 254/53/1
f 293/55/1 292/54/1 254/53/1
f 293/55/1 254/53/1 253/56/1
f 294/57/1 293/55/1 253/56/1
f 295/58/1 294/57/1 253/56/1
f 295/58/1 253/56/1 252/59/1
f 296/60/1 295/58/1 252/59/1
f 297/61/1 296/60/1 252/59/1
f 206/13/1 298/26/1 208/62/1
f 208/62/1 298/26/1 297/61/1
f 208/62/1 297/61/1 252/59/1
f 208/62/1 252/59/1 251/63/1
f 208/62/1 251/63/1 250/64/1
f 208/62/1 250/64/1 249/65/1
f 208/62/1 249/65/1 248/66/1
f 208/62/1 248/66/1 247/67/1
f 208/62/1 247/67/1 246/68/1
f 208/62/1 246/68/1 245/69/1
f 208/62/1 245/69/1 209/70/1
f 209/70/1 245/69/1 210/71/1
f 210/71/1 245/69/1 244/72/1
f 206/13/1 208/62/1 207/73/1
f 211/74/1 210/71/1 244/72/1
f 212/75/1 211/74/1 244/72/1
f 213/76/1 212/75/1 244/72/1
f 213/76/1 244/72/1 243/77/1
f 214/78/1 213/76/1 243/77/1
f 215/79/1 214/78/1 243/77/1
f 215/79/1 243/77/1 242/80/1
f 216/81/1 215/79/1 242/80/1
f 216/81/1 242/80/1 241/82/1
f 217/83/1 216/81/1 241/82/1
f 217/83/1 241/82/1 240/84/1
f 218/85/1 217/83/1 240/84/1
f 218/85/1 240/84/1 239/86/1
f 219/87/1 218/85/1 239/86/1
f 219/87/1 239/86/1 238/88/1
f 220/89/1 219/87/1 238/88/1
f 220/89/1 238/88/1 237/90/1
f 220/89/1 237/90/1 236/91/1
f 221/92/1 220/89/1 236/91/1
f 221/92/1 236/91/1 235/93/1
f 222/94/1 221/92/1 235/93/1
f 222/94/1 235/93/1 234/95/1
f 222/94/1 234/95/1 233/96/1
f 222/94/1 233/96/1 232/97/1
f 222/94/1 232/97/1 231/98/1
f 222/94/1 231/98/1 230/99/1
f 222/94/1 230/99/1 229/100/1
f 222/94/1 229/100/1 228/101/1
f 222/94/1 228/101/1 227/102/1
f 222/94/1 227/102/1 226/103/1
f 222/94/1 226/103/1 225/104/1
f 222/94/1 225/104/1 224/105/1
f 222/94/1 224/105/1 223/106/1
f 352/107/1 351/108/1 350/109/1
f 352/107/1 350/109/1 349/110/1
f 301/111/1 300/112/1 299/113/1
f 301/111/1 299/113/1 376/114/1
f 302/115/1 301/111/1 376/114/1
f 352/107/1 349/110/1 348/116/1
f 303/117/1 302/115/1 376/114/1
f 303/117/1 376/114/1 375/118/1
f 352/107/1 348/116/1 347/119/1
f 353/120/1 352/107/1 347/119/1
f 304/121/1 303/117/1 375/118/1
f 353/120/1 347/119/1 346/122/1
f 305/123/1 304/121/1 375/118/1
f 353/120/1 346/122/1 345/124/1
f 305/123/1 375/118/1 374/125/1
f 306/126/1 305/123/1 374/125/1
f 353/120/1 345/124/1 344/127/1
f 354/128/1 353/120/1 344/127/1
f 307/129/1 306/126/1 374/125/1
f 354/128/1 344/127/1 343/130/1
f 308/131/1 307/129/1 374/125/1
f 354/128/1 343/130/1 342/132/1
f 308/131/1 374/125/1 373/133/1
f 309/134/1 308/131/1 373/133/1
f 354/128/1 342/132/1 341/135/1
f 310/136/1 309/134/1 373/133/1
f 355/137/1 354/128/1 341/135/1
f 355/137/1 341/135/1 340/138/1
f 311/139/1 310/136/1 373/133/1
f 355/137/1 340/138/1 339/140/1
f 355/137/1 339/140/1 338/141/1
f 312/142/1 311/139/1 373/133/1
f 312/142/1 373/133/1 372/143/1
f 355/137/1 338/141/1 337/144/1
f 313/145/1 312/142/1 372/143/1
f 355/137/1 337/144/1 336/146/1
f 356/147/1 355/137/1 336/146/1
f 314/148/1 313/145/1 372/143/1
f 356/147/1 336/146/1 335/149/1
f 315/150/1 314/148/1 372/143/1
f 315/150/1 372/143/1 371/151/1
f 356/147/1 335/149/1 334/152/1
f 316/153/1 315/150/1 371/151/1
f 317/154/1 316/153/1 371/151/1
f 356/147/1 334/152/1 333/155/1
f 318/156/1 317/154/1 371/151/1
f 356/147/1 333/155/1 332/157/1
f 357/158/1 356/147/1 332/157/1
f 319/159/1 318/156/1 371/151/1
f 357/158/1 332/157/1 331/160/1
f 320/161/1 319/159/1 371/151/1
f 357/158/1 331/160/1 330/162/1
f 320/161/1 371/151/1 370/163/1
f 321/164/1 320/161/1 370/163/1
f 357/158/1 330/162/1 329/165/1
f 322/166/1 321/164/1 370/163/1
f 357/158/1 329/165/1 328/167/1
f 323/168/1 322/166/1 370/163/1
f 357/158/1 328/167/1 327/169/1
f 324/170/1 323/168/1 370/163/1
f 357/158/1 327/169/1 326/171/1
f 325/172/1 324/170/1 370/163/1
f 357/158/1 326/171/1 325/172/1
f 357/158/1 325/172/1 370/163/1
f 358/173/1 357/158/1 370/163/1
f 358/173/1 370/163/1 369/174/1
f 359/175/1 358/173/1 369/174/1
f 359/175/1 369/174/1 368/176/1
f 360/177/1 359/175/1 368/176/1
f 360/177/1 368/176/1 367/178/1
f 361/179/1 360/177/1 367/178/1
f 361/179/1 367/178/1 366/180/1
f 362/181/1 361/179/1 366/180/1
f 362/181/1 366/180/1 365/182/1
f 363/183/1 362/181/1 365/182/1
f 363/183/1 365/182/1 364/184/1
f 390/185/1 389/186/1 388/187/1
f 390/185/1 388/187/1 387/188/1
f 391/189/1 390/185/1 387/188/1
f 391/189/1 387/188/1 386/190/1
f 392/191/1 391/189/1 386/190/1
f 392/191/1 386/190/1 385/192/1
f 393/193/1 392/191/1 385/192/1
f 394/194/1 393/193/1 385/192/1
f 394/194/1 385/192/1 384/195/1
f 395/196/1 394/194/1 384/195/1
f 395/196/1 384/195/1 461/197/1
f 461/197/1 384/195/1 383/198/1
f 395/196/1 461/197/1 460/199/1
f 462/200/1 461/197/1 383/198/1
f 395/196/1 460/199/1 459/201/1
f 463/202/1 462/200/1 383/198/1
f 396/203/1 395/196/1 459/201/1
f 463/202/1 383/198/1 382/204/1
f 396/203/1 459/201/1 458/205/1
f 464/206/1 463/202/1 382/204/1
f 396/203/1 458/205/1 457/207/1
f 465/208/1 464/206/1 382/204/1
f 396/203/1 457/207/1 456/209/1
f 466/210/1 465/208/1 382/204/1
f 397/211/1 396/203/1 456/209/1
f 466/210/1 382/204/1 381/212/1
f 397/211/1 456/209/1 455/213/1
f 467/214/1 466/210/1 381/212/1
f 397/211/1 455/213/1 454/215/1
f 468/216/1 467/214/1 381/212/1
f 398/217/1 397/211/1 454/215/1
f 468/216/1 381/212/1 380/218/1
f 398/217/1 454/215/1 453/219/1
f 469/220/1 468/216/1 380/218/1
f 399/221/1 398/217/1 453/219/1
f 469/220/1 380/218/1 379/222/1
f 399/221/1 453/219/1 452/223/1
f 470/224/1 469/220/1 379/222/1
f 399/221/1 452/223/1 451/225/1
f 471/226/1 470/224/1 379/222/1
f 400/227/1 399/221/1 451/225/1
f 471/226/1 379/222/1 378/228/1
f 400/227/1 451/225/1 450/229/1
f 472/230/1 471/226/1 378/228/1
f 401/231/1 400/227/1 450/229/1
f 472/230/1 378/228/1 377/232/1
f 401/231/1 450/229/1 449/233/1
f 425/234/1 472/230/1 377/232/1
f 402/235/1 401/231/1 449/233/1
f 402/235/1 449/233/1 448/236/1
f 426/237/1 425/234/1 377/232/1
f 426/237/1 377/232/1 424/238/1
f 402/235/1 448/236/1 447/239/1
f 427/240/1 426/237/1 424/238/1
f 403/241/1 402/235/1 447/239/1
f 427/240/1 424/238/1 423/242/1
f 403/241/1 447/239/1 446/243/1
f 428/244/1 427/240/1 423/242/1
f 404/245/1 403/241/1 446/243/1
f 428/244/1 423/242/1 422/246/1
f 429/247/1 428/244/1 422/246/1
f 404/245/1 446/243/1 445/248/1
f 430/249/1 429/247/1 422/246/1
f 404/245/1 445/248/1 444/250/1
f 405/251/1 404/245/1 444/250/1
f 430/249/1 422/246/1 421/252/1
f 431/253/1 430/249/1 421/252/1
f 405/251/1 444/250/1 443/254/1
f 406/255/1 405/251/1 443/254/1
f 431/253/1 421/252/1 420/256/1
f 432/257/1 431/253/1 420/256/1
f 406/255/1 443/254/1 442/258/1
f 433/259/1 432/257/1 420/256/1
f 406/255/1 442/258/1 441/260/1
f 407/261/1 406/255/1 441/260/1
f 433/259/1 420/256/1 419/262/1
f 434/263/1 433/259/1 419/262/1
f 407/261/1 441/260/1 440/264/1
f 435/265/1 434/263/1 419/262/1
f 407/261/1 440/264/1 439/266/1
f 436/267/1 435/265/1 419/262/1
f 407/261/1 439/266/1 438/268/1
f 408/269/1 407/261/1 438/268/1
f 436/267/1 419/262/1 418/270/1
f 437/271/1 436/267/1 418/270/1
f 408/269/1 438/268/1 437/271/1
f 408/269/1 437/271/1 418/270/1
f 409/272/1 408/269/1 418/270/1
f 409/272/1 418/270/1 417/273/1
f 410/274/1 409/272/1 417/273/1
f 410/274/1 417/273/1 416/275/1
f 411/276/1 410/274/1 416/275/1
f 411/276/1 416/275/1 415/277/1
f 412/278/1 411/276/1 415/277/1
f 412/278/1 415/277/1 414/279/1
f 413/280/1 412/278/1 414/279/1
f 499/281/1 498/282/1 497/283/1
f 500/284/1 499/281/1 497/283/1
f 501/285/1 500/284/1 497/283/1
f 501/285/1 497/283/1 496/286/1
f 502/287/1 501/285/1 496/286/1
f 502/287/1 496/286/1 495/288/1
f 503/289/1 502/287/1 495/288/1
f 504/290/1 503/289/1 495/288/1
f 504/290/1 495/288/1 494/291/1
f 505/292/1 504/290/1 494/291/1
f 506/293/1 505/292/1 494/291/1
f 506/293/1 494/291/1 493/294/1
f 507/295/1 506/293/1 493/294/1
f 508/296/1 507/295/1 493/294/1
f 508/296/1 493/294/1 492/297/1
f 509/298/1 508/296/1 492/297/1
f 510/299/1 509/298/1 492/297/1
f 510/299/1 492/297/1 491/300/1
f 511/301/1 510/299/1 512/302/1
f 512/302/1 510/299/1 513/303/1
f 513/303/1 510/299/1 514/304/1
f 514/304/1 510/299/1 515/305/1
f 515/305/1 510/299/1 516/306/1
f 516/306/1 510/299/1 517/307/1
f 517/307/1 510/299/1 518/308/1
f 518/308/1 510/299/1 519/309/1
f 519/309/1 510/299/1 520/310/1
f 520/310/1 510/299/1 521/311/1
f 521/311/1 510/299/1 522/312/1
f 522/312/1 510/299/1 491/300/1
f 522/312/1 491/300/1 523/313/1
f 523/313/1 491/300/1 490/314/1
f 524/315/1 523/313/1 490/314/1
f 525/316/1 524/315/1 490/314/1
f 526/317/1 525/316/1 490/314/1
f 526/317/1 490/314/1 489/318/1
f 527/319/1 526/317/1 489/318/1
f 528/320/1 527/319/1 489/318/1
f 529/321/1 528/320/1 489/318/1
f 529/321/1 489/318/1 488/322/1
f 530/323/1 529/321/1 488/322/1
f 531/324/1 530/323/1 488/322/1
f 531/324/1 488/322/1 487/325/1
f 532/326/1 531/324/1 487/325/1
f 533/327/1 532/326/1 487/325/1
f 533/327/1 487/325/1 486/328/1
f 534/329/1 533/327/1 486/328/1
f 535/330/1 534/329/1 486/328/1
f 535/330/1 486/328/1 485/331/1
f 536/332/1 535/330/1 485/331/1
f 537/333/1 536/332/1 485/331/1
f 537/333/1 485/331/1 484/334/1
f 538/335/1 537/333/1 484/334/1
f 539/336/1 538/335/1 484/334/1
f 539/336/1 484/334/1 483/337/1
f 540/338/1 539/336/1 483/337/1
f 541/339/1 540/338/1 483/337/1
f 541/339/1 483/337/1 482/340/1
f 542/341/1 541/339/1 482/340/1
f 543/342/1 542/341/1 482/340/1
f 544/343/1 543/342/1 482/340/1
f 544/343/1 482/340/1 481/344/1
f 545/345/1 544/343/1 481/344/1
f 546/346/1 545/345/1 481/344/1
f 546/346/1 481/344/1 480/347/1
f 547/348/1 546/346/1 480/347/1
f 548/349/1 547/348/1 480/347/1
f 548/349/1 480/347/1 479/350/1
f 549/351/1 548/349/1 479/350/1
f 549/351/1 479/350/1 478/352/1
f 550/353/1 549/351/1 478/352/1
f 550/353/1 478/352/1 477/354/1
f 551/355/1 550/353/1 477/354/1
f 552/356/1 551/355/1 477/354/1
f 552/356/1 477/354/1 476/357/1
f 553/358/1 552/356/1 476/357/1
f 553/358/1 476/357/1 475/359/1
f 554/360/1 553/358/1 475/359/1
f 554/360/1 475/359/1 474/361/1
f 555/362/1 554/360/1 474/361/1
f 556/363/1 555/362/1 474/361/1
f 556/363/1 474/361/1 473/364/1
f 556/363/1 473/364/1 561/365/1
f 557/366/1 556/363/1 561/365/1
f 558/367/1 557/366/1 561/365/1
f 559/368/1 558/367/1 561/365/1
f 560/369/1 559/368/1 561/365/1
f 563/370/1 562/371/1 634/372/1
f 564/373/1 563/370/1 634/372/1
f 565/374/1 564/373/1 634/372/1
f 565/374/1 634/372/1 633/375/1
f 565/374/1 633/375/1 632/376/1
f 566/377/1 565/374/1 632/376/1
f 566/377/1 632/376/1 631/378/1
f 566/377/1 631/378/1 630/379/1
f 567/380/1 566/377/1 630/379/1
f 567/380/1 630/379/1 629/381/1
f 567/380/1 629/381/1 628/382/1
f 568/383/1 567/380/1 628/382/1
f 568/383/1 628/382/1 627/384/1
f 568/383/1 627/384/1 626/385/1
f 569/386/1 568/383/1 626/385/1
f 569/386/1 626/385/1 625/387/1
f 570/388/1 569/386/1 625/387/1
f 570/388/1 625/387/1 624/389/1
f 570/388/1 624/389/1 623/390/1
f 571/391/1 570/388/1 623/390/1
f 611/392/1 610/393/1 609/394/1
f 612/395/1 611/392/1 609/394/1
f 613/396/1 612/395/1 609/394/1
f 613/396/1 609/394/1 608/397/1
f 614/398/1 613/396/1 608/397/1
f 615/399/1 614/398/1 608/397/1
f 571/391/1 623/390/1 622/400/1
f 616/401/1 615/399/1 608/397/1
f 616/401/1 608/397/1 607/402/1
f 617/403/1 616/401/1 607/402/1
f 618/404/1 617/403/1 607/402/1
f 619/405/1 618/404/1 607/402/1
f 619/405/1 607/402/1 606/406/1
f 620/407/1 619/405/1 606/406/1
f 621/408/1 620/407/1 606/406/1
f 622/400/1 621/408/1 606/406/1
f 622/400/1 606/406/1 605/409/1
f 571/391/1 622/400/1 605/409/1
f 572/410/1 571/391/1 605/409/1
f 572/410/1 605/409/1 604/411/1
f 572/410/1 604/411/1 603/412/1
f 573/413/1 572/410/1 644/414/1
f 644/414/1 572/410/1 645/415/1
f 645/415/1 572/410/1 603/412/1
f 645/415/1 603/412/1 646/416/1
f 646/416/1 603/412/1 647/417/1
f 647/417/1 603/412/1 602/418/1
f 648/419/1 647/417/1 602/418/1
f 649/420/1 648/419/1 602/418/1
f 573/413/1 644/414/1 643/421/1
f 573/413/1 643/421/1 642/422/1
f 650/423/1 649/420/1 602/418/1
f 650/423/1 602/418/1 601/424/1
f 573/413/1 642/422/1 641/425/1
f 573/413/1 641/425/1 640/426/1
f 651/427/1 650/423/1 601/424/1
f 573/413/1 640/426/1 639/428/1
f 652/429/1 651/427/1 601/424/1
f 573/413/1 639/428/1 638/430/1
f 573/413/1 638/430/1 637/431/1
f 653/432/1 652/429/1 601/424/1
f 573/413/1 637/431/1 636/433/1
f 574/434/1 573/413/1 636/433/1
f 653/432/1 601/424/1 600/435/1
f 574/434/1 636/433/1 635/436/1
f 654/437/1 653/432/1 600/435/1
f 574/434/1 635/436/1 682/438/1
f 655/439/1 654/437/1 600/435/1
f 656/440/1 655/439/1 600/435/1
f 656/440/1 600/435/1 599/441/1
f 574/434/1 682/438/1 681/442/1
f 657/443/1 656/440/1 599/441/1
f 575/444/1 574/434/1 681/442/1
f 658/445/1 657/443/1 599/441/1
f 658/445/1 599/441/1 598/446/1
f 575/444/1 681/442/1 680/447/1
f 659/448/1 658/445/1 598/446/1
f 576/449/1 575/444/1 680/447/1
f 660/450/1 659/448/1 598/446/1
f 660/450/1 598/446/1 597/451/1
f 576/449/1 680/447/1 679/452/1
f 661/453/1 660/450/1 597/451/1
f 576/449/1 679/452/1 678/454/1
f 661/453/1 597/451/1 596/455/1
f 577/456/1 576/449/1 678/454/1
f 662/457/1 661/453/1 596/455/1
f 663/458/1 662/457/1 596/455/1
f 577/456/1 678/454/1 677/459/1
f 663/458/1 596/455/1 595/460/1
f 664/461/1 663/458/1 595/460/1
f 578/462/1 577/456/1 677/459/1
f 578/462/1 677/459/1 676/463/1
f 665/464/1 664/461/1 595/460/1
f 578/462/1 676/463/1 675/465/1
f 665/464/1 595/460/1 594/466/1
f 666/467/1 665/464/1 594/466/1
f 579/468/1 578/462/1 675/465/1
f 579/468/1 675/465/1 674/469/1
f 667/470/1 666/467/1 594/466/1
f 668/471/1 667/470/1 594/466/1
f 579/468/1 674/469/1 673/472/1
f 668/471/1 594/466/1 593/473/1
f 669/474/1 668/471/1 593/473/1
f 579/468/1 673/472/1 672/475/1
f 670/476/1 669/474/1 593/473/1
f 579/468/1 672/475/1 671/477/1
f 671/477/1 670/476/1 593/473/1
f 579/468/1 671/477/1 593/473/1
f 580/478/1 579/468/1 593/473/1
f 580/478/1 593/473/1 592/479/1
f 581/480/1 580/478/1 592/479/1
f 581/480/1 592/479/1 591/481/1
f 582/482/1 581/480/1 591/481/1
f 582/482/1 591/481/1 590/483/1
f 583/484/1 582/482/1 590/483/1
f 583/484/1 590/483/1 589/485/1
f 584/486/1 583/484/1 589/485/1
f 584/486/1 589/485/1 588/487/1
f 585/488/1 584/486/1 588/487/1
f 585/488/1 588/487/1 587/489/1
f 586/490/1 585/488/1 587/489/1
f 38/491/1 37/492/1 36/493/1
f 39/494/1 38/491/1 36/493/1
f 39/494/1 36/493/1 35/495/1
f 40/496/1 39/494/1 35/495/1
f 40/496/1 35/495/1 34/497/1
f 41/498/1 40/496/1 34/497/1
f 41/498/1 34/497/1 33/499/1
f 42/500/1 41/498/1 33/499/1
f 42/500/1 33/499/1 32/501/1
f 43/502/1 42/500/1 32/501/1
f 43/502/1 32/501/1 31/503/1
f 44/504/1 43/502/1 31/503/1
f 44/504/1 31/503/1 30/505/1
f 45/506/1 44/504/1 30/505/1
f 45/506/1 30/505/1 133/507/1
f 133/507/1 30/505/1 29/508/1
f 45/506/1 133/507/1 132/509/1
f 134/510/1 133/507/1 29/508/1
f 45/506/1 132/509/1 131/511/1
f 135/512/1 134/510/1 29/508/1
f 46/513/1 45/506/1 131/511/1
f 46/513/1 131/511/1 130/514/1
f 135/512/1 29/508/1 28/515/1
f 136/516/1 135/512/1 28/515/1
f 46/513/1 130/514/1 129/517/1
f 137/518/1 136/516/1 28/515/1
f 46/513/1 129/517/1 128/519/1
f 138/520/1 137/518/1 28/515/1
f 46/513/1 128/519/1 127/521/1
f 139/522/1 138/520/1 28/515/1
f 47/523/1 46/513/1 127/521/1
f 139/522/1 28/515/1 27/524/1
f 47/523/1 127/521/1 126/525/1
f 140/526/1 139/522/1 27/524/1
f 47/523/1 126/525/1 125/527/1
f 141/528/1 140/526/1 27/524/1
f 47/523/1 125/527/1 124/529/1
f 48/530/1 47/523/1 124/529/1
f 142/531/1 141/528/1 27/524/1
f 142/531/1 27/524/1 26/532/1
f 48/530/1 124/529/1 123/533/1
f 143/534/1 142/531/1 26/532/1
f 48/530/1 123/533/1 122/535/1
f 144/536/1 143/534/1 26/532/1
f 49/537/1 48/530/1 122/535/1
f 144/536/1 26/532/1 25/538/1
f 49/537/1 122/535/1 121/539/1
f 97/540/1 144/536/1 25/538/1
f 49/537/1 121/539/1 120/541/1
f 50/542/1 49/537/1 120/541/1
f 98/543/1 97/540/1 25/538/1
f 98/543/1 25/538/1 24/544/1
f 50/542/1 120/541/1 119/545/1
f 99/546/1 98/543/1 24/544/1
f 51/547/1 50/542/1 119/545/1
f 99/546/1 24/544/1 23/548/1
f 51/547/1 119/545/1 118/549/1
f 100/550/1 99/546/1 23/548/1
f 100/550/1 23/548/1 22/551/1
f 52/552/1 51/547/1 118/549/1
f 52/552/1 118/549/1 117/553/1
f 101/554/1 100/550/1 22/551/1
f 101/554/1 22/551/1 21/555/1
f 53/556/1 52/552/1 117/553/1
f 53/556/1 117/553/1 116/557/1
f 102/558/1 101/554/1 21/555/1
f 54/559/1 53/556/1 116/557/1
f 102/558/1 21/555/1 20/560/1
f 54/559/1 116/557/1 115/561/1
f 103/562/1 102/558/1 20/560/1
f 55/563/1 54/559/1 115/561/1
f 103/562/1 20/560/1 19/564/1
f 55/563/1 115/561/1 114/565/1
f 104/566/1 103/562/1 19/564/1
f 55/563/1 114/565/1 113/567/1
f 105/568/1 104/566/1 19/564/1
f 56/569/1 55/563/1 113/567/1
f 105/568/1 19/564/1 18/570/1
f 56/569/1 113/567/1 112/571/1
f 106/572/1 105/568/1 18/570/1
f 57/573/1 56/569/1 112/571/1
f 57/573/1 112/571/1 111/574/1
f 107/575/1 106/572/1 18/570/1
f 107/575/1 18/570/1 17/576/1
f 57/573/1 111/574/1 110/577/1
f 108/578/1 107/575/1 17/576/1
f 57/573/1 110/577/1 109/579/1
f 109/579/1 108/578/1 17/576/1
f 57/573/1 109/579/1 17/576/1
f 58/580/1 57/573/1 17/576/1
f 58/580/1 17/576/1 16/581/1
f 59/582/1 58/580/1 16/581/1
f 59/582/1 16/581/1 15/583/1
f 60/584/1 59/582/1 15/583/1
f 60/584/1 15/583/1 14/585/1
f 61/586/1 60/584/1 14/585/1
f 61/586/1 14/585/1 13/587/1
f 62/588/1 61/586/1 13/587/1
f 62/588/1 13/587/1 12/589/1
f 63/590/1 62/588/1 12/589/1
f 63/590/1 12/589/1 11/591/1
f 64/592/1 63/590/1 11/591/1
f 64/592/1 11/591/1 10/593/1
f 65/594/1 64/592/1 10/593/1
f 65/594/1 10/593/1 9/595/1
f 66/596/1 65/594/1 181/597/1
f 181/597/1 65/594/1 9/595/1
f 181/597/1 9/595/1 8/598/1
f 66/596/1 181/597/1 180/599/1
f 182/600/1 181/597/1 8/598/1
f 66/596/1 180/599/1 179/601/1
f 183/602/1 182/600/1 8/598/1
f 66/596/1 179/601/1 178/603/1
f 184/604/1 183/602/1 8/598/1
f 67/605/1 66/596/1 178/603/1
f 67/605/1 178/603/1 177/606/1
f 185/607/1 184/604/1 8/598/1
f 185/607/1 8/598/1 7/608/1
f 67/605/1 177/606/1 176/609/1
f 186/610/1 185/607/1 7/608/1
f 68/611/1 67/605/1 176/609/1
f 68/611/1 176/609/1 175/612/1
f 187/613/1 186/610/1 7/608/1
f 187/613/1 7/608/1 6/614/1
f 68/611/1 175/612/1 174/615/1
f 188/616/1 187/613/1 6/614/1
f 69/617/1 68/611/1 174/615/1
f 188/616/1 6/614/1 5/618/1
f 69/617/1 174/615/1 173/619/1
f 189/620/1 188/616/1 5/618/1
f 70/621/1 69/617/1 173/619/1
f 70/621/1 173/619/1 172/622/1
f 189/620/1 5/618/1 4/623/1
f 190/624/1 189/620/1 4/623/1
f 70/621/1 172/622/1 171/625/1
f 71/626/1 70/621/1 171/625/1
f 191/627/1 190/624/1 4/623/1
f 191/627/1 4/623/1 3/628/1
f 71/626/1 171/625/1 170/629/1
f 192/630/1 191/627/1 3/628/1
f 72/631/1 71/626/1 170/629/1
f 192/630/1 3/628/1 2/632/1
f 72/631/1 170/629/1 169/633/1
f 145/634/1 192/630/1 2/632/1
f 73/635/1 72/631/1 169/633/1
f 145/634/1 2/632/1 1/636/1
f 73/635/1 169/633/1 168/637/1
f 146/638/1 145/634/1 1/636/1
f 74/639/1 73/635/1 168/637/1
f 146/638/1 1/636/1 96/640/1
f 147/641/1 146/638/1 96/640/1
f 74/639/1 168/637/1 167/642/1
f 148/643/1 147/641/1 96/640/1
f 74/639/1 167/642/1 166/644/1
f 75/645/1 74/639/1 166/644/1
f 148/643/1 96/640/1 95/646/1
f 149/647/1 148/643/1 95/646/1
f 75/645/1 166/644/1 165/648/1
f 150/649/1 149/647/1 95/646/1
f 75/645/1 165/648/1 164/650/1
f 76/651/1 75/645/1 164/650/1
f 150/649/1 95/646/1 94/652/1
f 151/653/1 150/649/1 94/652/1
f 76/651/1 164/650/1 163/654/1
f 152/655/1 151/653/1 94/652/1
f 76/651/1 163/654/1 162/656/1
f 77/657/1 76/651/1 162/656/1
f 152/655/1 94/652/1 93/658/1
f 153/659/1 152/655/1 93/658/1
f 77/657/1 162/656/1 161/660/1
f 154/661/1 153/659/1 93/658/1
f 77/657/1 161/660/1 160/662/1
f 155/663/1 154/661/1 93/658/1
f 77/657/1 160/662/1 159/664/1
f 156/665/1 155/663/1 93/658/1
f 77/657/1 159/664/1 158/666/1
f 78/667/1 77/657/1 158/666/1
f 156/665/1 93/658/1 92/668/1
f 157/669/1 156/665/1 92/668/1
f 78/667/1 158/666/1 157/669/1
f 78/667/1 157/669/1 92/668/1
f 79/670/1 78/667/1 92/668/1
f 79/670/1 92/668/1 91/671/1
f 80/672/1 79/670/1 91/671/1
f 80/672/1 91/671/1 90/673/1
f 81/674/1 80/672/1 90/673/1
f 81/674/1 90/673/1 89/675/1
f 82/676/1 81/674/1 89/675/1
f 82/676/1 89/675/1 88/677/1
f 83/678/1 82/676/1 88/677/1
f 83/678/1 88/677/1 87/679/1
f 84/680/1 83/678/1 87/679/1
f 84/680/1 87/679/1 86/681/1
f 85/682/1 84/680/1 86/681/1
f 881/1/2 879/3/2 880/2/2
f 881/1/2 878/4/2 879/3/2
f 877/5/2 875/7/2 876/6/2
f 877/5/2 886/8/2 875/7/2
f 881/1/2 883/9/2 878/4/2
f 883/9/2 877/5/2 878/4/2
f 883/9/2 884/10/2 877/5/2
f 884/10/2 886/8/2 877/5/2
f 881/1/2 882/11/2 883/9/2
f 885/12/2 886/8/2 884/10/2
f 888/13/2 954/15/2 887/14/2
f 954/15/2 953/16/2 887/14/2
f 954/15/2 952/17/2 953/16/2
f 954/15/2 951/18/2 952/17/2
f 954/15/2 950/19/2 951/18/2
f 954/15/2 949/20/2 950/19/2
f 954/15/2 948/21/2 949/20/2
f 954/15/2 947/22/2 948/21/2
f 954/15/2 946/23/2 947/22/2
f 954/15/2 955/24/2 946/23/2
f 955/24/2 945/25/2 946/23/2
f 888/13/2 980/26/2 954/15/2
f 956/27/2 945/25/2 955/24/2
f 957/28/2 945/25/2 956/27/2
f 958/29/2 945/25/2 957/28/2
f 958/29/2 944/30/2 945/25/2
f 959/31/2 944/30/2 958/29/2
f 960/32/2 944/30/2 959/31/2
f 961/33/2 944/30/2 960/32/2
f 961/33/2 943/34/2 944/30/2
f 962/35/2 943/34/2 961/33/2
f 963/36/2 943/34/2 962/35/2
f 964/37/2 943/34/2 963/36/2
f 964/37/2 942/38/2 943/34/2
f 965/39/2 942/38/2 964/37/2
f 966/40/2 942/38/2 965/39/2
f 966/40/2 941/41/2 942/38/2
f 967/42/2 941/41/2 966/40/2
f 968/43/2 941/41/2 967/42/2
f 968/43/2 940/44/2 941/41/2
f 969/45/2 940/44/2 968/43/2
f 969/45/2 939/46/2 940/44/2
f 970/47/2 939/46/2 969/45/2
f 971/48/2 939/46/2 970/47/2
f 971/48/2 938/49/2 939/46/2
f 972/50/2 938/49/2 971/48/2
f 972/50/2 937/51/2 938/49/2
f 973/52/2 937/51/2 972/50/2
f 973/52/2 936/53/2 937/51/2
f 974/54/2 936/53/2 973/52/2
f 975/55/2 936/53/2 974/54/2
f 975/55/2 935/56/2 936/53/2
f 976/57/2 935/56/2 975/55/2
f 977/58/2 935/56/2 976/57/2
f 977/58/2 934/59/2 935/56/2
f 978/60/2 934/59/2 977/58/2
f 979/61/2 934/59/2 978/60/2
f 888/13/2 890/62/2 980/26/2
f 890/62/2 979/61/2 980/26/2
f 890/62/2 934/59/2 979/61/2
f 890/62/2 933/63/2 934/59/2
f 890/62/2 932/64/2 933/63/2
f 890/62/2 931/65/2 932/64/2
f 890/62/2 930/66/2 931/65/2
f 890/62/2 929/67/2 930/66/2
f 890/62/2 928/68/2 929/67/2
f 890/62/2 927/69/2 928/68/2
f 890/62/2 891/70/2 927/69/2
f 891/70/2 892/71/2 927/69/2
f 892/71/2 926/72/2 927/69/2
f 888/13/2 889/73/2 890/62/2
f 893/74/2 926/72/2 892/71/2
f 894/75/2 926/72/2 893/74/2
f 895/76/2 926/72/2 894/75/2
f 895/76/2 925/77/2 926/72/2
f 896/78/2 925/77/2 895/76/2
f 897/79/2 925/77/2 896/78/2
f 897/79/2 924/80/2 925/77/2
f 898/81/2 924/80/2 897/79/2
f 898/81/2 923/82/2 924/80/2
f 899/83/2 923/82/2 898/81/2
f 899/83/2 922/84/2 923/82/2
f 900/85/2 922/84/2 899/83/2
f 900/85/2 921/86/2 922/84/2
f 901/87/2 921/86/2 900/85/2
f 901/87/2 920/88/2 921/86/2
f 902/89/2 920/88/2 901/87/2
f 902/89/2 919/90/2 920/88/2
f 902/89/2 918/91/2 919/90/2
f 903/92/2 918/91/2 902/89/2
f 903/92/2 917/93/2 918/91/2
f 904/94/2 917/93/2 903/92/2
f 904/94/2 916/95/2 917/93/2
f 904/94/2 915/96/2 916/95/2
f 904/94/2 914/97/2 915/96/2
f 904/94/2 913/98/2 914/97/2
f 904/94/2 912/99/2 913/98/2
f 904/94/2 911/100/2 912/99/2
f 904/94/2 910/101/2 911/100/2
f 904/94/2 909/102/2 910/101/2
f 904/94/2 908/103/2 909/102/2
f 904/94/2 907/104/2 908/103/2
f 904/94/2 906/105/2 907/104/2
f 904/94/2 905/106/2 906/105/2
f 1034/107/2 1032/109/2 1033/108/2
f 1034/107/2 1031/110/2 1032/109/2
f 983/111/2 981/113/2 982/112/2
f 983/111/2 1058/114/2 981/113/2
f 984/115/2 1058/114/2 983/111/2
f 1034/107/2 1030/116/2 1031/110/2
f 985/117/2 1058/114/2 984/115/2
f 985/117/2 1057/118/2 1058/114/2
f 1034/107/2 1029/119/2 1030/116/2
f 1035/120/2 1029/119/2 1034/107/2
f 986/121/2 1057/118/2 985/117/2
f 1035/120/2 1028/122/2 1029/119/2
f 987/123/2 1057/118/2 986/121/2
f 1035/120/2 1027/124/2 1028/122/2
f 987/123/2 1056/125/2 1057/118/2
f 988/126/2 1056/125/2 987/123/2
f 1035/120/2 1026/127/2 1027/124/2
f 1036/128/2 1026/127/2 1035/120/2
f 989/129/2 1056/125/2 988/126/2
f 1036/128/2 1025/130/2 1026/127/2
f 990/131/2 1056/125/2 989/129/2
f 1036/128/2 1024/132/2 1025/130/2
f 990/131/2 1055/133/2 1056/125/2
f 991/134/2 1055/133/2 990/131/2
f 1036/128/2 1023/135/2 1024/132/2
f 992/136/2 1055/133/2 991/134/2
f 1037/137/2 1023/135/2 1036/128/2
f 1037/137/2 1022/138/2 1023/135/2
f 993/139/2 1055/133/2 992/136/2
f 1037/137/2 1021/140/2 1022/138/2
f 1037/137/2 1020/141/2 1021/140/2
f 994/142/2 1055/133/2 993/139/2
f 994/142/2 1054/143/2 1055/133/2
f 1037/137/2 1019/144/2 1020/141/2
f 995/145/2 1054/143/2 994/142/2
f 1037/137/2 1018/146/2 1019/144/2
f 1038/147/2 1018/146/2 1037/137/2
f 996/148/2 1054/143/2 995/145/2
f 1038/147/2 1017/149/2 1018/146/2
f 997/150/2 1054/143/2 996/148/2
f 997/150/2 1053/151/2 1054/143/2
f 1038/147/2 1016/152/2 1017/149/2
f 998/153/2 1053/151/2 997/150/2
f 999/154/2 1053/151/2 998/153/2
f 1038/147/2 1015/155/2 1016/152/2
f 1000/156/2 1053/151/2 999/154/2
f 1038/147/2 1014/157/2 1015/155/2
f 1039/158/2 1014/157/2 1038/147/2
f 1001/159/2 1053/151/2 1000/156/2
f 1039/158/2 1013/160/2 1014/157/2
f 1002/161/2 1053/151/2 1001/159/2
f 1039/158/2 1012/162/2 1013/160/2
f 1002/161/2 1052/163/2 1053/151/2
f 1003/164/2 1052/163/2 1002/161/2
f 1039/158/2 1011/165/2 1012/162/2
f 1004/166/2 1052/163/2 1003/164/2
f 1039/158/2 1010/167/2 1011/165/2
f 1005/168/2 1052/163/2 1004/166/2
f 1039/158/2 1009/169/2 1010/167/2
f 1006/170/2 1052/163/2 1005/168/2
f 1039/158/2 1008/171/2 1009/169/2
f 1007/172/2 1052/163/2 1006/170/2
f 1039/158/2 1007/172/2 1008/171/2
f 1039/158/2 1052/163/2 1007/172/2
f 1040/173/2 1052/163/2 1039/158/2
f 1040/173/2 1051/174/2 1052/163/2
f 1041/175/2 1051/174/2 1040/173/2
f 1041/175/2 1050/176/2 1051/174/2
f 1042/177/2 1050/176/2 1041/175/2
f 1042/177/2 1049/178/2 1050/176/2
f 1043/179/2 1049/178/2 1042/177/2
f 1043/179/2 1048/180/2 1049/178/2
f 1044/181/2 1048/180/2 1043/179/2
f 1044/181/2 1047/182/2 1048/180/2
f 1045/183/2 1047/182/2 1044/181/2
f 1045/183/2 1046/184/2 1047/182/2
f 1072/185/2 1070/187/2 1071/186/2
f 1072/185/2 1069/188/2 1070/187/2
f 1073/189/2 1069/188/2 1072/185/2
f 1073/189/2 1068/190/2 1069/188/2
f 1074/191/2 1068/190/2 1073/189/2
f 1074/191/2 1067/192/2 1068/190/2
f 1075/193/2 1067/192/2 1074/191/2
f 1076/194/2 1067/192/2 1075/193/2
f 1076/194/2 1066/195/2 1067/192/2
f 1077/196/2 1066/195/2 1076/194/2
f 1077/196/2 1143/197/2 1066/195/2
f 1143/197/2 1065/198/2 1066/195/2
f 1077/196/2 1142/199/2 1143/197/2
f 1144/200/2 1065/198/2 1143/197/2
f 1077/196/2 1141/201/2 1142/199/2
f 1145/202/2 1065/198/2 1144/200/2
f 1078/203/2 1141/201/2 1077/196/2
f 1145/202/2 1064/204/2 1065/198/2
f 1078/203/2 1140/205/2 1141/201/2
f 1146/206/2 1064/204/2 1145/202/2
f 1078/203/2 1139/207/2 1140/205/2
f 1147/208/2 1064/204/2 1146/206/2
f 1078/203/2 1138/209/2 1139/207/2
f 1148/210/2 1064/204/2 1147/208/2
f 1079/211/2 1138/209/2 1078/203/2
f 1148/210/2 1063/212/2 1064/204/2
f 1079/211/2 1137/213/2 1138/209/2
f 1149/214/2 1063/212/2 1148/210/2
f 1079/211/2 1136/215/2 1137/213/2
f 1150/216/2 1063/212/2 1149/214/2
f 1080/217/2 1136/215/2 1079/211/2
f 1150/216/2 1062/218/2 1063/212/2
f 1080/217/2 1135/219/2 1136/215/2
f 1151/220/2 1062/218/2 1150/216/2
f 1081/221/2 1135/219/2 1080/217/2
f 1151/220/2 1061/222/2 1062/218/2
f 1081/221/2 1134/223/2 1135/219/2
f 1152/224/2 1061/222/2 1151/220/2
f 1081/221/2 1133/225/2 1134/223/2
f 1153/226/2 1061/222/2 1152/224/2
f 1082/227/2 1133/225/2 1081/221/2
f 1153/226/2 1060/228/2 1061/222/2
f 1082/227/2 1132/229/2 1133/225/2
f 1154/230/2 1060/228/2 1153/226/2
f 1083/231/2 1132/229/2 1082/227/2
f 1154/230/2 1059/232/2 1060/228/2
f 1083/231/2 1131/233/2 1132/229/2
f 1107/234/2 1059/232/2 1154/230/2
f 1084/235/2 1131/233/2 1083/231/2
f 1084/235/2 1130/236/2 1131/233/2
f 1108/237/2 1059/232/2 1107/234/2
f 1108/237/2 1106/238/2 1059/232/2
f 1084/235/2 1129/239/2 1130/236/2
f 1109/240/2 1106/238/2 1108/237/2
f 1085/241/2 1129/239/2 1084/235/2
f 1109/240/2 1105/242/2 1106/238/2
f 1085/241/2 1128/243/2 1129/239/2
f 1110/244/2 1105/242/2 1109/240/2
f 1086/245/2 1128/243/2 1085/241/2
f 1110/244/2 1104/246/2 1105/242/2
f 1111/247/2 1104/246/2 1110/244/2
f 1086/245/2 1127/248/2 1128/243/2
f 1112/249/2 1104/246/2 1111/247/2
f 1086/245/2 1126/250/2 1127/248/2
f 1087/251/2 1126/250/2 1086/245/2
f 1112/249/2 1103/252/2 1104/246/2
f 1113/253/2 1103/252/2 1112/249/2
f 1087/251/2 1125/254/2 1126/250/2
f 1088/255/2 1125/254/2 1087/251/2
f 1113/253/2 1102/256/2 1103/252/2
f 1114/257/2 1102/256/2 1113/253/2
f 1088/255/2 1124/258/2 1125/254/2
f 1115/259/2 1102/256/2 1114/257/2
f 1088/255/2 1123/260/2 1124/258/2
f 1089/261/2 1123/260/2 1088/255/2
f 1115/259/2 1101/262/2 1102/256/2
f 1116/263/2 1101/262/2 1115/259/2
f 1089/261/2 1122/264/2 1123/260/2
f 1117/265/2 1101/262/2 1116/263/2
f 1089/261/2 1121/266/2 1122/264/2
f 1118/267/2 1101/262/2 1117/265/2
f 1089/261/2 1120/268/2 1121/266/2
f 1090/269/2 1120/268/2 1089/261/2
f 1118/267/2 1100/270/2 1101/262/2
f 1119/271/2 1100/270/2 1118/267/2
f 1090/269/2 1119/271/2 1120/268/2
f 1090/269/2 1100/270/2 1119/271/2
f 1091/272/2 1100/270/2 1090/269/2
f 1091/272/2 1099/273/2 1100/270/2
f 1092/274/2 1099/273/2 1091/272/2
f 1092/274/2 1098/275/2 1099/273/2
f 1093/276/2 1098/275/2 1092/274/2
f 1093/276/2 1097/277/2 1098/275/2
f 1094/278/2 1097/277/2 1093/276/2
f 1094/278/2 1096/279/2 1097/277/2
f 1095/280/2 1096/279/2 1094/278/2
f 1181/281/2 1179/283/2 1180/282/2
f 1182/284/2 1179/283/2 1181/281/2
f 1183/285/2 1179/283/2 1182/284/2
f 1183/285/2 1178/286/2 1179/283/2
f 1184/287/2 1178/286/2 1183/285/2
f 1184/287/2 1177/288/2 1178/286/2
f 1185/289/2 1177/288/2 1184/287/2
f 1186/290/2 1177/288/2 1185/289/2
f 1186/290/2 1176/291/2 1177/288/2
f 1187/292/2 1176/291/2 1186/290/2
f 1188/293/2 1176/291/2 1187/292/2
f 1188/293/2 1175/294/2 1176/291/2
f 1189/295/2 1175/294/2 1188/293/2
f 1190/296/2 1175/294/2 1189/295/2
f 1190/296/2 1174/297/2 1175/294/2
f 1191/298/2 1174/297/2 1190/296/2
f 1192/299/2 1174/297/2 1191/298/2
f 1192/299/2 1173/300/2 1174/297/2
f 1193/301/2 1194/302/2 1192/299/2
f 1194/302/2 1195/303/2 1192/299/2
f 1195/303/2 1196/304/2 1192/299/2
f 1196/304/2 1197/305/2 1192/299/2
f 1197/305/2 1198/306/2 1192/299/2
f 1198/306/2 1199/307/2 1192/299/2
f 1199/307/2 1200/308/2 1192/299/2
f 1200/308/2 1201/309/2 1192/299/2
f 1201/309/2 1202/310/2 1192/299/2
f 1202/310/2 1203/311/2 1192/299/2
f 1203/311/2 1204/312/2 1192/299/2
f 1204/312/2 1173/300/2 1192/299/2
f 1204/312/2 1205/313/2 1173/300/2
f 1205/313/2 1172/314/2 1173/300/2
f 1206/315/2 1172/314/2 1205/313/2
f 1207/316/2 1172/314/2 1206/315/2
f 1208/317/2 1172/314/2 1207/316/2
f 1208/317/2 1171/318/2 1172/314/2
f 1209/319/2 1171/318/2 1208/317/2
f 1210/320/2 1171/318/2 1209/319/2
f 1211/321/2 1171/318/2 1210/320/2
f 1211/321/2 1170/322/2 1171/318/2
f 1212/323/2 1170/322/2 1211/321/2
f 1213/324/2 1170/322/2 1212/323/2
f 1213/324/2 1169/325/2 1170/322/2
f 1214/326/2 1169/325/2 1213/324/2
f 1215/327/2 1169/325/2 1214/326/2
f 1215/327/2 1168/328/2 1169/325/2
f 1216/329/2 1168/328/2 1215/327/2
f 1217/330/2 1168/328/2 1216/329/2
f 1217/330/2 1167/331/2 1168/328/2
f 1218/332/2 1167/331/2 1217/330/2
f 1219/333/2 1167/331/2 1218/332/2
f 1219/333/2 1166/334/2 1167/331/2
f 1220/335/2 1166/334/2 1219/333/2
f 1221/336/2 1166/334/2 1220/335/2
f 1221/336/2 1165/337/2 1166/334/2
f 1222/338/2 1165/337/2 1221/336/2
f 1223/339/2 1165/337/2 1222/338/2
f 1223/339/2 1164/340/2 1165/337/2
f 1224/341/2 1164/340/2 1223/339/2
f 1225/342/2 1164/340/2 1224/341/2
f 1226/343/2 1164/340/2 1225/342/2
f 1226/343/2 1163/344/2 1164/340/2
f 1227/345/2 1163/344/2 1226/343/2
f 1228/346/2 1163/344/2 1227/345/2
f 1228/346/2 1162/347/2 1163/344/2
f 1229/348/2 1162/347/2 1228/346/2
f 1230/349/2 1162/347/2 1229/348/2
f 1230/349/2 1161/350/2 1162/347/2
f 1231/351/2 1161/350/2 1230/349/2
f 1231/351/2 1160/352/2 1161/350/2
f 1232/353/2 1160/352/2 1231/351/2
f 1232/353/2 1159/354/2 1160/352/2
f 1233/355/2 1159/354/2 1232/353/2
f 1234/356/2 1159/354/2 1233/355/2
f 1234/356/2 1158/357/2 1159/354/2
f 1235/358/2 1158/357/2 1234/356/2
f 1235/358/2 1157/359/2 1158/357/2
f 1236/360/2 1157/359/2 1235/358/2
f 1236/360/2 1156/361/2 1157/359/2
f 1237/362/2 1156/361/2 1236/360/2
f 1238/363/2 1156/361/2 1237/362/2
f 1238/363/2 1155/364/2 1156/361/2
f 1238/363/2 1243/365/2 1155/364/2
f 1239/366/2 1243/365/2 1238/363/2
f 1240/367/2 1243/365/2 1239/366/2
f 1241/368/2 1243/365/2 1240/367/2
f 1242/369/2 1243/365/2 1241/368/2
f 1245/370/2 1316/372/2 1244/371/2
f 1246/373/2 1316/372/2 1245/370/2
f 1247/374/2 1316/372/2 1246/373/2
f 1247/374/2 1315/375/2 1316/372/2
f 1247/374/2 1314/376/2 1315/375/2
f 1248/377/2 1314/376/2 1247/374/2
f 1248/377/2 1313/378/2 1314/376/2
f 1248/377/2 1312/379/2 1313/378/2
f 1249/380/2 1312/379/2 1248/377/2
f 1249/380/2 1311/381/2 1312/379/2
f 1249/380/2 1310/382/2 1311/381/2
f 1250/383/2 1310/382/2 1249/380/2
f 1250/383/2 1309/384/2 1310/382/2
f 1250/383/2 1308/385/2 1309/384/2
f 1251/386/2 1308/385/2 1250/383/2
f 1251/386/2 1307/387/2 1308/385/2
f 1252/388/2 1307/387/2 1251/386/2
f 1252/388/2 1306/389/2 1307/387/2
f 1252/388/2 1305/390/2 1306/389/2
f 1253/391/2 1305/390/2 1252/388/2
f 1293/392/2 1291/394/2 1292/393/2
f 1294/395/2 1291/394/2 1293/392/2
f 1295/396/2 1291/394/2 1294/395/2
f 1295/396/2 1290/397/2 1291/394/2
f 1296/398/2 1290/397/2 1295/396/2
f 1297/399/2 1290/397/2 1296/398/2
f 1253/391/2 1304/400/2 1305/390/2
f 1298/401/2 1290/397/2 1297/399/2
f 1298/401/2 1289/402/2 1290/397/2
f 1299/403/2 1289/402/2 1298/401/2
f 1300/404/2 1289/402/2 1299/403/2
f 1301/405/2 1289/402/2 1300/404/2
f 1301/405/2 1288/406/2 1289/402/2
f 1302/407/2 1288/406/2 1301/405/2
f 1303/408/2 1288/406/2 1302/407/2
f 1304/400/2 1288/406/2 1303/408/2
f 1304/400/2 1287/409/2 1288/406/2
f 1253/391/2 1287/409/2 1304/400/2
f 1254/410/2 1287/409/2 1253/391/2
f 1254/410/2 1286/411/2 1287/409/2
f 1254/410/2 1285/412/2 1286/411/2
f 1255/413/2 1326/414/2 1254/410/2
f 1326/414/2 1327/415/2 1254/410/2
f 1327/415/2 1285/412/2 1254/410/2
f 1327/415/2 1328/416/2 1285/412/2
f 1328/416/2 1329/417/2 1285/412/2
f 1329/417/2 1284/418/2 1285/412/2
f 1330/419/2 1284/418/2 1329/417/2
f 1331/420/2 1284/418/2 1330/419/2
f 1255/413/2 1325/421/2 1326/414/2
f 1255/413/2 1324/422/2 1325/421/2
f 1332/423/2 1284/418/2 1331/420/2
f 1332/423/2 1283/424/2 1284/418/2
f 1255/413/2 1323/425/2 1324/422/2
f 1255/413/2 1322/426/2 1323/425/2
f 1333/427/2 1283/424/2 1332/423/2
f 1255/413/2 1321/428/2 1322/426/2
f 1334/429/2 1283/424/2 1333/427/2
f 1255/413/2 1320/430/2 1321/428/2
f 1255/413/2 1319/431/2 1320/430/2
f 1335/432/2 1283/424/2 1334/429/2
f 1255/413/2 1318/433/2 1319/431/2
f 1256/434/2 1318/433/2 1255/413/2
f 1335/432/2 1282/435/2 1283/424/2
f 1256/434/2 1317/436/2 1318/433/2
f 1336/437/2 1282/435/2 1335/432/2
f 1256/434/2 1364/438/2 1317/436/2
f 1337/439/2 1282/435/2 1336/437/2
f 1338/440/2 1282/435/2 1337/439/2
f 1338/440/2 1281/441/2 1282/435/2
f 1256/434/2 1363/442/2 1364/438/2
f 1339/443/2 1281/441/2 1338/440/2
f 1257/444/2 1363/442/2 1256/434/2
f 1340/445/2 1281/441/2 1339/443/2
f 1340/445/2 1280/446/2 1281/441/2
f 1257/444/2 1362/447/2 1363/442/2
f 1341/448/2 1280/446/2 1340/445/2
f 1258/449/2 1362/447/2 1257/444/2
f 1342/450/2 1280/446/2 1341/448/2
f 1342/450/2 1279/451/2 1280/446/2
f 1258/449/2 1361/452/2 1362/447/2
f 1343/453/2 1279/451/2 1342/450/2
f 1258/449/2 1360/454/2 1361/452/2
f 1343/453/2 1278/455/2 1279/451/2
f 1259/456/2 1360/454/2 1258/449/2
f 1344/457/2 1278/455/2 1343/453/2
f 1345/458/2 1278/455/2 1344/457/2
f 1259/456/2 1359/459/2 1360/454/2
f 1345/458/2 1277/460/2 1278/455/2
f 1346/461/2 1277/460/2 1345/458/2
f 1260/462/2 1359/459/2 1259/456/2
f 1260/462/2 1358/463/2 1359/459/2
f 1347/464/2 1277/460/2 1346/461/2
f 1260/462/2 1357/465/2 1358/463/2
f 1347/464/2 1276/466/2 1277/460/2
f 1348/467/2 1276/466/2 1347/464/2
f 1261/468/2 1357/465/2 1260/462/2
f 1261/468/2 1356/469/2 1357/465/2
f 1349/470/2 1276/466/2 1348/467/2
f 1350/471/2 1276/466/2 1349/470/2
f 1261/468/2 1355/472/2 1356/469/2
f 1350/471/2 1275/473/2 1276/466/2
f 1351/474/2 1275/473/2 1350/471/2
f 1261/468/2 1354/475/2 1355/472/2
f 1352/476/2 1275/473/2 1351/474/2
f 1261/468/2 1353/477/2 1354/475/2
f 1353/477/2 1275/473/2 1352/476/2
f 1261/468/2 1275/473/2 1353/477/2
f 1262/478/2 1275/473/2 1261/468/2
f 1262/478/2 1274/479/2 1275/473/2
f 1263/480/2 1274/479/2 1262/478/2
f 1263/480/2 1273/481/2 1274/479/2
f 1264/482/2 1273/481/2 1263/480/2
f 1264/482/2 1272/483/2 1273/481/2
f 1265/484/2 1272/483/2 1264/482/2
f 1265/484/2 1271/485/2 1272/483/2
f 1266/486/2 1271/485/2 1265/484/2
f 1266/486/2 1270/487/2 1271/485/2
f 1267/488/2 1270/487/2 1266/486/2
f 1267/488/2 1269/489/2 1270/487/2
f 1268/490/2 1269/489/2 1267/488/2
f 720/491/2 718/493/2 719/492/2
f 721/494/2 718/493/2 720/491/2
f 721/494/2 717/495/2 718/493/2
f 722/496/2 717/495/2 721/494/2
f 722/496/2 716/497/2 717/495/2
f 723/498/2 716/497/2 722/496/2
f 723/498/2 715/499/2 716/497/2
f 724/500/2 715/499/2 723/498/2
f 724/500/2 714/501/2 715/499/2
f 725/502/2 714/501/2 724/500/2
f 725/502/2 713/503/2 714/501/2
f 726/504/2 713/503/2 725/502/2
f 726/504/2 712/505/2 713/503/2
f 727/506/2 712/505/2 726/504/2
f 727/506/2 815/507/2 712/505/2
f 815/507/2 711/508/2 712/505/2
f 727/506/2 814/509/2 815/507/2
f 816/510/2 711/508/2 815/507/2
f 727/506/2 813/511/2 814/509/2
f 817/512/2 711/508/2 816/510/2
f 728/513/2 813/511/2 727/506/2
f 728/513/2 812/514/2 813/511/2
f 817/512/2 710/515/2 711/508/2
f 818/516/2 710/515/2 817/512/2
f 728/513/2 811/517/2 812/514/2
f 819/518/2 710/515/2 818/516/2
f 728/513/2 810/519/2 811/517/2
f 820/520/2 710/515/2 819/518/2
f 728/513/2 809/521/2 810/519/2
f 821/522/2 710/515/2 820/520/2
f 729/523/2 809/521/2 728/513/2
f 821/522/2 709/524/2 710/515/2
f 729/523/2 808/525/2 809/521/2
f 822/526/2 709/524/2 821/522/2
f 729/523/2 807/527/2 808/525/2
f 823/528/2 709/524/2 822/526/2
f 729/523/2 806/529/2 807/527/2
f 730/530/2 806/529/2 729/523/2
f 824/531/2 709/524/2 823/528/2
f 824/531/2 708/532/2 709/524/2
f 730/530/2 805/533/2 806/529/2
f 825/534/2 708/532/2 824/531/2
f 730/530/2 804/535/2 805/533/2
f 826/536/2 708/532/2 825/534/2
f 731/537/2 804/535/2 730/530/2
f 826/536/2 707/538/2 708/532/2
f 731/537/2 803/539/2 804/535/2
f 779/540/2 707/538/2 826/536/2
f 731/537/2 802/541/2 803/539/2
f 732/542/2 802/541/2 731/537/2
f 780/543/2 707/538/2 779/540/2
f 780/543/2 706/544/2 707/538/2
f 732/542/2 801/545/2 802/541/2
f 781/546/2 706/544/2 780/543/2
f 733/547/2 801/545/2 732/542/2
f 781/546/2 705/548/2 706/544/2
f 733/547/2 800/549/2 801/545/2
f 782/550/2 705/548/2 781/546/2
f 782/550/2 704/551/2 705/548/2
f 734/552/2 800/549/2 733/547/2
f 734/552/2 799/553/2 800/549/2
f 783/554/2 704/551/2 782/550/2
f 783/554/2 703/555/2 704/551/2
f 735/556/2 799/553/2 734/552/2
f 735/556/2 798/557/2 799/553/2
f 784/558/2 703/555/2 783/554/2
f 736/559/2 798/557/2 735/556/2
f 784/558/2 702/560/2 703/555/2
f 736/559/2 797/561/2 798/557/2
f 785/562/2 702/560/2 784/558/2
f 737/563/2 797/561/2 736/559/2
f 785/562/2 701/564/2 702/560/2
f 737/563/2 796/565/2 797/561/2
f 786/566/2 701/564/2 785/562/2
f 737/563/2 795/567/2 796/565/2
f 787/568/2 701/564/2 786/566/2
f 738/569/2 795/567/2 737/563/2
f 787/568/2 700/570/2 701/564/2
f 738/569/2 794/571/2 795/567/2
f 788/572/2 700/570/2 787/568/2
f 739/573/2 794/571/2 738/569/2
f 739/573/2 793/574/2 794/571/2
f 789/575/2 700/570/2 788/572/2
f 789/575/2 699/576/2 700/570/2
f 739/573/2 792/577/2 793/574/2
f 790/578/2 699/576/2 789/575/2
f 739/573/2 791/579/2 792/577/2
f 791/579/2 699/576/2 790/578/2
f 739/573/2 699/576/2 791/579/2
f 740/580/2 699/576/2 739/573/2
f 740/580/2 698/581/2 699/576/2
f 741/582/2 698/581/2 740/580/2
f 741/582/2 697/583/2 698/581/2
f 742/584/2 697/583/2 741/582/2
f 742/584/2 696/585/2 697/583/2
f 743/586/2 696/585/2 742/584/2
f 743/586/2 695/587/2 696/585/2
f 744/588/2 695/587/2 743/586/2
f 744/588/2 694/589/2 695/587/2
f 745/590/2 694/589/2 744/588/2
f 745/590/2 693/591/2 694/589/2
f 746/592/2 693/591/2 745/590/2
f 746/592/2 692/593/2 693/591/2
f 747/594/2 692/593/2 746/592/2
f 747/594/2 691/595/2 692/593/2
f 748/596/2 863/597/2 747/594/2
f 863/597/2 691/595/2 747/594/2
f 863/597/2 690/598/2 691/595/2
f 748/596/2 862/599/2 863/597/2
f 864/600/2 690/598/2 863/597/2
f 748/596/2 861/601/2 862/599/2
f 865/602/2 690/598/2 864/600/2
f 748/596/2 860/603/2 861/601/2
f 866/604/2 690/598/2 865/602/2
f 749/605/2 860/603/2 748/596/2
f 749/605/2 859/606/2 860/603/2
f 867/607/2 690/598/2 866/604/2
f 867/607/2 689/608/2 690/598/2
f 749/605/2 858/609/2 859/606/2
f 868/610/2 689/608/2 867/607/2
f 750/611/2 858/609/2 749/605/2
f 750/611/2 857/612/2 858/609/2
f 869/613/2 689/608/2 868/610/2
f 869/613/2 688/614/2 689/608/2
f 750/611/2 856/615/2 857/612/2
f 870/616/2 688/614/2 869/613/2
f 751/617/2 856/615/2 750/611/2
f 870/616/2 687/618/2 688/614/2
f 751/617/2 855/619/2 856/615/2
f 871/620/2 687/618/2 870/616/2
f 752/621/2 855/619/2 751/617/2
f 752/621/2 854/622/2 855/619/2
f 871/620/2 686/623/2 687/618/2
f 872/624/2 686/623/2 871/620/2
f 752/621/2 853/625/2 854/622/2
f 753/626/2 853/625/2 752/621/2
f 873/627/2 686/623/2 872/624/2
f 873/627/2 685/628/2 686/623/2
f 753/626/2 852/629/2 853/625/2
f 874/630/2 685/628/2 873/627/2
f 754/631/2 852/629/2 753/626/2
f 874/630/2 684/632/2 685/628/2
f 754/631/2 851/633/2 852/629/2
f 827/634/2 684/632/2 874/630/2
f 755/635/2 851/633/2 754/631/2
f 827/634/2 683/636/2 684/632/2
f 755/635/2 850/637/2 851/633/2
f 828/638/2 683/636/2 827/634/2
f 756/639/2 850/637/2 755/635/2
f 828/638/2 778/640/2 683/636/2
f 829/641/2 778/640/2 828/638/2
f 756/639/2 849/642/2 850/637/2
f 830/643/2 778/640/2 829/641/2
f 756/639/2 848/644/2 849/642/2
f 757/645/2 848/644/2 756/639/2
f 830/643/2 777/646/2 778/640/2
f 831/647/2 777/646/2 830/643/2
f 757/645/2 847/648/2 848/644/2
f 832/649/2 777/646/2 831/647/2
f 757/645/2 846/650/2 847/648/2
f 758/651/2 846/650/2 757/645/2
f 832/649/2 776/652/2 777/646/2
f 833/653/2 776/652/2 832/649/2
f 758/651/2 845/654/2 846/650/2
f 834/655/2 776/652/2 833/653/2
f 758/651/2 844/656/2 845/654/2
f 759/657/2 844/656/2 758/651/2
f 834/655/2 775/658/2 776/652/2
f 835/659/2 775/658/2 834/655/2
f 759/657/2 843/660/2 844/656/2
f 836/661/2 775/658/2 835/659/2
f 759/657/2 842/662/2 843/660/2
f 837/663/2 775/658/2 836/661/2
f 759/657/2 841/664/2 842/662/2
f 838/665/2 775/658/2 837/663/2
f 759/657/2 840/666/2 841/664/2
f 760/667/2 840/666/2 759/657/2
f 838/665/2 774/668/2 775/658/2
f 839/669/2 774/668/2 838/665/2
f 760/667/2 839/669/2 840/666/2
f 760/667/2 774/668/2 839/669/2
f 761/670/2 774/668/2 760/667/2
f 761/670/2 773/671/2 774/668/2
f 762/672/2 773/671/2 761/670/2
f 762/672/2 772/673/2 773/671/2
f 763/674/2 772/673/2 762/672/2
f 763/674/2 771/675/2 772/673/2
f 764/676/2 771/675/2 763/674/2
f 764/676/2 770/677/2 771/675/2
f 765/678/2 770/677/2 764/676/2
f 765/678/2 769/679/2 770/677/2
f 766/680/2 769/679/2 765/678/2
f 766/680/2 768/681/2 769/679/2
f 767/682/2 768/681/2 766/680/2
f 168/637/3 169/633/3 851/633/3 850/637/3
f 143/534/4 144/536/4 826/536/4 825/534/4
f 270/17/5 271/16/5 953/16/5 952/17/5
f 486/328/6 487/325/6 1169/325/6 1168/328/6
f 451/225/7 452/223/7 1134/223/7 1133/225/7
f 145/634/8 146/638/8 828/638/8 827/634/8
f 346/122/9 347/119/9 1029/119/9 1028/122/9
f 636/433/10 637/431/10 1319/431/10 1318/433/10
f 533/327/11 534/329/11 1216/329/11 1215/327/11
f 470/224/12 471/226/12 1153/226/12 1152/224/12
f 304/121/13 305/123/13 987/123/13 986/121/13
f 48/530/14 49/537/14 731/537/14 730/530/14
f 269/18/15 270/17/15 952/17/15 951/18/15
f 573/413/16 574/434/16 1256/434/16 1255/413/16
f 73/635/17 74/639/17 756/639/17 755/635/17
f 534/329/18 535/330/18 1217/330/18 1216/329/18
f 399/221/19 400/227/19 1082/227/19 1081/221/19
f 268/19/20 269/18/20 951/18/20 950/19/20
f 345/124/21 346/122/21 1028/122/21 1027/124/21
f 25/538/22 26/532/22 708/532/22 707/538/22
f 600/435/23 601/424/23 1283/424/23 1282/435/23
f 96/640/24 1/636/24 683/636/24 778/640/24
f 267/20/25 268/19/25 950/19/25 949/20/25
f 485/331/26 486/328/26 1168/328/26 1167/331/26
f 378/228/27 379/222/27 1061/222/27 1060/228/27
f 146/638/28 147/641/28 829/641/28 828/638/28
f 374/125/29 375/118/29 1057/118/29 1056/125/29
f 121/539/30 122/535/30 804/535/30 803/539/30
f 635/436/31 636/433/31 1318/433/31 1317/436/31
f 535/330/32 536/332/32 1218/332/32 1217/330/32
f 305/123/33 306/126/33 988/126/33 987/123/33
f 144/536/34 97/540/34 779/540/34 826/536/34
f 266/21/35 267/20/35 949/20/35 948/21/35
f 653/432/36 654/437/36 1336/437/36 1335/432/36
f 450/229/37 451/225/37 1133/225/37 1132/229/37
f 536/332/38 537/333/38 1219/333/38 1218/332/38
f 471/226/39 472/230/39 1154/230/39 1153/226/39
f 167/642/40 168/637/40 850/637/40 849/642/40
f 265/22/41 266/21/41 948/21/41 947/22/41
f 147/641/42 148/643/42 830/643/42 829/641/42
f 344/127/43 345/124/43 1027/124/43 1026/127/43
f 120/541/44 121/539/44 803/539/44 802/541/44
f 682/438/45 635/436/45 1317/436/45 1364/438/45
f 400/227/46 401/231/46 1083/231/46 1082/227/46
f 353/120/47 354/128/47 1036/128/47 1035/120/47
f 49/537/48 50/542/48 732/542/48 731/537/48
f 264/23/49 265/22/49 947/22/49 946/23/49
f 654/437/50 655/439/50 1337/439/50 1336/437/50
f 484/334/51 485/331/51 1167/331/51 1166/334/51
f 272/15/52 273/24/52 955/24/52 954/15/52
f 537/333/53 538/335/53 1220/335/53 1219/333/53
f 166/644/54 167/642/54 849/642/54 848/644/54
f 306/126/55 307/129/55 989/129/55 988/126/55
f 97/540/56 98/543/56 780/543/56 779/540/56
f 655/439/57 656/440/57 1338/440/57 1337/439/57
f 377/232/58 378/228/58 1060/228/58 1059/232/58
f 74/639/59 75/645/59 757/645/59 756/639/59
f 538/335/60 539/336/60 1221/336/60 1220/335/60
f 263/25/61 264/23/61 946/23/61 945/25/61
f 449/233/62 450/229/62 1132/229/62 1131/233/62
f 343/130/63 344/127/63 1026/127/63 1025/130/63
f 24/544/64 25/538/64 707/538/64 706/544/64
f 599/441/65 600/435/65 1282/435/65 1281/441/65
f 472/230/66 425/234/66 1107/234/66 1154/230/66
f 95/646/67 96/640/67 778/640/67 777/646/67
f 307/129/68 308/131/68 990/131/68 989/129/68
f 298/26/69 272/15/69 954/15/69 980/26/69
f 483/337/70 484/334/70 1166/334/70 1165/337/70
f 148/643/71 149/647/71 831/647/71 830/643/71
f 119/545/72 120/541/72 802/541/72 801/545/72
f 273/24/73 274/27/73 956/27/73 955/24/73
f 681/442/74 682/438/74 1364/438/74 1363/442/74
f 539/336/75 540/338/75 1222/338/75 1221/336/75
f 401/231/76 402/235/76 1084/235/76 1083/231/76
f 98/543/77 99/546/77 781/546/77 780/543/77
f 656/440/78 657/443/78 1339/443/78 1338/440/78
f 342/132/79 343/130/79 1025/130/79 1024/132/79
f 274/27/80 275/28/80 957/28/80 956/27/80
f 540/338/81 541/339/81 1223/339/81 1222/338/81
f 165/648/82 166/644/82 848/644/82 847/648/82
f 50/542/83 51/547/83 733/547/83 732/542/83
f 574/434/84 575/444/84 1257/444/84 1256/434/84
f 448/236/85 449/233/85 1131/233/85 1130/236/85
f 149/647/86 150/649/86 832/649/86 831/647/86
f 373/133/87 374/125/87 1056/125/87 1055/133/87
f 275/28/88 276/29/88 958/29/88 957/28/88
f 425/234/89 426/237/89 1108/237/89 1107/234/89
f 308/131/90 309/134/90 991/134/90 990/131/90
f 657/443/91 658/445/91 1340/445/91 1339/443/91
f 482/340/92 483/337/92 1165/337/92 1164/340/92
f 23/548/93 24/544/93 706/544/93 705/548/93
f 541/339/94 542/341/94 1224/341/94 1223/339/94
f 164/650/95 165/648/95 847/648/95 846/650/95
f 262/30/96 263/25/96 945/25/96 944/30/96
f 424/238/97 377/232/97 1059/232/97 1106/238/97
f 75/645/98 76/651/98 758/651/98 757/645/98
f 341/135/99 342/132/99 1024/132/99 1023/135/99
f 118/549/100 119/545/100 801/545/100 800/549/100
f 276/29/101 277/31/101 959/31/101 958/29/101
f 598/446/102 599/441/102 1281/441/102 1280/446/102
f 542/341/103 543/342/103 1225/342/103 1224/341/103
f 309/134/104 310/136/104 992/136/104 991/134/104
f 99/546/105 100/550/105 782/550/105 781/546/105
f 447/239/106 448/236/106 1130/236/106 1129/239/106
f 277/31/107 278/32/107 960/32/107 959/31/107
f 680/447/108 681/442/108 1363/442/108 1362/447/108
f 543/342/109 544/343/109 1226/343/109 1225/342/109
f 426/237/110 427/240/110 1109/240/110 1108/237/110
f 94/652/111 95/646/111 777/646/111 776/652/111
f 354/128/112 355/137/112 1037/137/112 1036/128/112
f 658/445/113 659/448/113 1341/448/113 1340/445/113
f 150/649/114 151/653/114 833/653/114 832/649/114
f 22/551/115 23/548/115 705/548/115 704/551/115
f 278/32/116 279/33/116 961/33/116 960/32/116
f 402/235/117 403/241/117 1085/241/117 1084/235/117
f 51/547/118 52/552/118 734/552/118 733/547/118
f 575/444/119 576/449/119 1258/449/119 1257/444/119
f 481/344/120 482/340/120 1164/340/120 1163/344/120
f 340/138/121 341/135/121 1023/135/121 1022/138/121
f 544/343/122 545/345/122 1227/345/122 1226/343/122
f 163/654/123 164/650/123 846/650/123 845/654/123
f 310/136/124 311/139/124 993/139/124 992/136/124
f 261/34/125 262/30/125 944/30/125 943/34/125
f 659/448/126 660/450/126 1342/450/126 1341/448/126
f 423/242/127 424/238/127 1106/238/127 1105/242/127
f 151/653/128 152/655/128 834/655/128 833/653/128
f 117/553/129 118/549/129 800/549/129 799/553/129
f 279/33/130 280/35/130 962/35/130 961/33/130
f 545/345/131 546/346/131 1228/346/131 1227/345/131
f 100/550/132 101/554/132 783/554/132 782/550/132
f 446/243/133 447/239/133 1129/239/133 1128/243/133
f 339/140/134 340/138/134 1022/138/134 1021/140/134
f 280/35/135 281/36/135 963/36/135 962/35/135
f 597/451/136 598/446/136 1280/446/136 1279/451/136
f 427/240/137 428/244/137 1110/244/137 1109/240/137
f 162/656/138 163/654/138 845/654/138 844/656/138
f 480/347/139 481/344/139 1163/344/139 1162/347/139
f 76/651/140 77/657/140 759/657/140 758/651/140
f 338/141/141 339/140/141 1021/140/141 1020/141/141
f 21/555/142 22/551/142 704/551/142 703/555/142
f 281/36/143 282/37/143 964/37/143 963/36/143
f 679/452/144 680/447/144 1362/447/144 1361/452/144
f 546/346/145 547/348/145 1229/348/145 1228/346/145
f 403/241/146 404/245/146 1086/245/146 1085/241/146
f 311/139/147 312/142/147 994/142/147 993/139/147
f 52/552/148 53/556/148 735/556/148 734/552/148
f 660/450/149 661/453/149 1343/453/149 1342/450/149
f 547/348/150 548/349/150 1230/349/150 1229/348/150
f 93/658/151 94/652/151 776/652/151 775/658/151
f 260/38/152 261/34/152 943/34/152 942/38/152
f 422/246/153 423/242/153 1105/242/153 1104/246/153
f 152/655/154 153/659/154 835/659/154 834/655/154
f 372/143/155 373/133/155 1055/133/155 1054/143/155
f 116/557/156 117/553/156 799/553/156 798/557/156
f 282/37/157 283/39/157 965/39/157 964/37/157
f 678/454/158 679/452/158 1361/452/158 1360/454/158
f 428/244/159 429/247/159 1111/247/159 1110/244/159
f 101/554/160 102/558/160 784/558/160 783/554/160
f 479/350/161 480/347/161 1162/347/161 1161/350/161
f 337/144/162 338/141/162 1020/141/162 1019/144/162
f 283/39/163 284/40/163 966/40/163 965/39/163
f 596/455/164 597/451/164 1279/451/164 1278/455/164
f 548/349/165 549/351/165 1231/351/165 1230/349/165
f 161/660/166 162/656/166 844/656/166 843/660/166
f 312/142/167 313/145/167 995/145/167 994/142/167
f 53/556/168 54/559/168 736/559/168 735/556/168
f 576/449/169 577/456/169 1259/456/169 1258/449/169
f 445/248/170 446/243/170 1128/243/170 1127/248/170
f 153/659/171 154/661/171 836/661/171 835/659/171
f 429/247/172 430/249/172 1112/249/172 1111/247/172
f 259/41/173 260/38/173 942/38/173 941/41/173
f 661/453/174 662/457/174 1344/457/174 1343/453/174
f 478/352/175 479/350/175 1161/350/175 1160/352/175
f 336/146/176 337/144/176 1019/144/176 1018/146/176
f 20/560/177 21/555/177 703/555/177 702/560/177
f 284/40/178 285/42/178 967/42/178 966/40/178
f 549/351/179 550/353/179 1232/353/179 1231/351/179
f 160/662/180 161/660/180 843/660/180 842/662/180
f 355/137/181 356/147/181 1038/147/181 1037/137/181
f 662/457/182 663/458/182 1345/458/182 1344/457/182
f 444/250/183 445/248/183 1127/248/183 1126/250/183
f 154/661/184 155/663/184 837/663/184 836/661/184
f 115/561/185 116/557/185 798/557/185 797/561/185
f 285/42/186 286/43/186 968/43/186 967/42/186
f 404/245/187 405/251/187 1087/251/187 1086/245/187
f 313/145/188 314/148/188 996/148/188 995/145/188
f 102/558/189 103/562/189 785/562/189 784/558/189
f 477/354/190 478/352/190 1160/352/190 1159/354/190
f 677/459/191 678/454/191 1360/454/191 1359/459/191
f 550/353/192 551/355/192 1233/355/192 1232/353/192
f 159/664/193 160/662/193 842/662/193 841/664/193
f 54/559/194 55/563/194 737/563/194 736/559/194
f 258/44/195 259/41/195 941/41/195 940/44/195
f 421/252/196 422/246/196 1104/246/196 1103/252/196
f 155/663/197 156/665/197 838/665/197 837/663/197
f 335/149/198 336/146/198 1018/146/198 1017/149/198
f 286/43/199 287/45/199 969/45/199 968/43/199
f 595/460/200 596/455/200 1278/455/200 1277/460/200
f 551/355/201 552/356/201 1234/356/201 1233/355/201
f 430/249/202 431/253/202 1113/253/202 1112/249/202
f 314/148/203 315/150/203 997/150/203 996/148/203
f 663/458/204 664/461/204 1346/461/204 1345/458/204
f 19/564/205 20/560/205 702/560/205 701/564/205
f 158/666/206 159/664/206 841/664/206 840/666/206
f 257/46/207 258/44/207 940/44/207 939/46/207
f 577/456/208 578/462/208 1260/462/208 1259/456/208
f 476/357/209 477/354/209 1159/354/209 1158/357/209
f 443/254/210 444/250/210 1126/250/210 1125/254/210
f 77/657/211 78/667/211 760/667/211 759/657/211
f 371/151/212 372/143/212 1054/143/212 1053/151/212
f 114/565/213 115/561/213 797/561/213 796/565/213
f 287/45/214 288/47/214 970/47/214 969/45/214
f 552/356/215 553/358/215 1235/358/215 1234/356/215
f 405/251/216 406/255/216 1088/255/216 1087/251/216
f 103/562/217 104/566/217 786/566/217 785/562/217
f 334/152/218 335/149/218 1017/149/218 1016/152/218
f 288/47/219 289/48/219 971/48/219 970/47/219
f 676/463/220 677/459/220 1359/459/220 1358/463/220
f 92/668/221 93/658/221 775/658/221 774/668/221
f 315/150/222 316/153/222 998/153/222 997/150/222
f 664/461/223 665/464/223 1347/464/223 1346/461/223
f 475/359/224 476/357/224 1158/357/224 1157/359/224
f 420/256/225 421/252/225 1103/252/225 1102/256/225
f 156/665/226 157/669/226 839/669/226 838/665/226
f 113/567/227 114/565/227 796/565/227 795/567/227
f 553/358/228 554/360/228 1236/360/228 1235/358/228
f 431/253/229 432/257/229 1114/257/229 1113/253/229
f 316/153/230 317/154/230 999/154/230 998/153/230
f 104/566/231 105/568/231 787/568/231 786/566/231
f 256/49/232 257/46/232 939/46/232 938/49/232
f 289/48/233 290/50/233 972/50/233 971/48/233
f 675/465/234 676/463/234 1358/463/234 1357/465/234
f 157/669/235 158/666/235 840/666/235 839/669/235
f 55/563/236 56/569/236 738/569/236 737/563/236
f 474/361/237 475/359/237 1157/359/237 1156/361/237
f 442/258/238 443/254/238 1125/254/238 1124/258/238
f 333/155/239 334/152/239 1016/152/239 1015/155/239
f 594/466/240 595/460/240 1277/460/240 1276/466/240
f 554/360/241 555/362/241 1237/362/241 1236/360/241
f 432/257/242 433/259/242 1115/259/242 1114/257/242
f 78/667/243 79/670/243 761/670/243 760/667/243
f 317/154/244 318/156/244 1000/156/244 999/154/244
f 255/51/245 256/49/245 938/49/245 937/51/245
f 665/464/246 666/467/246 1348/467/246 1347/464/246
f 18/570/247 19/564/247 701/564/247 700/570/247
f 290/50/248 291/52/248 973/52/248 972/50/248
f 555/362/249 556/363/249 1238/363/249 1237/362/249
f 578/462/250 579/468/250 1261/468/250 1260/462/250
f 441/260/251 442/258/251 1124/258/251 1123/260/251
f 91/671/252 92/668/252 774/668/252 773/671/252
f 332/157/253 333/155/253 1015/155/253 1014/157/253
f 112/571/254 113/567/254 795/567/254 794/571/254
f 406/255/255 407/261/255 1089/261/255 1088/255/255
f 79/670/256 80/672/256 762/672/256 761/670/256
f 356/147/257 357/158/257 1039/158/257 1038/147/257
f 105/568/258 106/572/258 788/572/258 787/568/258
f 254/53/259 255/51/259 937/51/259 936/53/259
f 473/364/260 474/361/260 1156/361/260 1155/364/260
f 291/52/261 292/54/261 974/54/261 973/52/261
f 674/469/262 675/465/262 1357/465/262 1356/469/262
f 318/156/263 319/159/263 1001/159/263 1000/156/263
f 56/569/264 57/573/264 739/573/264 738/569/264
f 666/467/265 667/470/265 1349/470/265 1348/467/265
f 561/365/69 473/364/69 1155/364/69 1243/365/69
f 419/262/266 420/256/266 1102/256/266 1101/262/266
f 90/673/267 91/671/267 773/671/267 772/673/267
f 292/54/268 293/55/268 975/55/268 974/54/268
f 556/363/269 557/366/269 1239/366/269 1238/363/269
f 433/259/270 434/263/270 1116/263/270 1115/259/270
f 80/672/271 81/674/271 763/674/271 762/672/271
f 667/470/272 668/471/272 1350/471/272 1349/470/272
f 331/160/273 332/157/273 1014/157/273 1013/160/273
f 111/574/274 112/571/274 794/571/274 793/574/274
f 557/366/275 558/367/275 1240/367/275 1239/366/275
f 319/159/276 320/161/276 1002/161/276 1001/159/276
f 106/572/277 107/575/277 789/575/277 788/572/277
f 253/56/278 254/53/278 936/53/278 935/56/278
f 440/264/279 441/260/279 1123/260/279 1122/264/279
f 89/675/280 90/673/280 772/673/280 771/675/280
f 293/55/281 294/57/281 976/57/281 975/55/281
f 673/472/282 674/469/282 1356/469/282 1355/472/282
f 558/367/283 559/368/283 1241/368/283 1240/367/283
f 434/263/284 435/265/284 1117/265/284 1116/263/284
f 81/674/285 82/676/285 764/676/285 763/674/285
f 330/162/286 331/160/286 1013/160/286 1012/162/286
f 17/576/287 18/570/287 700/570/287 699/576/287
f 294/57/288 295/58/288 977/58/288 976/57/288
f 593/473/289 594/466/289 1276/466/289 1275/473/289
f 559/368/290 560/369/290 1242/369/290 1241/368/290
f 668/471/291 669/474/291 1351/474/291 1350/471/291
f 560/369/52 561/365/52 1243/365/52 1242/369/52
f 439/266/292 440/264/292 1122/264/292 1121/266/292
f 88/677/293 89/675/293 771/675/293 770/677/293
f 370/163/294 371/151/294 1053/151/294 1052/163/294
f 110/577/295 111/574/295 793/574/295 792/577/295
f 562/371/296 563/370/296 1245/370/296 1244/371/296
f 435/265/297 436/267/297 1118/267/297 1117/265/297
f 82/676/298 83/678/298 765/678/298 764/676/298
f 320/161/299 321/164/299 1003/164/299 1002/161/299
f 107/575/300 108/578/300 790/578/300 789/575/300
f 252/59/301 253/56/301 935/56/301 934/59/301
f 295/58/302 296/60/302 978/60/302 977/58/302
f 672/475/303 673/472/303 1355/472/303 1354/475/303
f 634/372/304 562/371/304 1244/371/304 1316/372/304
f 669/474/305 670/476/305 1352/476/305 1351/474/305
f 563/370/306 564/373/306 1246/373/306 1245/370/306
f 438/268/307 439/266/307 1121/266/307 1120/268/307
f 87/679/308 88/677/308 770/677/308 769/679/308
f 329/165/309 330/162/309 1012/162/309 1011/165/309
f 109/579/310 110/577/310 792/577/310 791/579/310
f 296/60/311 297/61/311 979/61/311 978/60/311
f 407/261/312 408/269/312 1090/269/312 1089/261/312
f 83/678/313 84/680/313 766/680/313 765/678/313
f 321/164/314 322/166/314 1004/166/314 1003/164/314
f 108/578/315 109/579/315 791/579/315 790/578/315
f 564/373/316 565/374/316 1247/374/316 1246/373/316
f 671/477/317 672/475/317 1354/475/317 1353/477/317
f 670/476/318 671/477/318 1353/477/318 1352/476/318
f 418/270/319 419/262/319 1101/262/319 1100/270/319
f 86/681/320 87/679/320 769/679/320 768/681/320
f 328/167/321 329/165/321 1011/165/321 1010/167/321
f 57/573/322 58/580/322 740/580/322 739/573/322
f 633/375/323 634/372/323 1316/372/323 1315/375/323
f 436/267/324 437/271/324 1119/271/324 1118/267/324
f 84/680/325 85/682/325 767/682/325 766/680/325
f 322/166/326 323/168/326 1005/168/326 1004/166/326
f 297/61/260 298/26/260 980/26/260 979/61/260
f 85/682/327 86/681/327 768/681/327 767/682/327
f 579/468/328 580/478/328 1262/478/328 1261/468/328
f 632/376/329 633/375/329 1315/375/329 1314/376/329
f 16/581/330 17/576/330 699/576/330 698/581/330
f 565/374/331 566/377/331 1248/377/331 1247/374/331
f 437/271/332 438/268/332 1120/268/332 1119/271/332
f 327/169/333 328/167/333 1010/167/333 1009/169/333
f 58/580/334 59/582/334 741/582/334 740/580/334
f 251/63/335 252/59/335 934/59/335 933/63/335
f 323/168/336 324/170/336 1006/170/336 1005/168/336
f 592/479/337 593/473/337 1275/473/337 1274/479/337
f 408/269/338 409/272/338 1091/272/338 1090/269/338
f 250/64/339 251/63/339 933/63/339 932/64/339
f 580/478/340 581/480/340 1263/480/340 1262/478/340
f 631/378/341 632/376/341 1314/376/341 1313/378/341
f 15/583/342 16/581/342 698/581/342 697/583/342
f 326/171/343 327/169/343 1009/169/343 1008/171/343
f 59/582/344 60/584/344 742/584/344 741/582/344
f 249/65/345 250/64/345 932/64/345 931/65/345
f 630/379/346 631/378/346 1313/378/346 1312/379/346
f 417/273/347 418/270/347 1100/270/347 1099/273/347
f 324/170/348 325/172/348 1007/172/348 1006/170/348
f 591/481/349 592/479/349 1274/479/349 1273/481/349
f 566/377/350 567/380/350 1249/380/350 1248/377/350
f 409/272/351 410/274/351 1092/274/351 1091/272/351
f 248/66/352 249/65/352 931/65/352 930/66/352
f 581/480/353 582/482/353 1264/482/353 1263/480/353
f 14/585/354 15/583/354 697/583/354 696/585/354
f 325/172/355 326/171/355 1008/171/355 1007/172/355
f 60/584/356 61/586/356 743/586/356 742/584/356
f 247/67/357 248/66/357 930/66/357 929/67/357
f 629/381/358 630/379/358 1312/379/358 1311/381/358
f 416/275/359 417/273/359 1099/273/359 1098/275/359
f 590/483/360 591/481/360 1273/481/360 1272/483/360
f 410/274/361 411/276/361 1093/276/361 1092/274/361
f 357/158/362 358/173/362 1040/173/362 1039/158/362
f 246/68/363 247/67/363 929/67/363 928/68/363
f 582/482/364 583/484/364 1265/484/364 1264/482/364
f 628/382/365 629/381/365 1311/381/365 1310/382/365
f 13/587/366 14/585/366 696/585/366 695/587/366
f 567/380/367 568/383/367 1250/383/367 1249/380/367
f 61/586/368 62/588/368 744/588/368 743/586/368
f 245/69/369 246/68/369 928/68/369 927/69/369
f 415/277/370 416/275/370 1098/275/370 1097/277/370
f 369/174/371 370/163/371 1052/163/371 1051/174/371
f 208/62/52 209/70/52 891/70/52 890/62/52
f 589/485/372 590/483/372 1272/483/372 1271/485/372
f 411/276/373 412/278/373 1094/278/373 1093/276/373
f 358/173/374 359/175/374 1041/175/374 1040/173/374
f 583/484/375 584/486/375 1266/486/375 1265/484/375
f 627/384/376 628/382/376 1310/382/376 1309/384/376
f 12/589/377 13/587/377 695/587/377 694/589/377
f 209/70/378 210/71/378 892/71/378 891/70/378
f 62/588/379 63/590/379 745/590/379 744/588/379
f 626/385/380 627/384/380 1309/384/380 1308/385/380
f 414/279/381 415/277/381 1097/277/381 1096/279/381
f 368/176/382 369/174/382 1051/174/382 1050/176/382
f 588/487/383 589/485/383 1271/485/383 1270/487/383
f 568/383/384 569/386/384 1251/386/384 1250/383/384
f 412/278/385 413/280/385 1095/280/385 1094/278/385
f 359/175/386 360/177/386 1042/177/386 1041/175/386
f 244/72/387 245/69/387 927/69/387 926/72/387
f 584/486/388 585/488/388 1267/488/388 1266/486/388
f 413/280/389 414/279/389 1096/279/389 1095/280/389
f 11/591/390 12/589/390 694/589/390 693/591/390
f 206/13/52 207/73/52 889/73/52 888/13/52
f 498/282/391 499/281/391 1181/281/391 1180/282/391
f 63/590/392 64/592/392 746/592/392 745/590/392
f 207/73/69 208/62/69 890/62/69 889/73/69
f 625/387/393 626/385/393 1308/385/393 1307/387/393
f 367/178/394 368/176/394 1050/176/394 1049/178/394
f 210/71/395 211/74/395 893/74/395 892/71/395
f 587/489/396 588/487/396 1270/487/396 1269/489/396
f 569/386/397 570/388/397 1252/388/397 1251/386/397
f 497/283/398 498/282/398 1180/282/398 1179/283/398
f 360/177/399 361/179/399 1043/179/399 1042/177/399
f 585/488/400 586/490/400 1268/490/400 1267/488/400
f 499/281/401 500/284/401 1182/284/401 1181/281/401
f 10/593/402 11/591/402 693/591/402 692/593/402
f 211/74/403 212/75/403 894/75/403 893/74/403
f 586/490/404 587/489/404 1269/489/404 1268/490/404
f 64/592/405 65/594/405 747/594/405 746/592/405
f 37/492/406 38/491/406 720/491/406 719/492/406
f 624/389/407 625/387/407 1307/387/407 1306/389/407
f 500/284/408 501/285/408 1183/285/408 1182/284/408
f 366/180/409 367/178/409 1049/178/409 1048/180/409
f 212/75/410 213/76/410 895/76/410 894/75/410
f 361/179/411 362/181/411 1044/181/411 1043/179/411
f 36/493/412 37/492/412 719/492/412 718/493/412
f 623/390/413 624/389/413 1306/389/413 1305/390/413
f 9/595/414 10/593/414 692/593/414 691/595/414
f 38/491/415 39/494/415 721/494/415 720/491/415
f 570/388/416 571/391/416 1253/391/416 1252/388/416
f 496/286/417 497/283/417 1179/283/417 1178/286/417
f 65/594/418 66/596/418 748/596/418 747/594/418
f 243/77/419 244/72/419 926/72/419 925/77/419
f 501/285/420 502/287/420 1184/287/420 1183/285/420
f 365/182/421 366/180/421 1048/180/421 1047/182/421
f 213/76/422 214/78/422 896/78/422 895/76/422
f 610/393/423 611/392/423 1293/392/423 1292/393/423
f 362/181/424 363/183/424 1045/183/424 1044/181/424
f 35/495/425 36/493/425 718/493/425 717/495/425
f 214/78/426 215/79/426 897/79/426 896/78/426
f 39/494/427 40/496/427 722/496/427 721/494/427
f 609/394/428 610/393/428 1292/393/428 1291/394/428
f 495/288/429 496/286/429 1178/286/429 1177/288/429
f 363/183/430 364/184/430 1046/184/430 1045/183/430
f 611/392/431 612/395/431 1294/395/431 1293/392/431
f 502/287/432 503/289/432 1185/289/432 1184/287/432
f 364/184/433 365/182/433 1047/182/433 1046/184/433
f 8/598/434 9/595/434 691/595/434 690/598/434
f 389/186/435 390/185/435 1072/185/435 1071/186/435
f 242/80/436 243/77/436 925/77/436 924/80/436
f 34/497/437 35/495/437 717/495/437 716/497/437
f 612/395/438 613/396/438 1295/396/438 1294/395/438
f 503/289/439 504/290/439 1186/290/439 1185/289/439
f 180/599/440 181/597/440 863/597/440 862/599/440
f 215/79/441 216/81/441 898/81/441 897/79/441
f 40/496/442 41/498/442 723/498/442 722/496/442
f 388/187/443 389/186/443 1071/186/443 1070/187/443
f 181/597/444 182/600/444 864/600/444 863/597/444
f 608/397/445 609/394/445 1291/394/445 1290/397/445
f 494/291/446 495/288/446 1177/288/446 1176/291/446
f 387/188/447 388/187/447 1070/187/447 1069/188/447
f 241/82/448 242/80/448 924/80/448 923/82/448
f 33/499/449 34/497/449 716/497/449 715/499/449
f 613/396/450 614/398/450 1296/398/450 1295/396/450
f 504/290/451 505/292/451 1187/292/451 1186/290/451
f 390/185/452 391/189/452 1073/189/452 1072/185/452
f 179/601/453 180/599/453 862/599/453 861/601/453
f 216/81/454 217/83/454 899/83/454 898/81/454
f 41/498/455 42/500/455 724/500/455 723/498/455
f 182/600/456 183/602/456 865/602/456 864/600/456
f 614/398/457 615/399/457 1297/399/457 1296/398/457
f 505/292/458 506/293/458 1188/293/458 1187/292/458
f 386/190/459 387/188/459 1069/188/459 1068/190/459
f 240/84/460 241/82/460 923/82/460 922/84/460
f 32/501/461 33/499/461 715/499/461 714/501/461
f 391/189/462 392/191/462 1074/191/462 1073/189/462
f 178/603/463 179/601/463 861/601/463 860/603/463
f 217/83/464 218/85/464 900/85/464 899/83/464
f 42/500/465 43/502/465 725/502/465 724/500/465
f 622/400/466 623/390/466 1305/390/466 1304/400/466
f 493/294/467 494/291/467 1176/291/467 1175/294/467
f 183/602/468 184/604/468 866/604/468 865/602/468
f 615/399/469 616/401/469 1298/401/469 1297/399/469
f 506/293/470 507/295/470 1189/295/470 1188/293/470
f 385/192/471 386/190/471 1068/190/471 1067/192/471
f 66/596/472 67/605/472 749/605/472 748/596/472
f 239/86/473 240/84/473 922/84/473 921/86/473
f 31/503/474 32/501/474 714/501/474 713/503/474
f 507/295/475 508/296/475 1190/296/475 1189/295/475
f 392/191/476 393/193/476 1075/193/476 1074/191/476
f 218/85/477 219/87/477 901/87/477 900/85/477
f 43/502/478 44/504/478 726/504/478 725/502/478
f 607/402/479 608/397/479 1290/397/479 1289/402/479
f 616/401/480 617/403/480 1299/403/480 1298/401/480
f 393/193/481 394/194/481 1076/194/481 1075/193/481
f 177/606/482 178/603/482 860/603/482 859/606/482
f 492/297/483 493/294/483 1175/294/483 1174/297/483
f 184/604/484 185/607/484 867/607/484 866/604/484
f 238/88/485 239/86/485 921/86/485 920/88/485
f 30/505/486 31/503/486 713/503/486 712/505/486
f 617/403/487 618/404/487 1300/404/487 1299/403/487
f 508/296/488 509/298/488 1191/298/488 1190/296/488
f 219/87/489 220/89/489 902/89/489 901/87/489
f 44/504/490 45/506/490 727/506/490 726/504/490
f 384/195/491 385/192/491 1067/192/491 1066/195/491
f 618/404/492 619/405/492 1301/405/492 1300/404/492
f 509/298/493 510/299/493 1192/299/493 1191/298/493
f 394/194/494 395/196/494 1077/196/494 1076/194/494
f 7/608/495 8/598/495 690/598/495 689/608/495
f 237/90/496 238/88/496 920/88/496 919/90/496
f 176/609/497 177/606/497 859/606/497 858/609/497
f 606/406/498 607/402/498 1289/402/498 1288/406/498
f 491/300/499 492/297/499 1174/297/499 1173/300/499
f 185/607/500 186/610/500 868/610/500 867/607/500
f 236/91/501 237/90/501 919/90/501 918/91/501
f 29/508/502 30/505/502 712/505/502 711/508/502
f 619/405/503 620/407/503 1302/407/503 1301/405/503
f 510/299/290 511/301/290 1193/301/290 1192/299/290
f 220/89/504 221/92/504 903/92/504 902/89/504
f 511/301/505 512/302/505 1194/302/505 1193/301/505
f 383/198/506 384/195/506 1066/195/506 1065/198/506
f 67/605/507 68/611/507 750/611/507 749/605/507
f 132/509/508 133/507/508 815/507/508 814/509/508
f 620/407/509 621/408/509 1303/408/509 1302/407/509
f 133/507/510 134/510/510 816/510/510 815/507/510
f 512/302/511 513/303/511 1195/303/511 1194/302/511
f 460/199/512 461/197/512 1143/197/512 1142/199/512
f 235/93/513 236/91/513 918/91/513 917/93/513
f 621/408/514 622/400/514 1304/400/514 1303/408/514
f 461/197/515 462/200/515 1144/200/515 1143/197/515
f 175/612/516 176/609/516 858/609/516 857/612/516
f 221/92/517 222/94/517 904/94/517 903/92/517
f 513/303/518 514/304/518 1196/304/518 1195/303/518
f 186/610/519 187/613/519 869/613/519 868/610/519
f 131/511/520 132/509/520 814/509/520 813/511/520
f 134/510/521 135/512/521 817/512/521 816/510/521
f 605/409/522 606/406/522 1288/406/522 1287/409/522
f 514/304/523 515/305/523 1197/305/523 1196/304/523
f 459/201/524 460/199/524 1142/199/524 1141/201/524
f 234/95/525 235/93/525 917/93/525 916/95/525
f 462/200/526 463/202/526 1145/202/526 1144/200/526
f 6/614/527 7/608/527 689/608/527 688/614/527
f 45/506/528 46/513/528 728/513/528 727/506/528
f 571/391/529 572/410/529 1254/410/529 1253/391/529
f 515/305/530 516/306/530 1198/306/530 1197/305/530
f 233/96/531 234/95/531 916/95/531 915/96/531
f 395/196/532 396/203/532 1078/203/532 1077/196/532
f 174/615/533 175/612/533 857/612/533 856/615/533
f 516/306/534 517/307/534 1199/307/534 1198/306/534
f 187/613/535 188/616/535 870/616/535 869/613/535
f 232/97/536 233/96/536 915/96/536 914/97/536
f 130/514/537 131/511/537 813/511/537 812/514/537
f 604/411/538 605/409/538 1287/409/538 1286/411/538
f 517/307/539 518/308/539 1200/308/539 1199/307/539
f 382/204/540 383/198/540 1065/198/540 1064/204/540
f 68/611/541 69/617/541 751/617/541 750/611/541
f 231/98/542 232/97/542 914/97/542 913/98/542
f 28/515/543 29/508/543 711/508/543 710/515/543
f 603/412/544 604/411/544 1286/411/544 1285/412/544
f 135/512/545 136/516/545 818/516/545 817/512/545
f 572/410/546 573/413/546 1255/413/546 1254/410/546
f 518/308/547 519/309/547 1201/309/547 1200/308/547
f 458/205/548 459/201/548 1141/201/548 1140/205/548
f 230/99/549 231/98/549 913/98/549 912/99/549
f 463/202/550 464/206/550 1146/206/550 1145/202/550
f 5/618/551 6/614/551 688/614/551 687/618/551
f 519/309/308 520/310/308 1202/310/308 1201/309/308
f 229/100/552 230/99/552 912/99/552 911/100/552
f 129/517/553 130/514/553 812/514/553 811/517/553
f 644/414/554 645/415/554 1327/415/554 1326/414/554
f 173/619/555 174/615/555 856/615/555 855/619/555
f 136/516/556 137/518/556 819/518/556 818/516/556
f 520/310/557 521/311/557 1203/311/557 1202/310/557
f 457/207/558 458/205/558 1140/205/558 1139/207/558
f 188/616/559 189/620/559 871/620/559 870/616/559
f 228/101/560 229/100/560 911/100/560 910/101/560
f 464/206/561 465/208/561 1147/208/561 1146/206/561
f 645/415/562 646/416/562 1328/416/562 1327/415/562
f 521/311/563 522/312/563 1204/312/563 1203/311/563
f 69/617/564 70/621/564 752/621/564 751/617/564
f 227/102/565 228/101/565 910/101/565 909/102/565
f 128/519/566 129/517/566 811/517/566 810/519/566
f 137/518/567 138/520/567 820/520/567 819/518/567
f 646/416/568 647/417/568 1329/417/568 1328/416/568
f 456/209/569 457/207/569 1139/207/569 1138/209/569
f 226/103/570 227/102/570 909/102/570 908/103/570
f 522/312/571 523/313/571 1205/313/571 1204/312/571
f 465/208/572 466/210/572 1148/210/572 1147/208/572
f 172/622/573 173/619/573 855/619/573 854/622/573
f 225/104/574 226/103/574 908/103/574 907/104/574
f 127/521/575 128/519/575 810/519/575 809/521/575
f 602/418/576 603/412/576 1285/412/576 1284/418/576
f 396/203/577 397/211/577 1079/211/577 1078/203/577
f 4/623/578 5/618/578 687/618/578 686/623/578
f 138/520/579 139/522/579 821/522/579 820/520/579
f 647/417/580 648/419/580 1330/419/580 1329/417/580
f 490/314/581 491/300/581 1173/300/581 1172/314/581
f 189/620/582 190/624/582 872/624/582 871/620/582
f 224/105/583 225/104/583 907/104/583 906/105/583
f 198/2/290 199/1/290 881/1/290 880/2/290
f 523/313/584 524/315/584 1206/315/584 1205/313/584
f 222/94/52 223/106/52 905/106/52 904/94/52
f 46/513/585 47/523/585 729/523/585 728/513/585
f 648/419/586 649/420/586 1331/420/586 1330/419/586
f 381/212/587 382/204/587 1064/204/587 1063/212/587
f 223/106/588 224/105/588 906/105/588 905/106/588
f 197/3/260 198/2/260 880/2/260 879/3/260
f 524/315/589 525/316/589 1207/316/589 1206/315/589
f 171/625/590 172/622/590 854/622/590 853/625/590
f 351/108/290 352/107/290 1034/107/290 1033/108/290
f 455/213/591 456/209/591 1138/209/591 1137/213/591
f 70/621/592 71/626/592 753/626/592 752/621/592
f 27/524/593 28/515/593 710/515/593 709/524/593
f 196/4/69 197/3/69 879/3/69 878/4/69
f 643/421/594 644/414/594 1326/414/594 1325/421/594
f 525/316/595 526/317/595 1208/317/595 1207/316/595
f 466/210/596 467/214/596 1149/214/596 1148/210/596
f 350/109/260 351/108/260 1033/108/260 1032/109/260
f 194/6/290 195/5/290 877/5/290 876/6/290
f 190/624/597 191/627/597 873/627/597 872/624/597
f 126/525/598 127/521/598 809/521/598 808/525/598
f 642/422/599 643/421/599 1325/421/599 1324/422/599
f 349/110/69 350/109/69 1032/109/69 1031/110/69
f 139/522/600 140/526/600 822/526/600 821/522/600
f 193/7/260 194/6/260 876/6/260 875/7/260
f 649/420/601 650/423/601 1332/423/601 1331/420/601
f 489/318/602 490/314/602 1172/314/602 1171/318/602
f 454/215/603 455/213/603 1137/213/603 1136/215/603
f 300/112/290 301/111/290 983/111/290 982/112/290
f 526/317/604 527/319/604 1209/319/604 1208/317/604
f 467/214/605 468/216/605 1150/216/605 1149/214/605
f 3/628/606 4/623/606 686/623/606 685/628/606
f 204/8/69 193/7/69 875/7/69 886/8/69
f 299/113/260 300/112/260 982/112/260 981/113/260
f 125/527/607 126/525/607 808/525/607 807/527/607
f 601/424/608 602/418/608 1284/418/608 1283/424/608
f 527/319/609 528/320/609 1210/320/609 1209/319/609
f 397/211/610 398/217/610 1080/217/610 1079/211/610
f 170/629/611 171/625/611 853/625/611 852/629/611
f 140/526/612 141/528/612 823/528/612 822/526/612
f 191/627/47 192/630/47 874/630/47 873/627/47
f 376/114/69 299/113/69 981/113/69 1058/114/69
f 641/425/613 642/422/613 1324/422/613 1323/425/613
f 528/320/614 529/321/614 1211/321/614 1210/320/614
f 301/111/615 302/115/615 984/115/615 983/111/615
f 195/5/260 196/4/260 878/4/260 877/5/260
f 380/218/616 381/212/616 1063/212/616 1062/218/616
f 71/626/617 72/631/617 754/631/617 753/626/617
f 124/529/618 125/527/618 807/527/618 806/529/618
f 201/9/52 202/10/52 884/10/52 883/9/52
f 640/426/619 641/425/619 1323/425/619 1322/426/619
f 47/523/620 48/530/620 730/530/620 729/523/620
f 650/423/621 651/427/621 1333/427/621 1332/423/621
f 488/322/622 489/318/622 1171/318/622 1170/322/622
f 453/219/623 454/215/623 1136/215/623 1135/219/623
f 348/116/624 349/110/624 1031/110/624 1030/116/624
f 529/321/625 530/323/625 1212/323/625 1211/321/625
f 468/216/626 469/220/626 1151/220/626 1150/216/626
f 2/632/627 3/628/627 685/628/627 684/632/627
f 302/115/628 303/117/628 985/117/628 984/115/628
f 141/528/629 142/531/629 824/531/629 823/528/629
f 199/1/52 200/11/52 882/11/52 881/1/52
f 200/11/69 201/9/69 883/9/69 882/11/69
f 639/428/630 640/426/630 1322/426/630 1321/428/630
f 530/323/631 531/324/631 1213/324/631 1212/323/631
f 398/217/632 399/221/632 1081/221/632 1080/217/632
f 169/633/633 170/629/633 852/629/633 851/633/633
f 202/10/290 203/12/290 885/12/290 884/10/290
f 651/427/634 652/429/634 1334/429/634 1333/427/634
f 192/630/635 145/634/635 827/634/635 874/630/635
f 375/118/636 376/114/636 1058/114/636 1057/118/636
f 26/532/637 27/524/637 709/524/637 708/532/637
f 203/12/52 204/8/52 886/8/52 885/12/52
f 205/14/290 206/13/290 888/13/290 887/14/290
f 487/325/638 488/322/638 1170/322/638 1169/325/638
f 379/222/639 380/218/639 1062/218/639 1061/222/639
f 72/631/640 73/635/640 755/635/640 754/631/640
f 347/119/641 348/116/641 1030/116/641 1029/119/641
f 123/533/642 124/529/642 806/529/642 805/533/642
f 638/430/643 639/428/643 1321/428/643 1320/430/643
f 531/324/644 532/326/644 1214/326/644 1213/324/644
f 352/107/645 353/120/645 1035/120/645 1034/107/645
f 142/531/646 143/534/646 825/534/646 824/531/646
f 452/223/647 453/219/647 1135/219/647 1134/223/647
f 637/431/648 638/430/648 1320/430/648 1319/431/648
f 532/326/649 533/327/649 1215/327/649 1214/326/649
f 469/220/650 470/224/650 1152/224/650 1151/220/650
f 1/636/651 2/632/651 684/632/651 683/636/651
f 303/117/652 304/121/652 986/121/652 985/117/652
f 271/16/260 205/14/260 887/14/260 953/16/260
f 652/429/653 653/432/653 1335/432/653 1334/429/653
f 122/535/654 123/533/654 805/533/654 804/535/654
